index,path,filename,label,split
0,data\raw\daisee\train\110001\1100011002\1100011002.npz,1100011002.npz,0,train
1,data\raw\daisee\train\110001\1100011003\1100011003.npz,1100011003.npz,0,train
2,data\raw\daisee\train\110001\1100011004\1100011004.npz,1100011004.npz,0,val
3,data\raw\daisee\train\110001\1100011005\1100011005.npz,1100011005.npz,0,test
4,data\raw\daisee\train\110001\1100011006\1100011006.npz,1100011006.npz,0,val
5,data\raw\daisee\train\110001\1100011007\1100011007.npz,1100011007.npz,0,test
6,data\raw\daisee\train\110001\1100011008\1100011008.npz,1100011008.npz,0,train
7,data\raw\daisee\train\110001\1100011009\1100011009.npz,1100011009.npz,0,train
8,data\raw\daisee\train\110001\1100011010\1100011010.npz,1100011010.npz,0,train
9,data\raw\daisee\train\110001\1100011011\1100011011.npz,1100011011.npz,0,val
10,data\raw\daisee\train\110001\1100011012\1100011012.npz,1100011012.npz,0,train
11,data\raw\daisee\train\110001\1100011013\1100011013.npz,1100011013.npz,0,train
12,data\raw\daisee\train\110001\1100011014\1100011014.npz,1100011014.npz,0,val
13,data\raw\daisee\train\110001\1100011015\1100011015.npz,1100011015.npz,0,train
14,data\raw\daisee\train\110001\1100011016\1100011016.npz,1100011016.npz,0,val
15,data\raw\daisee\train\110001\1100011017\1100011017.npz,1100011017.npz,0,val
16,data\raw\daisee\train\110001\1100011018\1100011018.npz,1100011018.npz,0,train
17,data\raw\daisee\train\110001\1100011019\1100011019.npz,1100011019.npz,0,train
18,data\raw\daisee\train\110001\1100011020\1100011020.npz,1100011020.npz,0,val
19,data\raw\daisee\train\110001\1100011021\1100011021.npz,1100011021.npz,0,train
20,data\raw\daisee\train\110001\1100011022\1100011022.npz,1100011022.npz,0,train
21,data\raw\daisee\train\110001\1100011023\1100011023.npz,1100011023.npz,0,train
22,data\raw\daisee\train\110001\1100011025\1100011025.npz,1100011025.npz,0,test
23,data\raw\daisee\train\110001\1100011026\1100011026.npz,1100011026.npz,0,train
24,data\raw\daisee\train\110001\1100011027\1100011027.npz,1100011027.npz,0,train
25,data\raw\daisee\train\110001\1100011028\1100011028.npz,1100011028.npz,0,train
26,data\raw\daisee\train\110001\1100011029\1100011029.npz,1100011029.npz,0,test
27,data\raw\daisee\train\110001\1100011031\1100011031.npz,1100011031.npz,0,train
28,data\raw\daisee\train\110001\1100011032\1100011032.npz,1100011032.npz,0,val
29,data\raw\daisee\train\110001\1100011034\1100011034.npz,1100011034.npz,0,val
30,data\raw\daisee\train\110001\1100011035\1100011035.npz,1100011035.npz,0,train
31,data\raw\daisee\train\110001\1100011037\1100011037.npz,1100011037.npz,0,train
32,data\raw\daisee\train\110001\1100011038\1100011038.npz,1100011038.npz,0,train
33,data\raw\daisee\train\110001\1100011040\1100011040.npz,1100011040.npz,0,train
34,data\raw\daisee\train\110001\1100011046\1100011046.npz,1100011046.npz,0,train
35,data\raw\daisee\train\110001\1100011047\1100011047.npz,1100011047.npz,0,test
36,data\raw\daisee\train\110001\1100011048\1100011048.npz,1100011048.npz,0,train
37,data\raw\daisee\train\110001\1100011049\1100011049.npz,1100011049.npz,0,train
38,data\raw\daisee\train\110001\1100011050\1100011050.npz,1100011050.npz,0,train
39,data\raw\daisee\train\110001\1100011051\1100011051.npz,1100011051.npz,0,train
40,data\raw\daisee\train\110001\1100011052\1100011052.npz,1100011052.npz,0,train
41,data\raw\daisee\train\110001\1100011053\1100011053.npz,1100011053.npz,0,test
42,data\raw\daisee\train\110001\1100011054\1100011054.npz,1100011054.npz,0,train
43,data\raw\daisee\train\110001\1100011055\1100011055.npz,1100011055.npz,0,test
44,data\raw\daisee\train\110001\1100011056\1100011056.npz,1100011056.npz,0,train
45,data\raw\daisee\train\110001\1100011057\1100011057.npz,1100011057.npz,0,val
46,data\raw\daisee\train\110001\1100011058\1100011058.npz,1100011058.npz,0,val
47,data\raw\daisee\train\110001\1100011059\1100011059.npz,1100011059.npz,0,train
48,data\raw\daisee\train\110001\1100011060\1100011060.npz,1100011060.npz,0,train
49,data\raw\daisee\train\110001\1100011062\1100011062.npz,1100011062.npz,0,val
50,data\raw\daisee\train\110001\1100011063\1100011063.npz,1100011063.npz,0,train
51,data\raw\daisee\train\110001\1100011064\1100011064.npz,1100011064.npz,0,train
52,data\raw\daisee\train\110001\1100011066\1100011066.npz,1100011066.npz,0,train
53,data\raw\daisee\train\110001\1100011067\1100011067.npz,1100011067.npz,0,test
54,data\raw\daisee\train\110001\1100011068\1100011068.npz,1100011068.npz,0,train
55,data\raw\daisee\train\110001\1100011069\1100011069.npz,1100011069.npz,0,test
56,data\raw\daisee\train\110001\1100011070\1100011070.npz,1100011070.npz,0,train
57,data\raw\daisee\train\110001\1100011071\1100011071.npz,1100011071.npz,0,train
58,data\raw\daisee\train\110001\1100011072\1100011072.npz,1100011072.npz,0,train
59,data\raw\daisee\train\110001\1100011073\1100011073.npz,1100011073.npz,0,val
60,data\raw\daisee\train\110001\1100011075\1100011075.npz,1100011075.npz,0,test
61,data\raw\daisee\train\110001\1100011076\1100011076.npz,1100011076.npz,0,val
62,data\raw\daisee\train\110001\1100011078\1100011078.npz,1100011078.npz,0,train
63,data\raw\daisee\train\110001\1100011079\1100011079.npz,1100011079.npz,0,train
64,data\raw\daisee\train\110001\1100011080\1100011080.npz,1100011080.npz,0,test
65,data\raw\daisee\train\110001\1100011081\1100011081.npz,1100011081.npz,0,train
66,data\raw\daisee\train\110001\1100011082\1100011082.npz,1100011082.npz,0,train
67,data\raw\daisee\train\110001\1100011083\1100011083.npz,1100011083.npz,0,test
68,data\raw\daisee\train\110001\1100012001\1100012001.npz,1100012001.npz,0,train
69,data\raw\daisee\train\110001\1100012003\1100012003.npz,1100012003.npz,0,train
70,data\raw\daisee\train\110001\1100012007\1100012007.npz,1100012007.npz,0,train
71,data\raw\daisee\train\110001\1100012008\1100012008.npz,1100012008.npz,0,val
72,data\raw\daisee\train\110001\1100012009\1100012009.npz,1100012009.npz,0,train
73,data\raw\daisee\train\110001\1100012010\1100012010.npz,1100012010.npz,0,train
74,data\raw\daisee\train\110001\1100012011\1100012011.npz,1100012011.npz,0,train
75,data\raw\daisee\train\110001\1100012013\1100012013.npz,1100012013.npz,0,val
76,data\raw\daisee\train\110001\1100012014\1100012014.npz,1100012014.npz,0,train
77,data\raw\daisee\train\110001\1100012015\1100012015.npz,1100012015.npz,0,train
78,data\raw\daisee\train\110001\1100012016\1100012016.npz,1100012016.npz,0,val
79,data\raw\daisee\train\110001\1100012017\1100012017.npz,1100012017.npz,0,val
80,data\raw\daisee\train\110001\1100012018\1100012018.npz,1100012018.npz,0,train
81,data\raw\daisee\train\110001\1100012021\1100012021.npz,1100012021.npz,0,val
82,data\raw\daisee\train\110001\1100012022\1100012022.npz,1100012022.npz,0,train
83,data\raw\daisee\train\110001\1100012023\1100012023.npz,1100012023.npz,0,test
84,data\raw\daisee\train\110001\1100012025\1100012025.npz,1100012025.npz,0,train
85,data\raw\daisee\train\110001\1100012026\1100012026.npz,1100012026.npz,0,train
86,data\raw\daisee\train\110001\1100012027\1100012027.npz,1100012027.npz,0,train
87,data\raw\daisee\train\110001\1100012028\1100012028.npz,1100012028.npz,0,test
88,data\raw\daisee\train\110001\1100012030\1100012030.npz,1100012030.npz,0,train
89,data\raw\daisee\train\110001\1100012031\1100012031.npz,1100012031.npz,0,train
90,data\raw\daisee\train\110001\1100012032\1100012032.npz,1100012032.npz,0,train
91,data\raw\daisee\train\110001\1100012033\1100012033.npz,1100012033.npz,0,train
92,data\raw\daisee\train\110001\1100012036\1100012036.npz,1100012036.npz,0,train
93,data\raw\daisee\train\110001\1100012037\1100012037.npz,1100012037.npz,0,test
94,data\raw\daisee\train\110001\1100012038\1100012038.npz,1100012038.npz,0,test
95,data\raw\daisee\train\110001\1100012041\1100012041.npz,1100012041.npz,0,train
96,data\raw\daisee\train\110001\1100012042\1100012042.npz,1100012042.npz,0,train
97,data\raw\daisee\train\110001\1100012045\1100012045.npz,1100012045.npz,0,val
98,data\raw\daisee\train\110001\1100012046\1100012046.npz,1100012046.npz,0,train
99,data\raw\daisee\train\110001\1100012047\1100012047.npz,1100012047.npz,0,train
100,data\raw\daisee\train\110001\1100012049\1100012049.npz,1100012049.npz,0,train
101,data\raw\daisee\train\110001\1100012050\1100012050.npz,1100012050.npz,0,train
102,data\raw\daisee\train\110001\1100012051\1100012051.npz,1100012051.npz,0,train
103,data\raw\daisee\train\110001\1100012052\1100012052.npz,1100012052.npz,0,test
104,data\raw\daisee\train\110001\1100012057\1100012057.npz,1100012057.npz,0,train
105,data\raw\daisee\train\110001\1100012059\1100012059.npz,1100012059.npz,0,train
106,data\raw\daisee\train\110001\1100012060\1100012060.npz,1100012060.npz,0,train
107,data\raw\daisee\train\110001\1100012061\1100012061.npz,1100012061.npz,0,val
108,data\raw\daisee\train\110001\1100012062\1100012062.npz,1100012062.npz,0,train
109,data\raw\daisee\train\110001\1100012063\1100012063.npz,1100012063.npz,0,test
110,data\raw\daisee\train\110001\1100012064\1100012064.npz,1100012064.npz,0,train
111,data\raw\daisee\train\110001\1100012065\1100012065.npz,1100012065.npz,0,val
112,data\raw\daisee\train\110001\1100012066\1100012066.npz,1100012066.npz,0,train
113,data\raw\daisee\train\110001\1100012069\1100012069.npz,1100012069.npz,0,test
114,data\raw\daisee\train\110002\1100021001\1100021001.npz,1100021001.npz,0,val
115,data\raw\daisee\train\110002\1100021015\1100021015.npz,1100021015.npz,1,train
116,data\raw\daisee\train\110002\1100021038\1100021038.npz,1100021038.npz,0,train
117,data\raw\daisee\train\110002\1100021039\1100021039.npz,1100021039.npz,0,train
118,data\raw\daisee\train\110002\1100021040\1100021040.npz,1100021040.npz,0,train
119,data\raw\daisee\train\110002\1100021045\1100021045.npz,1100021045.npz,0,train
120,data\raw\daisee\train\110002\1100021050\1100021050.npz,1100021050.npz,0,test
121,data\raw\daisee\train\110002\1100021055\1100021055.npz,1100021055.npz,1,train
122,data\raw\daisee\train\110002\1100022001\1100022001.npz,1100022001.npz,1,train
123,data\raw\daisee\train\110002\1100022002\1100022002.npz,1100022002.npz,1,val
124,data\raw\daisee\train\110002\1100022003\1100022003.npz,1100022003.npz,1,train
125,data\raw\daisee\train\110002\1100022004\1100022004.npz,1100022004.npz,1,test
126,data\raw\daisee\train\110002\1100022005\1100022005.npz,1100022005.npz,1,train
127,data\raw\daisee\train\110002\1100022008\1100022008.npz,1100022008.npz,1,train
128,data\raw\daisee\train\110002\1100022009\1100022009.npz,1100022009.npz,1,train
129,data\raw\daisee\train\110002\1100022014\1100022014.npz,1100022014.npz,0,test
130,data\raw\daisee\train\110002\1100022019\1100022019.npz,1100022019.npz,0,train
131,data\raw\daisee\train\110002\1100022020\1100022020.npz,1100022020.npz,0,train
132,data\raw\daisee\train\110002\1100022021\1100022021.npz,1100022021.npz,0,train
133,data\raw\daisee\train\110002\1100022022\1100022022.npz,1100022022.npz,1,train
134,data\raw\daisee\train\110002\1100022026\1100022026.npz,1100022026.npz,0,train
135,data\raw\daisee\train\110002\1100022027\1100022027.npz,1100022027.npz,0,test
136,data\raw\daisee\train\110002\1100022028\1100022028.npz,1100022028.npz,0,train
137,data\raw\daisee\train\110002\1100022029\1100022029.npz,1100022029.npz,0,train
138,data\raw\daisee\train\110002\1100022031\1100022031.npz,1100022031.npz,0,train
139,data\raw\daisee\train\110002\1100022035\1100022035.npz,1100022035.npz,0,train
140,data\raw\daisee\train\110002\1100022038\1100022038.npz,1100022038.npz,0,train
141,data\raw\daisee\train\110002\1100022039\1100022039.npz,1100022039.npz,0,train
142,data\raw\daisee\train\110002\1100022045\1100022045.npz,1100022045.npz,0,val
143,data\raw\daisee\train\110002\1100022046\1100022046.npz,1100022046.npz,0,train
144,data\raw\daisee\train\110002\1100022047\1100022047.npz,1100022047.npz,0,train
145,data\raw\daisee\train\110002\1100022048\1100022048.npz,1100022048.npz,0,train
146,data\raw\daisee\train\110002\1100022049\1100022049.npz,1100022049.npz,0,train
147,data\raw\daisee\train\110002\1100022051\1100022051.npz,1100022051.npz,0,val
148,data\raw\daisee\train\110002\1100022052\1100022052.npz,1100022052.npz,0,val
149,data\raw\daisee\train\110002\1100022053\1100022053.npz,1100022053.npz,0,train
150,data\raw\daisee\train\110002\1100022054\1100022054.npz,1100022054.npz,0,train
151,data\raw\daisee\train\110002\1100022055\1100022055.npz,1100022055.npz,0,test
152,data\raw\daisee\train\110002\1100022056\1100022056.npz,1100022056.npz,0,train
153,data\raw\daisee\train\110002\1100022057\1100022057.npz,1100022057.npz,0,train
154,data\raw\daisee\train\110004\1100041006\1100041006.npz,1100041006.npz,0,train
155,data\raw\daisee\train\110004\1100041015\1100041015.npz,1100041015.npz,1,train
156,data\raw\daisee\train\110004\1100041016\1100041016.npz,1100041016.npz,0,train
157,data\raw\daisee\train\110004\1100041017\1100041017.npz,1100041017.npz,1,train
158,data\raw\daisee\train\110004\1100041018\1100041018.npz,1100041018.npz,1,train
159,data\raw\daisee\train\110004\1100041021\1100041021.npz,1100041021.npz,0,train
160,data\raw\daisee\train\110004\1100041022\1100041022.npz,1100041022.npz,1,test
161,data\raw\daisee\train\110004\1100041023\1100041023.npz,1100041023.npz,1,train
162,data\raw\daisee\train\110004\1100041024\1100041024.npz,1100041024.npz,1,train
163,data\raw\daisee\train\110004\1100041029\1100041029.npz,1100041029.npz,0,train
164,data\raw\daisee\train\110004\1100041034\1100041034.npz,1100041034.npz,0,train
165,data\raw\daisee\train\110004\1100041044\1100041044.npz,1100041044.npz,0,train
166,data\raw\daisee\train\110004\1100041051\1100041051.npz,1100041051.npz,0,train
167,data\raw\daisee\train\110004\1100041052\1100041052.npz,1100041052.npz,0,train
168,data\raw\daisee\train\110004\1100042009\1100042009.npz,1100042009.npz,1,train
169,data\raw\daisee\train\110004\1100042010\1100042010.npz,1100042010.npz,1,train
170,data\raw\daisee\train\110004\1100042011\1100042011.npz,1100042011.npz,1,val
171,data\raw\daisee\train\110004\1100042017\1100042017.npz,1100042017.npz,1,train
172,data\raw\daisee\train\110004\1100042018\1100042018.npz,1100042018.npz,0,train
173,data\raw\daisee\train\110004\1100042019\1100042019.npz,1100042019.npz,0,test
174,data\raw\daisee\train\110004\1100042020\1100042020.npz,1100042020.npz,0,train
175,data\raw\daisee\train\110004\1100042023\1100042023.npz,1100042023.npz,1,train
176,data\raw\daisee\train\110004\1100042024\1100042024.npz,1100042024.npz,1,train
177,data\raw\daisee\train\110004\1100042025\1100042025.npz,1100042025.npz,0,test
178,data\raw\daisee\train\110004\1100042026\1100042026.npz,1100042026.npz,1,val
179,data\raw\daisee\train\110004\1100042029\1100042029.npz,1100042029.npz,0,train
180,data\raw\daisee\train\110004\1100042030\1100042030.npz,1100042030.npz,0,train
181,data\raw\daisee\train\110004\1100042031\1100042031.npz,1100042031.npz,1,train
182,data\raw\daisee\train\110004\1100042034\1100042034.npz,1100042034.npz,0,train
183,data\raw\daisee\train\110004\1100042040\1100042040.npz,1100042040.npz,0,test
184,data\raw\daisee\train\110004\1100042041\1100042041.npz,1100042041.npz,0,train
185,data\raw\daisee\train\110004\1100042058\1100042058.npz,1100042058.npz,0,train
186,data\raw\daisee\train\110004\1100042059\1100042059.npz,1100042059.npz,1,train
187,data\raw\daisee\train\110004\1100042060\1100042060.npz,1100042060.npz,1,train
188,data\raw\daisee\train\110005\1100051002\1100051002.npz,1100051002.npz,0,train
189,data\raw\daisee\train\110005\1100051004\1100051004.npz,1100051004.npz,1,train
190,data\raw\daisee\train\110005\1100051006\1100051006.npz,1100051006.npz,1,train
191,data\raw\daisee\train\110005\1100051007\1100051007.npz,1100051007.npz,1,train
192,data\raw\daisee\train\110005\1100051008\1100051008.npz,1100051008.npz,1,train
193,data\raw\daisee\train\110005\1100051009\1100051009.npz,1100051009.npz,1,train
194,data\raw\daisee\train\110005\1100051011\1100051011.npz,1100051011.npz,0,train
195,data\raw\daisee\train\110005\1100051012\1100051012.npz,1100051012.npz,0,test
196,data\raw\daisee\train\110005\1100051013\1100051013.npz,1100051013.npz,1,train
197,data\raw\daisee\train\110005\1100051014\1100051014.npz,1100051014.npz,0,train
198,data\raw\daisee\train\110005\1100051016\1100051016.npz,1100051016.npz,1,val
199,data\raw\daisee\train\110005\1100051017\1100051017.npz,1100051017.npz,1,train
200,data\raw\daisee\train\110005\1100051019\1100051019.npz,1100051019.npz,1,val
201,data\raw\daisee\train\110005\1100051020\1100051020.npz,1100051020.npz,0,train
202,data\raw\daisee\train\110005\1100051021\1100051021.npz,1100051021.npz,1,train
203,data\raw\daisee\train\110005\1100051022\1100051022.npz,1100051022.npz,1,train
204,data\raw\daisee\train\110005\1100051023\1100051023.npz,1100051023.npz,0,train
205,data\raw\daisee\train\110005\1100051024\1100051024.npz,1100051024.npz,1,val
206,data\raw\daisee\train\110005\1100051025\1100051025.npz,1100051025.npz,1,train
207,data\raw\daisee\train\110005\1100051026\1100051026.npz,1100051026.npz,1,train
208,data\raw\daisee\train\110005\1100051028\1100051028.npz,1100051028.npz,1,train
209,data\raw\daisee\train\110005\1100051029\1100051029.npz,1100051029.npz,1,test
210,data\raw\daisee\train\110005\1100051030\1100051030.npz,1100051030.npz,1,test
211,data\raw\daisee\train\110005\1100051031\1100051031.npz,1100051031.npz,1,train
212,data\raw\daisee\train\110005\1100051032\1100051032.npz,1100051032.npz,0,test
213,data\raw\daisee\train\110005\1100051033\1100051033.npz,1100051033.npz,1,train
214,data\raw\daisee\train\110005\1100051034\1100051034.npz,1100051034.npz,1,train
215,data\raw\daisee\train\110005\1100051035\1100051035.npz,1100051035.npz,1,val
216,data\raw\daisee\train\110005\1100051036\1100051036.npz,1100051036.npz,1,train
217,data\raw\daisee\train\110005\1100051037\1100051037.npz,1100051037.npz,1,train
218,data\raw\daisee\train\110005\1100051039\1100051039.npz,1100051039.npz,1,test
219,data\raw\daisee\train\110005\1100051041\1100051041.npz,1100051041.npz,0,train
220,data\raw\daisee\train\110005\1100051042\1100051042.npz,1100051042.npz,1,train
221,data\raw\daisee\train\110005\1100051044\1100051044.npz,1100051044.npz,0,train
222,data\raw\daisee\train\110005\1100051045\1100051045.npz,1100051045.npz,0,train
223,data\raw\daisee\train\110005\1100051046\1100051046.npz,1100051046.npz,0,train
224,data\raw\daisee\train\110005\1100051048\1100051048.npz,1100051048.npz,1,train
225,data\raw\daisee\train\110005\1100051049\1100051049.npz,1100051049.npz,1,test
226,data\raw\daisee\train\110005\1100051050\1100051050.npz,1100051050.npz,0,train
227,data\raw\daisee\train\110005\1100051051\1100051051.npz,1100051051.npz,0,train
228,data\raw\daisee\train\110005\1100051052\1100051052.npz,1100051052.npz,0,val
229,data\raw\daisee\train\110005\1100051053\1100051053.npz,1100051053.npz,1,train
230,data\raw\daisee\train\110005\1100051054\1100051054.npz,1100051054.npz,1,test
231,data\raw\daisee\train\110005\1100051055\1100051055.npz,1100051055.npz,0,train
232,data\raw\daisee\train\110005\1100051056\1100051056.npz,1100051056.npz,0,val
233,data\raw\daisee\train\110005\1100051057\1100051057.npz,1100051057.npz,1,train
234,data\raw\daisee\train\110005\1100051059\1100051059.npz,1100051059.npz,0,train
235,data\raw\daisee\train\110005\1100051061\1100051061.npz,1100051061.npz,1,val
236,data\raw\daisee\train\110005\1100051062\1100051062.npz,1100051062.npz,1,train
237,data\raw\daisee\train\110005\1100051064\1100051064.npz,1100051064.npz,1,test
238,data\raw\daisee\train\110005\1100051065\1100051065.npz,1100051065.npz,1,val
239,data\raw\daisee\train\110005\1100051066\1100051066.npz,1100051066.npz,1,train
240,data\raw\daisee\train\110005\1100051067\1100051067.npz,1100051067.npz,1,train
241,data\raw\daisee\train\110005\1100051068\1100051068.npz,1100051068.npz,0,train
242,data\raw\daisee\train\110005\1100051071\1100051071.npz,1100051071.npz,0,train
243,data\raw\daisee\train\110005\1100051076\1100051076.npz,1100051076.npz,1,train
244,data\raw\daisee\train\110005\1100051078\1100051078.npz,1100051078.npz,0,train
245,data\raw\daisee\train\110005\1100051079\1100051079.npz,1100051079.npz,0,test
246,data\raw\daisee\train\110005\1100052001\1100052001.npz,1100052001.npz,1,test
247,data\raw\daisee\train\110005\1100052002\1100052002.npz,1100052002.npz,0,train
248,data\raw\daisee\train\110005\1100052006\1100052006.npz,1100052006.npz,1,train
249,data\raw\daisee\train\110005\1100052007\1100052007.npz,1100052007.npz,0,test
250,data\raw\daisee\train\110005\1100052008\1100052008.npz,1100052008.npz,0,train
251,data\raw\daisee\train\110005\1100052009\1100052009.npz,1100052009.npz,0,train
252,data\raw\daisee\train\110005\1100052014\1100052014.npz,1100052014.npz,1,test
253,data\raw\daisee\train\110005\1100052023\1100052023.npz,1100052023.npz,0,train
254,data\raw\daisee\train\110005\1100052024\1100052024.npz,1100052024.npz,0,val
255,data\raw\daisee\train\110005\1100052026\1100052026.npz,1100052026.npz,0,train
256,data\raw\daisee\train\110005\1100052027\1100052027.npz,1100052027.npz,1,train
257,data\raw\daisee\train\110005\1100052028\1100052028.npz,1100052028.npz,1,train
258,data\raw\daisee\train\110005\1100052030\1100052030.npz,1100052030.npz,1,train
259,data\raw\daisee\train\110005\1100052031\1100052031.npz,1100052031.npz,0,train
260,data\raw\daisee\train\110005\1100052032\1100052032.npz,1100052032.npz,0,train
261,data\raw\daisee\train\110005\1100052033\1100052033.npz,1100052033.npz,0,train
262,data\raw\daisee\train\110005\1100052035\1100052035.npz,1100052035.npz,0,train
263,data\raw\daisee\train\110005\1100052036\1100052036.npz,1100052036.npz,0,train
264,data\raw\daisee\train\110005\1100052037\1100052037.npz,1100052037.npz,1,train
265,data\raw\daisee\train\110005\1100052038\1100052038.npz,1100052038.npz,1,train
266,data\raw\daisee\train\110005\1100052039\1100052039.npz,1100052039.npz,0,train
267,data\raw\daisee\train\110005\1100052040\1100052040.npz,1100052040.npz,1,train
268,data\raw\daisee\train\110005\1100052041\1100052041.npz,1100052041.npz,1,val
269,data\raw\daisee\train\110005\1100052047\1100052047.npz,1100052047.npz,0,test
270,data\raw\daisee\train\110005\1100052048\1100052048.npz,1100052048.npz,1,train
271,data\raw\daisee\train\110005\1100052049\1100052049.npz,1100052049.npz,0,train
272,data\raw\daisee\train\110005\1100052051\1100052051.npz,1100052051.npz,1,val
273,data\raw\daisee\train\110005\1100052055\1100052055.npz,1100052055.npz,0,train
274,data\raw\daisee\train\110005\1100052057\1100052057.npz,1100052057.npz,1,train
275,data\raw\daisee\train\110005\1100052060\1100052060.npz,1100052060.npz,0,test
276,data\raw\daisee\train\110005\1100052061\1100052061.npz,1100052061.npz,0,train
277,data\raw\daisee\train\110005\1100052062\1100052062.npz,1100052062.npz,1,test
278,data\raw\daisee\train\110005\1100052065\1100052065.npz,1100052065.npz,1,train
279,data\raw\daisee\train\110005\1100052068\1100052068.npz,1100052068.npz,1,train
280,data\raw\daisee\train\110005\1100052070\1100052070.npz,1100052070.npz,0,train
281,data\raw\daisee\train\110006\1100061009\1100061009.npz,1100061009.npz,0,test
282,data\raw\daisee\train\110006\1100061010\1100061010.npz,1100061010.npz,0,val
283,data\raw\daisee\train\110006\1100061011\1100061011.npz,1100061011.npz,0,val
284,data\raw\daisee\train\110006\1100061012\1100061012.npz,1100061012.npz,0,test
285,data\raw\daisee\train\110006\1100061013\1100061013.npz,1100061013.npz,0,train
286,data\raw\daisee\train\110006\1100061015\1100061015.npz,1100061015.npz,1,train
287,data\raw\daisee\train\110006\1100061016\1100061016.npz,1100061016.npz,0,train
288,data\raw\daisee\train\110006\1100061018\1100061018.npz,1100061018.npz,1,train
289,data\raw\daisee\train\110006\1100061019\1100061019.npz,1100061019.npz,0,train
290,data\raw\daisee\train\110006\1100061022\1100061022.npz,1100061022.npz,0,test
291,data\raw\daisee\train\110006\1100061023\1100061023.npz,1100061023.npz,0,train
292,data\raw\daisee\train\110006\1100061025\1100061025.npz,1100061025.npz,1,test
293,data\raw\daisee\train\110006\1100061027\1100061027.npz,1100061027.npz,0,train
294,data\raw\daisee\train\110006\1100061028\1100061028.npz,1100061028.npz,0,train
295,data\raw\daisee\train\110006\1100061030\1100061030.npz,1100061030.npz,0,test
296,data\raw\daisee\train\110006\1100061031\1100061031.npz,1100061031.npz,0,train
297,data\raw\daisee\train\110006\1100061032\1100061032.npz,1100061032.npz,0,val
298,data\raw\daisee\train\110006\1100061033\1100061033.npz,1100061033.npz,0,test
299,data\raw\daisee\train\110006\1100061034\1100061034.npz,1100061034.npz,0,train
300,data\raw\daisee\train\110006\1100061035\1100061035.npz,1100061035.npz,0,val
301,data\raw\daisee\train\110006\1100061036\1100061036.npz,1100061036.npz,0,train
302,data\raw\daisee\train\110006\1100061038\1100061038.npz,1100061038.npz,0,val
303,data\raw\daisee\train\110006\1100061039\1100061039.npz,1100061039.npz,0,train
304,data\raw\daisee\train\110006\1100061040\1100061040.npz,1100061040.npz,0,test
305,data\raw\daisee\train\110006\1100061042\1100061042.npz,1100061042.npz,0,train
306,data\raw\daisee\train\110006\1100061043\1100061043.npz,1100061043.npz,0,test
307,data\raw\daisee\train\110006\1100061044\1100061044.npz,1100061044.npz,0,test
308,data\raw\daisee\train\110006\1100061046\1100061046.npz,1100061046.npz,0,train
309,data\raw\daisee\train\110006\1100061047\1100061047.npz,1100061047.npz,0,train
310,data\raw\daisee\train\110006\1100061048\1100061048.npz,1100061048.npz,0,train
311,data\raw\daisee\train\110006\1100061049\1100061049.npz,1100061049.npz,0,train
312,data\raw\daisee\train\110006\1100061050\1100061050.npz,1100061050.npz,1,train
313,data\raw\daisee\train\110006\1100061051\1100061051.npz,1100061051.npz,0,val
314,data\raw\daisee\train\110006\1100061053\1100061053.npz,1100061053.npz,1,train
315,data\raw\daisee\train\110006\1100061057\1100061057.npz,1100061057.npz,0,train
316,data\raw\daisee\train\110006\1100061058\1100061058.npz,1100061058.npz,0,train
317,data\raw\daisee\train\110006\1100061061\1100061061.npz,1100061061.npz,0,train
318,data\raw\daisee\train\110006\1100061063\1100061063.npz,1100061063.npz,0,train
319,data\raw\daisee\train\110006\1100061064\1100061064.npz,1100061064.npz,0,train
320,data\raw\daisee\train\110006\1100061067\1100061067.npz,1100061067.npz,0,test
321,data\raw\daisee\train\110006\1100061068\1100061068.npz,1100061068.npz,0,train
322,data\raw\daisee\train\110006\1100061069\1100061069.npz,1100061069.npz,0,train
323,data\raw\daisee\train\110006\1100061073\1100061073.npz,1100061073.npz,0,test
324,data\raw\daisee\train\110006\1100061074\1100061074.npz,1100061074.npz,0,train
325,data\raw\daisee\train\110006\1100061077\1100061077.npz,1100061077.npz,0,train
326,data\raw\daisee\train\110006\1100061078\1100061078.npz,1100061078.npz,0,train
327,data\raw\daisee\train\110006\1100062004\1100062004.npz,1100062004.npz,0,train
328,data\raw\daisee\train\110006\1100062005\1100062005.npz,1100062005.npz,0,train
329,data\raw\daisee\train\110006\1100062007\1100062007.npz,1100062007.npz,0,train
330,data\raw\daisee\train\110006\1100062008\1100062008.npz,1100062008.npz,1,val
331,data\raw\daisee\train\110006\1100062009\1100062009.npz,1100062009.npz,0,train
332,data\raw\daisee\train\110006\1100062016\1100062016.npz,1100062016.npz,0,train
333,data\raw\daisee\train\110006\1100062017\1100062017.npz,1100062017.npz,0,train
334,data\raw\daisee\train\110006\1100062024\1100062024.npz,1100062024.npz,1,val
335,data\raw\daisee\train\110006\1100062028\1100062028.npz,1100062028.npz,1,train
336,data\raw\daisee\train\110006\1100062029\1100062029.npz,1100062029.npz,0,train
337,data\raw\daisee\train\110006\1100062036\1100062036.npz,1100062036.npz,1,train
338,data\raw\daisee\train\110006\1100062037\1100062037.npz,1100062037.npz,1,train
339,data\raw\daisee\train\110006\1100062044\1100062044.npz,1100062044.npz,1,test
340,data\raw\daisee\train\110006\1100062045\1100062045.npz,1100062045.npz,1,train
341,data\raw\daisee\train\110006\1100062046\1100062046.npz,1100062046.npz,1,train
342,data\raw\daisee\train\110006\1100062049\1100062049.npz,1100062049.npz,1,val
343,data\raw\daisee\train\110006\1100062051\1100062051.npz,1100062051.npz,1,test
344,data\raw\daisee\train\110006\1100062053\1100062053.npz,1100062053.npz,0,train
345,data\raw\daisee\train\110006\1100062054\1100062054.npz,1100062054.npz,1,train
346,data\raw\daisee\train\110006\1100062059\1100062059.npz,1100062059.npz,0,train
347,data\raw\daisee\train\110006\1100062060\1100062060.npz,1100062060.npz,1,test
348,data\raw\daisee\train\110006\1100062061\1100062061.npz,1100062061.npz,0,train
349,data\raw\daisee\train\110006\1100062062\1100062062.npz,1100062062.npz,0,test
350,data\raw\daisee\train\110006\1100062063\1100062063.npz,1100062063.npz,1,train
351,data\raw\daisee\train\110006\1100062064\1100062064.npz,1100062064.npz,1,train
352,data\raw\daisee\train\110006\1100062065\1100062065.npz,1100062065.npz,0,train
353,data\raw\daisee\train\110006\1100062066\1100062066.npz,1100062066.npz,1,train
354,data\raw\daisee\train\110006\1100062067\1100062067.npz,1100062067.npz,0,val
355,data\raw\daisee\train\110006\1100062068\1100062068.npz,1100062068.npz,1,train
356,data\raw\daisee\train\110006\1100062069\1100062069.npz,1100062069.npz,0,test
357,data\raw\daisee\train\110006\1100062070\1100062070.npz,1100062070.npz,1,train
358,data\raw\daisee\train\110006\1100062071\1100062071.npz,1100062071.npz,0,val
359,data\raw\daisee\train\110006\1100062072\1100062072.npz,1100062072.npz,1,train
360,data\raw\daisee\train\110007\1100071005\1100071005.npz,1100071005.npz,1,train
361,data\raw\daisee\train\110007\1100071006\1100071006.npz,1100071006.npz,1,train
362,data\raw\daisee\train\110007\1100071007\1100071007.npz,1100071007.npz,1,val
363,data\raw\daisee\train\110007\1100071008\1100071008.npz,1100071008.npz,1,test
364,data\raw\daisee\train\110007\1100071009\1100071009.npz,1100071009.npz,1,train
365,data\raw\daisee\train\110007\1100071010\1100071010.npz,1100071010.npz,1,train
366,data\raw\daisee\train\110007\1100071011\1100071011.npz,1100071011.npz,1,test
367,data\raw\daisee\train\110007\1100071012\1100071012.npz,1100071012.npz,0,train
368,data\raw\daisee\train\110007\1100071013\1100071013.npz,1100071013.npz,0,train
369,data\raw\daisee\train\110007\1100071014\1100071014.npz,1100071014.npz,0,test
370,data\raw\daisee\train\110007\1100071015\1100071015.npz,1100071015.npz,1,train
371,data\raw\daisee\train\110007\1100071016\1100071016.npz,1100071016.npz,0,train
372,data\raw\daisee\train\110007\1100071017\1100071017.npz,1100071017.npz,0,train
373,data\raw\daisee\train\110007\1100071018\1100071018.npz,1100071018.npz,0,test
374,data\raw\daisee\train\110007\1100071019\1100071019.npz,1100071019.npz,0,val
375,data\raw\daisee\train\110007\1100071020\1100071020.npz,1100071020.npz,1,train
376,data\raw\daisee\train\110007\1100071021\1100071021.npz,1100071021.npz,1,train
377,data\raw\daisee\train\110007\1100071022\1100071022.npz,1100071022.npz,1,train
378,data\raw\daisee\train\110007\1100071023\1100071023.npz,1100071023.npz,1,train
379,data\raw\daisee\train\110007\1100071024\1100071024.npz,1100071024.npz,1,val
380,data\raw\daisee\train\110007\1100071026\1100071026.npz,1100071026.npz,1,train
381,data\raw\daisee\train\110007\1100071027\1100071027.npz,1100071027.npz,1,train
382,data\raw\daisee\train\110007\1100071028\1100071028.npz,1100071028.npz,1,train
383,data\raw\daisee\train\110007\1100071029\1100071029.npz,1100071029.npz,1,test
384,data\raw\daisee\train\110007\1100071030\1100071030.npz,1100071030.npz,0,train
385,data\raw\daisee\train\110007\1100071031\1100071031.npz,1100071031.npz,1,train
386,data\raw\daisee\train\110007\1100071032\1100071032.npz,1100071032.npz,1,train
387,data\raw\daisee\train\110007\1100071033\1100071033.npz,1100071033.npz,1,val
388,data\raw\daisee\train\110007\1100071034\1100071034.npz,1100071034.npz,0,test
389,data\raw\daisee\train\110007\1100071035\1100071035.npz,1100071035.npz,0,val
390,data\raw\daisee\train\110007\1100071036\1100071036.npz,1100071036.npz,0,test
391,data\raw\daisee\train\110007\1100071037\1100071037.npz,1100071037.npz,1,train
392,data\raw\daisee\train\110007\1100071040\1100071040.npz,1100071040.npz,1,train
393,data\raw\daisee\train\110007\1100071041\1100071041.npz,1100071041.npz,1,val
394,data\raw\daisee\train\110007\1100071042\1100071042.npz,1100071042.npz,1,train
395,data\raw\daisee\train\110007\1100071043\1100071043.npz,1100071043.npz,1,train
396,data\raw\daisee\train\110007\1100071044\1100071044.npz,1100071044.npz,1,train
397,data\raw\daisee\train\110007\1100071045\1100071045.npz,1100071045.npz,1,train
398,data\raw\daisee\train\110007\1100071046\1100071046.npz,1100071046.npz,1,train
399,data\raw\daisee\train\110007\1100071047\1100071047.npz,1100071047.npz,1,train
400,data\raw\daisee\train\110007\1100071049\1100071049.npz,1100071049.npz,0,test
401,data\raw\daisee\train\110007\1100071050\1100071050.npz,1100071050.npz,1,train
402,data\raw\daisee\train\110007\1100071052\1100071052.npz,1100071052.npz,1,train
403,data\raw\daisee\train\110007\1100071054\1100071054.npz,1100071054.npz,0,train
404,data\raw\daisee\train\110007\1100071055\1100071055.npz,1100071055.npz,0,test
405,data\raw\daisee\train\110007\1100071056\1100071056.npz,1100071056.npz,0,train
406,data\raw\daisee\train\110007\1100071057\1100071057.npz,1100071057.npz,1,train
407,data\raw\daisee\train\110007\1100071058\1100071058.npz,1100071058.npz,1,train
408,data\raw\daisee\train\110007\1100071059\1100071059.npz,1100071059.npz,0,train
409,data\raw\daisee\train\110007\1100071060\1100071060.npz,1100071060.npz,0,train
410,data\raw\daisee\train\110007\1100071061\1100071061.npz,1100071061.npz,1,train
411,data\raw\daisee\train\110007\1100071062\1100071062.npz,1100071062.npz,1,train
412,data\raw\daisee\train\110007\1100071063\1100071063.npz,1100071063.npz,0,train
413,data\raw\daisee\train\110007\1100071064\1100071064.npz,1100071064.npz,0,train
414,data\raw\daisee\train\110007\1100071065\1100071065.npz,1100071065.npz,1,val
415,data\raw\daisee\train\110007\1100071066\1100071066.npz,1100071066.npz,1,train
416,data\raw\daisee\train\110007\1100071067\1100071067.npz,1100071067.npz,0,train
417,data\raw\daisee\train\110007\1100071069\1100071069.npz,1100071069.npz,0,train
418,data\raw\daisee\train\110007\1100071070\1100071070.npz,1100071070.npz,0,test
419,data\raw\daisee\train\110007\1100071071\1100071071.npz,1100071071.npz,1,train
420,data\raw\daisee\train\110007\1100071072\1100071072.npz,1100071072.npz,1,train
421,data\raw\daisee\train\110007\1100071073\1100071073.npz,1100071073.npz,0,train
422,data\raw\daisee\train\110007\1100071074\1100071074.npz,1100071074.npz,1,train
423,data\raw\daisee\train\110007\1100071075\1100071075.npz,1100071075.npz,1,train
424,data\raw\daisee\train\110007\1100071076\1100071076.npz,1100071076.npz,1,train
425,data\raw\daisee\train\110007\1100071077\1100071077.npz,1100071077.npz,0,train
426,data\raw\daisee\train\110007\1100071078\1100071078.npz,1100071078.npz,0,train
427,data\raw\daisee\train\110007\1100071079\1100071079.npz,1100071079.npz,0,train
428,data\raw\daisee\train\110007\1100071080\1100071080.npz,1100071080.npz,0,test
429,data\raw\daisee\train\110007\1100071081\1100071081.npz,1100071081.npz,0,train
430,data\raw\daisee\train\110007\1100072001\1100072001.npz,1100072001.npz,1,train
431,data\raw\daisee\train\110007\1100072002\1100072002.npz,1100072002.npz,0,train
432,data\raw\daisee\train\110007\1100072003\1100072003.npz,1100072003.npz,0,val
433,data\raw\daisee\train\110007\1100072004\1100072004.npz,1100072004.npz,1,val
434,data\raw\daisee\train\110007\1100072006\1100072006.npz,1100072006.npz,0,test
435,data\raw\daisee\train\110007\1100072007\1100072007.npz,1100072007.npz,0,train
436,data\raw\daisee\train\110007\1100072008\1100072008.npz,1100072008.npz,1,train
437,data\raw\daisee\train\110007\1100072009\1100072009.npz,1100072009.npz,0,train
438,data\raw\daisee\train\110007\1100072010\1100072010.npz,1100072010.npz,1,train
439,data\raw\daisee\train\110007\1100072011\1100072011.npz,1100072011.npz,1,train
440,data\raw\daisee\train\110007\1100072012\1100072012.npz,1100072012.npz,0,train
441,data\raw\daisee\train\110007\1100072013\1100072013.npz,1100072013.npz,0,train
442,data\raw\daisee\train\110007\1100072014\1100072014.npz,1100072014.npz,0,train
443,data\raw\daisee\train\110007\1100072015\1100072015.npz,1100072015.npz,1,test
444,data\raw\daisee\train\110007\1100072016\1100072016.npz,1100072016.npz,1,train
445,data\raw\daisee\train\110007\1100072021\1100072021.npz,1100072021.npz,1,train
446,data\raw\daisee\train\110007\1100072022\1100072022.npz,1100072022.npz,0,train
447,data\raw\daisee\train\110007\1100072023\1100072023.npz,1100072023.npz,0,val
448,data\raw\daisee\train\110007\1100072024\1100072024.npz,1100072024.npz,0,train
449,data\raw\daisee\train\110007\1100072027\1100072027.npz,1100072027.npz,0,test
450,data\raw\daisee\train\110007\1100072028\1100072028.npz,1100072028.npz,1,train
451,data\raw\daisee\train\110007\1100072029\1100072029.npz,1100072029.npz,0,train
452,data\raw\daisee\train\110007\1100072030\1100072030.npz,1100072030.npz,1,val
453,data\raw\daisee\train\110007\1100072031\1100072031.npz,1100072031.npz,1,train
454,data\raw\daisee\train\110007\1100072032\1100072032.npz,1100072032.npz,1,val
455,data\raw\daisee\train\110007\1100072033\1100072033.npz,1100072033.npz,0,train
456,data\raw\daisee\train\110007\1100072034\1100072034.npz,1100072034.npz,1,train
457,data\raw\daisee\train\110007\1100072036\1100072036.npz,1100072036.npz,1,train
458,data\raw\daisee\train\110007\1100072037\1100072037.npz,1100072037.npz,1,train
459,data\raw\daisee\train\110007\1100072038\1100072038.npz,1100072038.npz,0,train
460,data\raw\daisee\train\110007\1100072039\1100072039.npz,1100072039.npz,0,train
461,data\raw\daisee\train\110007\1100072040\1100072040.npz,1100072040.npz,0,train
462,data\raw\daisee\train\110007\1100072042\1100072042.npz,1100072042.npz,0,train
463,data\raw\daisee\train\110007\1100072043\1100072043.npz,1100072043.npz,1,val
464,data\raw\daisee\train\110007\1100072045\1100072045.npz,1100072045.npz,1,test
465,data\raw\daisee\train\110007\1100072047\1100072047.npz,1100072047.npz,1,test
466,data\raw\daisee\train\110007\1100072048\1100072048.npz,1100072048.npz,1,test
467,data\raw\daisee\train\110007\1100072049\1100072049.npz,1100072049.npz,0,test
468,data\raw\daisee\train\110007\1100072050\1100072050.npz,1100072050.npz,1,val
469,data\raw\daisee\train\110007\1100072051\1100072051.npz,1100072051.npz,0,test
470,data\raw\daisee\train\110007\1100072052\1100072052.npz,1100072052.npz,1,val
471,data\raw\daisee\train\110007\1100072053\1100072053.npz,1100072053.npz,0,train
472,data\raw\daisee\train\110007\1100072054\1100072054.npz,1100072054.npz,0,train
473,data\raw\daisee\train\110007\1100072056\1100072056.npz,1100072056.npz,1,train
474,data\raw\daisee\train\110007\1100072057\1100072057.npz,1100072057.npz,1,train
475,data\raw\daisee\train\110007\1100072058\1100072058.npz,1100072058.npz,0,train
476,data\raw\daisee\train\110007\1100072059\1100072059.npz,1100072059.npz,1,test
477,data\raw\daisee\train\110007\1100072060\1100072060.npz,1100072060.npz,1,train
478,data\raw\daisee\train\110007\1100072061\1100072061.npz,1100072061.npz,1,train
479,data\raw\daisee\train\110007\1100072062\1100072062.npz,1100072062.npz,1,train
480,data\raw\daisee\train\110007\1100072063\1100072063.npz,1100072063.npz,0,train
481,data\raw\daisee\train\110007\1100072065\1100072065.npz,1100072065.npz,0,train
482,data\raw\daisee\train\110007\1100072066\1100072066.npz,1100072066.npz,0,train
483,data\raw\daisee\train\110007\1100072067\1100072067.npz,1100072067.npz,1,train
484,data\raw\daisee\train\110007\1100072068\1100072068.npz,1100072068.npz,0,val
485,data\raw\daisee\train\110007\1100072069\1100072069.npz,1100072069.npz,0,train
486,data\raw\daisee\train\110007\1100072070\1100072070.npz,1100072070.npz,1,train
487,data\raw\daisee\train\110007\1100072071\1100072071.npz,1100072071.npz,0,train
488,data\raw\daisee\train\110007\1100072072\1100072072.npz,1100072072.npz,0,train
489,data\raw\daisee\train\110007\1100072073\1100072073.npz,1100072073.npz,1,train
490,data\raw\daisee\train\110007\1100072074\1100072074.npz,1100072074.npz,1,train
491,data\raw\daisee\train\110007\1100072075\1100072075.npz,1100072075.npz,1,train
492,data\raw\daisee\train\110007\1100072076\1100072076.npz,1100072076.npz,1,train
493,data\raw\daisee\train\110007\1100072077\1100072077.npz,1100072077.npz,0,train
494,data\raw\daisee\train\110007\1100072078\1100072078.npz,1100072078.npz,1,train
495,data\raw\daisee\train\110007\1100072079\1100072079.npz,1100072079.npz,0,train
496,data\raw\daisee\train\110007\1100072080\1100072080.npz,1100072080.npz,1,train
497,data\raw\daisee\train\110007\1100072081\1100072081.npz,1100072081.npz,0,train
498,data\raw\daisee\train\110007\1100072082\1100072082.npz,1100072082.npz,1,train
499,data\raw\daisee\train\110007\1100072083\1100072083.npz,1100072083.npz,0,train
500,data\raw\daisee\train\110007\1100072084\1100072084.npz,1100072084.npz,0,train
501,data\raw\daisee\train\110007\1100072085\1100072085.npz,1100072085.npz,1,train
502,data\raw\daisee\train\110008\1100081044\1100081044.npz,1100081044.npz,0,train
503,data\raw\daisee\train\110008\1100081045\1100081045.npz,1100081045.npz,0,train
504,data\raw\daisee\train\110008\1100081046\1100081046.npz,1100081046.npz,0,train
505,data\raw\daisee\train\110008\1100081047\1100081047.npz,1100081047.npz,0,train
506,data\raw\daisee\train\110008\1100081048\1100081048.npz,1100081048.npz,0,train
507,data\raw\daisee\train\110008\1100082002\1100082002.npz,1100082002.npz,0,train
508,data\raw\daisee\train\110008\1100082003\1100082003.npz,1100082003.npz,0,val
509,data\raw\daisee\train\110008\1100082018\1100082018.npz,1100082018.npz,0,train
510,data\raw\daisee\train\110008\1100082027\1100082027.npz,1100082027.npz,0,train
511,data\raw\daisee\train\110010\1100102003\1100102003.npz,1100102003.npz,1,train
512,data\raw\daisee\train\110011\1100111001\1100111001.npz,1100111001.npz,0,train
513,data\raw\daisee\train\110011\1100111002\1100111002.npz,1100111002.npz,0,train
514,data\raw\daisee\train\110011\1100111003\1100111003.npz,1100111003.npz,0,train
515,data\raw\daisee\train\110011\1100111008\1100111008.npz,1100111008.npz,0,test
516,data\raw\daisee\train\110011\1100111009\1100111009.npz,1100111009.npz,0,train
517,data\raw\daisee\train\110011\1100111010\1100111010.npz,1100111010.npz,0,train
518,data\raw\daisee\train\110011\1100111011\1100111011.npz,1100111011.npz,0,train
519,data\raw\daisee\train\110011\1100111012\1100111012.npz,1100111012.npz,0,train
520,data\raw\daisee\train\110011\1100111013\1100111013.npz,1100111013.npz,0,test
521,data\raw\daisee\train\110011\1100111014\1100111014.npz,1100111014.npz,1,test
522,data\raw\daisee\train\110011\1100111016\1100111016.npz,1100111016.npz,0,train
523,data\raw\daisee\train\110011\1100111017\1100111017.npz,1100111017.npz,0,test
524,data\raw\daisee\train\110011\1100111018\1100111018.npz,1100111018.npz,1,val
525,data\raw\daisee\train\110011\1100111019\1100111019.npz,1100111019.npz,0,train
526,data\raw\daisee\train\110011\1100111021\1100111021.npz,1100111021.npz,0,test
527,data\raw\daisee\train\110011\1100111023\1100111023.npz,1100111023.npz,0,val
528,data\raw\daisee\train\110011\1100111025\1100111025.npz,1100111025.npz,0,test
529,data\raw\daisee\train\110011\1100111026\1100111026.npz,1100111026.npz,0,test
530,data\raw\daisee\train\110011\1100111027\1100111027.npz,1100111027.npz,0,train
531,data\raw\daisee\train\110011\1100111029\1100111029.npz,1100111029.npz,1,train
532,data\raw\daisee\train\110011\1100111030\1100111030.npz,1100111030.npz,0,val
533,data\raw\daisee\train\110011\1100111032\1100111032.npz,1100111032.npz,0,train
534,data\raw\daisee\train\110011\1100112001\1100112001.npz,1100112001.npz,0,train
535,data\raw\daisee\train\110011\1100112002\1100112002.npz,1100112002.npz,1,train
536,data\raw\daisee\train\110011\1100112003\1100112003.npz,1100112003.npz,0,train
537,data\raw\daisee\train\110011\1100112004\1100112004.npz,1100112004.npz,0,train
538,data\raw\daisee\train\110011\1100112007\1100112007.npz,1100112007.npz,0,train
539,data\raw\daisee\train\110011\1100112008\1100112008.npz,1100112008.npz,0,train
540,data\raw\daisee\train\110011\1100112009\1100112009.npz,1100112009.npz,0,train
541,data\raw\daisee\train\110011\1100112010\1100112010.npz,1100112010.npz,0,train
542,data\raw\daisee\train\110011\1100112011\1100112011.npz,1100112011.npz,0,train
543,data\raw\daisee\train\110011\1100112012\1100112012.npz,1100112012.npz,0,test
544,data\raw\daisee\train\110011\1100112013\1100112013.npz,1100112013.npz,0,train
545,data\raw\daisee\train\110011\1100112014\1100112014.npz,1100112014.npz,0,train
546,data\raw\daisee\train\110011\1100112015\1100112015.npz,1100112015.npz,0,train
547,data\raw\daisee\train\110011\1100112016\1100112016.npz,1100112016.npz,0,train
548,data\raw\daisee\train\110011\1100112017\1100112017.npz,1100112017.npz,0,train
549,data\raw\daisee\train\110011\1100112018\1100112018.npz,1100112018.npz,0,train
550,data\raw\daisee\train\110011\1100112021\1100112021.npz,1100112021.npz,0,train
551,data\raw\daisee\train\110011\1100112022\1100112022.npz,1100112022.npz,0,train
552,data\raw\daisee\train\110011\1100112024\1100112024.npz,1100112024.npz,0,train
553,data\raw\daisee\train\110011\1100112025\1100112025.npz,1100112025.npz,0,train
554,data\raw\daisee\train\110011\1100112026\1100112026.npz,1100112026.npz,1,train
555,data\raw\daisee\train\110011\1100112029\1100112029.npz,1100112029.npz,0,train
556,data\raw\daisee\train\110011\1100112030\1100112030.npz,1100112030.npz,0,test
557,data\raw\daisee\train\110011\1100112033\1100112033.npz,1100112033.npz,0,train
558,data\raw\daisee\train\110011\1100112035\1100112035.npz,1100112035.npz,0,train
559,data\raw\daisee\train\110011\1100112036\1100112036.npz,1100112036.npz,0,train
560,data\raw\daisee\train\110011\1100112037\1100112037.npz,1100112037.npz,0,val
561,data\raw\daisee\train\110011\1100112038\1100112038.npz,1100112038.npz,1,train
562,data\raw\daisee\train\110011\1100112039\1100112039.npz,1100112039.npz,0,train
563,data\raw\daisee\train\110011\1100112040\1100112040.npz,1100112040.npz,0,train
564,data\raw\daisee\train\110011\1100112041\1100112041.npz,1100112041.npz,0,train
565,data\raw\daisee\train\110011\1100112042\1100112042.npz,1100112042.npz,0,val
566,data\raw\daisee\train\110011\1100112043\1100112043.npz,1100112043.npz,0,train
567,data\raw\daisee\train\110011\1100112044\1100112044.npz,1100112044.npz,0,test
568,data\raw\daisee\train\110011\1100112045\1100112045.npz,1100112045.npz,1,val
569,data\raw\daisee\train\110011\1100112047\1100112047.npz,1100112047.npz,1,test
570,data\raw\daisee\train\110011\1100112048\1100112048.npz,1100112048.npz,0,train
571,data\raw\daisee\train\110011\1100112051\1100112051.npz,1100112051.npz,0,train
572,data\raw\daisee\train\110011\1100112052\1100112052.npz,1100112052.npz,0,train
573,data\raw\daisee\train\110011\1100112053\1100112053.npz,1100112053.npz,0,train
574,data\raw\daisee\train\110011\1100112056\1100112056.npz,1100112056.npz,0,train
575,data\raw\daisee\train\110011\1100112057\1100112057.npz,1100112057.npz,0,train
576,data\raw\daisee\train\110011\1100112058\1100112058.npz,1100112058.npz,0,test
577,data\raw\daisee\train\110011\1100112059\1100112059.npz,1100112059.npz,0,train
578,data\raw\daisee\train\110011\1100112060\1100112060.npz,1100112060.npz,0,test
579,data\raw\daisee\train\110011\1100112061\1100112061.npz,1100112061.npz,0,test
580,data\raw\daisee\train\110011\1100112062\1100112062.npz,1100112062.npz,0,train
581,data\raw\daisee\train\110011\1100112063\1100112063.npz,1100112063.npz,0,test
582,data\raw\daisee\train\110011\1100112064\1100112064.npz,1100112064.npz,0,train
583,data\raw\daisee\train\110011\1100112065\1100112065.npz,1100112065.npz,0,train
584,data\raw\daisee\train\110011\1100112066\1100112066.npz,1100112066.npz,0,train
585,data\raw\daisee\train\110011\1100112068\1100112068.npz,1100112068.npz,0,test
586,data\raw\daisee\train\110012\1100121002\1100121002.npz,1100121002.npz,0,val
587,data\raw\daisee\train\110012\1100121003\1100121003.npz,1100121003.npz,0,test
588,data\raw\daisee\train\110012\1100121004\1100121004.npz,1100121004.npz,0,train
589,data\raw\daisee\train\110012\1100121005\1100121005.npz,1100121005.npz,0,train
590,data\raw\daisee\train\110012\1100121006\1100121006.npz,1100121006.npz,0,train
591,data\raw\daisee\train\110012\1100121007\1100121007.npz,1100121007.npz,0,val
592,data\raw\daisee\train\110012\1100121008\1100121008.npz,1100121008.npz,0,train
593,data\raw\daisee\train\110012\1100121009\1100121009.npz,1100121009.npz,0,train
594,data\raw\daisee\train\110012\1100121010\1100121010.npz,1100121010.npz,0,train
595,data\raw\daisee\train\110012\1100121011\1100121011.npz,1100121011.npz,0,test
596,data\raw\daisee\train\110012\1100121012\1100121012.npz,1100121012.npz,0,train
597,data\raw\daisee\train\110012\1100121015\1100121015.npz,1100121015.npz,1,test
598,data\raw\daisee\train\110012\1100121016\1100121016.npz,1100121016.npz,0,train
599,data\raw\daisee\train\110012\1100121017\1100121017.npz,1100121017.npz,0,val
600,data\raw\daisee\train\110012\1100121018\1100121018.npz,1100121018.npz,0,train
601,data\raw\daisee\train\110012\1100121019\1100121019.npz,1100121019.npz,0,val
602,data\raw\daisee\train\110012\1100121020\1100121020.npz,1100121020.npz,1,train
603,data\raw\daisee\train\110012\1100121024\1100121024.npz,1100121024.npz,1,train
604,data\raw\daisee\train\110012\1100121025\1100121025.npz,1100121025.npz,1,train
605,data\raw\daisee\train\110012\1100121028\1100121028.npz,1100121028.npz,0,train
606,data\raw\daisee\train\110012\1100121031\1100121031.npz,1100121031.npz,1,val
607,data\raw\daisee\train\110012\1100121032\1100121032.npz,1100121032.npz,0,val
608,data\raw\daisee\train\110012\1100121033\1100121033.npz,1100121033.npz,0,test
609,data\raw\daisee\train\110012\1100121034\1100121034.npz,1100121034.npz,1,train
610,data\raw\daisee\train\110012\1100121035\1100121035.npz,1100121035.npz,0,train
611,data\raw\daisee\train\110012\1100121036\1100121036.npz,1100121036.npz,0,test
612,data\raw\daisee\train\110012\1100121038\1100121038.npz,1100121038.npz,0,train
613,data\raw\daisee\train\110012\1100121040\1100121040.npz,1100121040.npz,0,train
614,data\raw\daisee\train\110012\1100121041\1100121041.npz,1100121041.npz,0,train
615,data\raw\daisee\train\110012\1100121042\1100121042.npz,1100121042.npz,0,train
616,data\raw\daisee\train\110012\1100121044\1100121044.npz,1100121044.npz,0,train
617,data\raw\daisee\train\110012\1100121045\1100121045.npz,1100121045.npz,0,val
618,data\raw\daisee\train\110012\1100121047\1100121047.npz,1100121047.npz,0,train
619,data\raw\daisee\train\110012\1100121049\1100121049.npz,1100121049.npz,0,train
620,data\raw\daisee\train\110012\1100121050\1100121050.npz,1100121050.npz,1,val
621,data\raw\daisee\train\110012\1100121052\1100121052.npz,1100121052.npz,0,train
622,data\raw\daisee\train\110012\1100121053\1100121053.npz,1100121053.npz,0,train
623,data\raw\daisee\train\110012\1100121054\1100121054.npz,1100121054.npz,0,train
624,data\raw\daisee\train\110012\1100121056\1100121056.npz,1100121056.npz,0,train
625,data\raw\daisee\train\110012\1100121057\1100121057.npz,1100121057.npz,0,train
626,data\raw\daisee\train\110012\1100121059\1100121059.npz,1100121059.npz,0,train
627,data\raw\daisee\train\110012\1100121060\1100121060.npz,1100121060.npz,0,train
628,data\raw\daisee\train\110012\1100121061\1100121061.npz,1100121061.npz,0,test
629,data\raw\daisee\train\110012\1100121064\1100121064.npz,1100121064.npz,0,train
630,data\raw\daisee\train\110012\1100122001\1100122001.npz,1100122001.npz,0,train
631,data\raw\daisee\train\110012\1100122002\1100122002.npz,1100122002.npz,0,train
632,data\raw\daisee\train\110012\1100122003\1100122003.npz,1100122003.npz,0,train
633,data\raw\daisee\train\110012\1100122005\1100122005.npz,1100122005.npz,0,train
634,data\raw\daisee\train\110012\1100122006\1100122006.npz,1100122006.npz,0,train
635,data\raw\daisee\train\110012\1100122007\1100122007.npz,1100122007.npz,0,train
636,data\raw\daisee\train\110012\1100122008\1100122008.npz,1100122008.npz,0,val
637,data\raw\daisee\train\110012\1100122009\1100122009.npz,1100122009.npz,0,train
638,data\raw\daisee\train\110012\1100122010\1100122010.npz,1100122010.npz,0,train
639,data\raw\daisee\train\110012\1100122011\1100122011.npz,1100122011.npz,0,train
640,data\raw\daisee\train\110012\1100122012\1100122012.npz,1100122012.npz,0,test
641,data\raw\daisee\train\110012\1100122013\1100122013.npz,1100122013.npz,0,val
642,data\raw\daisee\train\110012\1100122014\1100122014.npz,1100122014.npz,1,train
643,data\raw\daisee\train\110012\1100122015\1100122015.npz,1100122015.npz,0,train
644,data\raw\daisee\train\110012\1100122017\1100122017.npz,1100122017.npz,0,train
645,data\raw\daisee\train\110012\1100122018\1100122018.npz,1100122018.npz,0,val
646,data\raw\daisee\train\110012\1100122019\1100122019.npz,1100122019.npz,0,train
647,data\raw\daisee\train\110012\1100122020\1100122020.npz,1100122020.npz,0,train
648,data\raw\daisee\train\110012\1100122021\1100122021.npz,1100122021.npz,1,train
649,data\raw\daisee\train\110012\1100122023\1100122023.npz,1100122023.npz,0,test
650,data\raw\daisee\train\110012\1100122024\1100122024.npz,1100122024.npz,0,train
651,data\raw\daisee\train\110012\1100122025\1100122025.npz,1100122025.npz,0,train
652,data\raw\daisee\train\110012\1100122026\1100122026.npz,1100122026.npz,0,train
653,data\raw\daisee\train\110012\1100122031\1100122031.npz,1100122031.npz,0,train
654,data\raw\daisee\train\110012\1100122032\1100122032.npz,1100122032.npz,0,train
655,data\raw\daisee\train\110012\1100122033\1100122033.npz,1100122033.npz,0,train
656,data\raw\daisee\train\110012\1100122034\1100122034.npz,1100122034.npz,0,train
657,data\raw\daisee\train\110012\1100122035\1100122035.npz,1100122035.npz,0,val
658,data\raw\daisee\train\110012\1100122036\1100122036.npz,1100122036.npz,0,test
659,data\raw\daisee\train\110012\1100122037\1100122037.npz,1100122037.npz,0,test
660,data\raw\daisee\train\110012\1100122038\1100122038.npz,1100122038.npz,0,val
661,data\raw\daisee\train\110012\1100122039\1100122039.npz,1100122039.npz,0,train
662,data\raw\daisee\train\110012\1100122040\1100122040.npz,1100122040.npz,0,val
663,data\raw\daisee\train\110012\1100122041\1100122041.npz,1100122041.npz,0,train
664,data\raw\daisee\train\110012\1100122045\1100122045.npz,1100122045.npz,1,train
665,data\raw\daisee\train\110012\1100122047\1100122047.npz,1100122047.npz,0,val
666,data\raw\daisee\train\110012\1100122048\1100122048.npz,1100122048.npz,0,train
667,data\raw\daisee\train\110012\1100122050\1100122050.npz,1100122050.npz,0,val
668,data\raw\daisee\train\110012\1100122051\1100122051.npz,1100122051.npz,0,train
669,data\raw\daisee\train\110012\1100122052\1100122052.npz,1100122052.npz,0,test
670,data\raw\daisee\train\110012\1100122053\1100122053.npz,1100122053.npz,0,train
671,data\raw\daisee\train\110012\1100122054\1100122054.npz,1100122054.npz,0,test
672,data\raw\daisee\train\110012\1100122056\1100122056.npz,1100122056.npz,1,train
673,data\raw\daisee\train\110013\1100131006\1100131006.npz,1100131006.npz,0,train
674,data\raw\daisee\train\110013\1100131007\1100131007.npz,1100131007.npz,0,test
675,data\raw\daisee\train\110013\1100131009\1100131009.npz,1100131009.npz,0,train
676,data\raw\daisee\train\110013\1100131010\1100131010.npz,1100131010.npz,0,train
677,data\raw\daisee\train\110013\1100131011\1100131011.npz,1100131011.npz,0,train
678,data\raw\daisee\train\110013\1100131012\1100131012.npz,1100131012.npz,0,train
679,data\raw\daisee\train\110013\1100131017\1100131017.npz,1100131017.npz,1,train
680,data\raw\daisee\train\110013\1100131019\1100131019.npz,1100131019.npz,0,train
681,data\raw\daisee\train\110014\1100141001\1100141001.npz,1100141001.npz,0,test
682,data\raw\daisee\train\110014\1100141002\1100141002.npz,1100141002.npz,1,train
683,data\raw\daisee\train\110014\1100141003\1100141003.npz,1100141003.npz,0,val
684,data\raw\daisee\train\110014\1100141004\1100141004.npz,1100141004.npz,0,val
685,data\raw\daisee\train\110014\1100141005\1100141005.npz,1100141005.npz,0,train
686,data\raw\daisee\train\110014\1100141006\1100141006.npz,1100141006.npz,0,train
687,data\raw\daisee\train\110014\1100141007\1100141007.npz,1100141007.npz,0,train
688,data\raw\daisee\train\110014\1100141008\1100141008.npz,1100141008.npz,0,train
689,data\raw\daisee\train\110014\1100141009\1100141009.npz,1100141009.npz,0,train
690,data\raw\daisee\train\110014\1100141010\1100141010.npz,1100141010.npz,0,train
691,data\raw\daisee\train\110014\1100141011\1100141011.npz,1100141011.npz,1,train
692,data\raw\daisee\train\110014\1100141012\1100141012.npz,1100141012.npz,1,val
693,data\raw\daisee\train\110014\1100141013\1100141013.npz,1100141013.npz,1,val
694,data\raw\daisee\train\110014\1100141014\1100141014.npz,1100141014.npz,0,train
695,data\raw\daisee\train\110014\1100141015\1100141015.npz,1100141015.npz,1,train
696,data\raw\daisee\train\110014\1100141016\1100141016.npz,1100141016.npz,0,train
697,data\raw\daisee\train\110014\1100141017\1100141017.npz,1100141017.npz,0,train
698,data\raw\daisee\train\110014\1100141019\1100141019.npz,1100141019.npz,1,val
699,data\raw\daisee\train\110014\1100141020\1100141020.npz,1100141020.npz,1,train
700,data\raw\daisee\train\110014\1100141021\1100141021.npz,1100141021.npz,1,train
701,data\raw\daisee\train\110014\1100141023\1100141023.npz,1100141023.npz,0,train
702,data\raw\daisee\train\110014\1100141027\1100141027.npz,1100141027.npz,1,val
703,data\raw\daisee\train\110014\1100141028\1100141028.npz,1100141028.npz,0,train
704,data\raw\daisee\train\110014\1100141029\1100141029.npz,1100141029.npz,1,val
705,data\raw\daisee\train\110014\1100141030\1100141030.npz,1100141030.npz,0,train
706,data\raw\daisee\train\110014\1100141031\1100141031.npz,1100141031.npz,0,train
707,data\raw\daisee\train\110014\1100141032\1100141032.npz,1100141032.npz,0,train
708,data\raw\daisee\train\110014\1100141033\1100141033.npz,1100141033.npz,0,test
709,data\raw\daisee\train\110014\1100141034\1100141034.npz,1100141034.npz,1,train
710,data\raw\daisee\train\110014\1100141035\1100141035.npz,1100141035.npz,0,train
711,data\raw\daisee\train\110014\1100141036\1100141036.npz,1100141036.npz,1,train
712,data\raw\daisee\train\110014\1100141039\1100141039.npz,1100141039.npz,0,val
713,data\raw\daisee\train\110014\1100141040\1100141040.npz,1100141040.npz,1,train
714,data\raw\daisee\train\110014\1100141042\1100141042.npz,1100141042.npz,1,train
715,data\raw\daisee\train\110014\1100141044\1100141044.npz,1100141044.npz,0,train
716,data\raw\daisee\train\110014\1100141045\1100141045.npz,1100141045.npz,0,train
717,data\raw\daisee\train\110014\1100141046\1100141046.npz,1100141046.npz,1,train
718,data\raw\daisee\train\110014\1100141049\1100141049.npz,1100141049.npz,1,train
719,data\raw\daisee\train\110014\1100141050\1100141050.npz,1100141050.npz,1,train
720,data\raw\daisee\train\110014\1100141052\1100141052.npz,1100141052.npz,1,train
721,data\raw\daisee\train\110014\1100141053\1100141053.npz,1100141053.npz,1,train
722,data\raw\daisee\train\110014\1100141054\1100141054.npz,1100141054.npz,0,train
723,data\raw\daisee\train\110014\1100141055\1100141055.npz,1100141055.npz,0,train
724,data\raw\daisee\train\110014\1100141056\1100141056.npz,1100141056.npz,0,val
725,data\raw\daisee\train\110014\1100141057\1100141057.npz,1100141057.npz,1,val
726,data\raw\daisee\train\110014\1100142002\1100142002.npz,1100142002.npz,0,train
727,data\raw\daisee\train\110014\1100142003\1100142003.npz,1100142003.npz,1,train
728,data\raw\daisee\train\110014\1100142004\1100142004.npz,1100142004.npz,1,train
729,data\raw\daisee\train\110014\1100142007\1100142007.npz,1100142007.npz,1,train
730,data\raw\daisee\train\110014\1100142008\1100142008.npz,1100142008.npz,0,train
731,data\raw\daisee\train\110014\1100142009\1100142009.npz,1100142009.npz,0,train
732,data\raw\daisee\train\110014\1100142010\1100142010.npz,1100142010.npz,1,train
733,data\raw\daisee\train\110014\1100142011\1100142011.npz,1100142011.npz,0,train
734,data\raw\daisee\train\110014\1100142013\1100142013.npz,1100142013.npz,1,val
735,data\raw\daisee\train\110014\1100142014\1100142014.npz,1100142014.npz,1,test
736,data\raw\daisee\train\110014\1100142015\1100142015.npz,1100142015.npz,0,train
737,data\raw\daisee\train\110014\1100142017\1100142017.npz,1100142017.npz,0,test
738,data\raw\daisee\train\110014\1100142018\1100142018.npz,1100142018.npz,1,val
739,data\raw\daisee\train\110014\1100142019\1100142019.npz,1100142019.npz,0,val
740,data\raw\daisee\train\110014\1100142021\1100142021.npz,1100142021.npz,1,train
741,data\raw\daisee\train\110014\1100142022\1100142022.npz,1100142022.npz,1,train
742,data\raw\daisee\train\110014\1100142023\1100142023.npz,1100142023.npz,0,val
743,data\raw\daisee\train\110014\1100142024\1100142024.npz,1100142024.npz,0,val
744,data\raw\daisee\train\110014\1100142027\1100142027.npz,1100142027.npz,0,train
745,data\raw\daisee\train\110014\1100142028\1100142028.npz,1100142028.npz,1,train
746,data\raw\daisee\train\110014\1100142029\1100142029.npz,1100142029.npz,0,train
747,data\raw\daisee\train\110014\1100142030\1100142030.npz,1100142030.npz,0,val
748,data\raw\daisee\train\110014\1100142031\1100142031.npz,1100142031.npz,0,val
749,data\raw\daisee\train\110014\1100142032\1100142032.npz,1100142032.npz,0,train
750,data\raw\daisee\train\110014\1100142033\1100142033.npz,1100142033.npz,1,train
751,data\raw\daisee\train\110014\1100142034\1100142034.npz,1100142034.npz,0,train
752,data\raw\daisee\train\110014\1100142035\1100142035.npz,1100142035.npz,0,train
753,data\raw\daisee\train\110014\1100142038\1100142038.npz,1100142038.npz,0,train
754,data\raw\daisee\train\110014\1100142041\1100142041.npz,1100142041.npz,0,train
755,data\raw\daisee\train\110014\1100142043\1100142043.npz,1100142043.npz,1,train
756,data\raw\daisee\train\110014\1100142044\1100142044.npz,1100142044.npz,1,train
757,data\raw\daisee\train\110014\1100142045\1100142045.npz,1100142045.npz,0,train
758,data\raw\daisee\train\110014\1100142046\1100142046.npz,1100142046.npz,0,val
759,data\raw\daisee\train\110014\1100142048\1100142048.npz,1100142048.npz,0,train
760,data\raw\daisee\train\110014\1100142049\1100142049.npz,1100142049.npz,0,test
761,data\raw\daisee\train\110014\1100142050\1100142050.npz,1100142050.npz,1,train
762,data\raw\daisee\train\110014\1100142051\1100142051.npz,1100142051.npz,1,train
763,data\raw\daisee\train\110014\1100142052\1100142052.npz,1100142052.npz,1,train
764,data\raw\daisee\train\110014\1100142053\1100142053.npz,1100142053.npz,0,train
765,data\raw\daisee\train\110014\1100142056\1100142056.npz,1100142056.npz,0,val
766,data\raw\daisee\train\110014\1100142057\1100142057.npz,1100142057.npz,0,train
767,data\raw\daisee\train\110014\1100142058\1100142058.npz,1100142058.npz,0,train
768,data\raw\daisee\train\110014\1100142059\1100142059.npz,1100142059.npz,0,train
769,data\raw\daisee\train\110014\1100142060\1100142060.npz,1100142060.npz,0,train
770,data\raw\daisee\train\110015\1100151003\1100151003.npz,1100151003.npz,0,test
771,data\raw\daisee\train\110015\1100151004\1100151004.npz,1100151004.npz,1,train
772,data\raw\daisee\train\110015\1100151008\1100151008.npz,1100151008.npz,0,test
773,data\raw\daisee\train\110015\1100151009\1100151009.npz,1100151009.npz,0,train
774,data\raw\daisee\train\110015\1100151010\1100151010.npz,1100151010.npz,1,train
775,data\raw\daisee\train\110015\1100151011\1100151011.npz,1100151011.npz,1,val
776,data\raw\daisee\train\110015\1100151012\1100151012.npz,1100151012.npz,0,train
777,data\raw\daisee\train\110015\1100151013\1100151013.npz,1100151013.npz,1,train
778,data\raw\daisee\train\110015\1100151014\1100151014.npz,1100151014.npz,0,val
779,data\raw\daisee\train\110015\1100151015\1100151015.npz,1100151015.npz,0,train
780,data\raw\daisee\train\110015\1100151016\1100151016.npz,1100151016.npz,1,train
781,data\raw\daisee\train\110015\1100151017\1100151017.npz,1100151017.npz,1,train
782,data\raw\daisee\train\110015\1100151018\1100151018.npz,1100151018.npz,0,val
783,data\raw\daisee\train\110015\1100151019\1100151019.npz,1100151019.npz,0,test
784,data\raw\daisee\train\110015\1100151020\1100151020.npz,1100151020.npz,1,train
785,data\raw\daisee\train\110015\1100151021\1100151021.npz,1100151021.npz,0,train
786,data\raw\daisee\train\110015\1100151022\1100151022.npz,1100151022.npz,0,train
787,data\raw\daisee\train\110015\1100151023\1100151023.npz,1100151023.npz,0,train
788,data\raw\daisee\train\110015\1100151024\1100151024.npz,1100151024.npz,0,train
789,data\raw\daisee\train\110015\1100151028\1100151028.npz,1100151028.npz,0,test
790,data\raw\daisee\train\110015\1100151030\1100151030.npz,1100151030.npz,1,train
791,data\raw\daisee\train\110015\1100151032\1100151032.npz,1100151032.npz,0,train
792,data\raw\daisee\train\110015\1100151033\1100151033.npz,1100151033.npz,0,train
793,data\raw\daisee\train\110015\1100151035\1100151035.npz,1100151035.npz,0,test
794,data\raw\daisee\train\110015\1100151037\1100151037.npz,1100151037.npz,1,train
795,data\raw\daisee\train\110015\1100151038\1100151038.npz,1100151038.npz,0,test
796,data\raw\daisee\train\110015\1100151039\1100151039.npz,1100151039.npz,0,val
797,data\raw\daisee\train\110015\1100151040\1100151040.npz,1100151040.npz,0,train
798,data\raw\daisee\train\110015\1100151042\1100151042.npz,1100151042.npz,1,test
799,data\raw\daisee\train\110015\1100151043\1100151043.npz,1100151043.npz,0,train
800,data\raw\daisee\train\110015\1100151044\1100151044.npz,1100151044.npz,1,train
801,data\raw\daisee\train\110015\1100151047\1100151047.npz,1100151047.npz,1,train
802,data\raw\daisee\train\110015\1100151049\1100151049.npz,1100151049.npz,0,test
803,data\raw\daisee\train\110015\1100151050\1100151050.npz,1100151050.npz,1,train
804,data\raw\daisee\train\110015\1100151051\1100151051.npz,1100151051.npz,0,train
805,data\raw\daisee\train\110015\1100151052\1100151052.npz,1100151052.npz,1,test
806,data\raw\daisee\train\110015\1100151054\1100151054.npz,1100151054.npz,0,train
807,data\raw\daisee\train\110015\1100151055\1100151055.npz,1100151055.npz,0,train
808,data\raw\daisee\train\110015\1100151056\1100151056.npz,1100151056.npz,0,test
809,data\raw\daisee\train\110015\1100151057\1100151057.npz,1100151057.npz,1,train
810,data\raw\daisee\train\110015\1100151058\1100151058.npz,1100151058.npz,0,train
811,data\raw\daisee\train\110015\1100151062\1100151062.npz,1100151062.npz,0,train
812,data\raw\daisee\train\110015\1100152001\1100152001.npz,1100152001.npz,1,train
813,data\raw\daisee\train\110015\1100152004\1100152004.npz,1100152004.npz,0,train
814,data\raw\daisee\train\110015\1100152005\1100152005.npz,1100152005.npz,0,train
815,data\raw\daisee\train\110015\1100152006\1100152006.npz,1100152006.npz,0,train
816,data\raw\daisee\train\110015\1100152008\1100152008.npz,1100152008.npz,1,train
817,data\raw\daisee\train\110015\1100152009\1100152009.npz,1100152009.npz,0,val
818,data\raw\daisee\train\110015\1100152010\1100152010.npz,1100152010.npz,1,val
819,data\raw\daisee\train\110015\1100152013\1100152013.npz,1100152013.npz,0,test
820,data\raw\daisee\train\110015\1100152014\1100152014.npz,1100152014.npz,0,train
821,data\raw\daisee\train\110015\1100152015\1100152015.npz,1100152015.npz,0,train
822,data\raw\daisee\train\110015\1100152017\1100152017.npz,1100152017.npz,1,train
823,data\raw\daisee\train\110015\1100152019\1100152019.npz,1100152019.npz,1,train
824,data\raw\daisee\train\110015\1100152020\1100152020.npz,1100152020.npz,0,train
825,data\raw\daisee\train\110015\1100152022\1100152022.npz,1100152022.npz,0,train
826,data\raw\daisee\train\110015\1100152024\1100152024.npz,1100152024.npz,1,train
827,data\raw\daisee\train\110015\1100152025\1100152025.npz,1100152025.npz,0,test
828,data\raw\daisee\train\110015\1100152026\1100152026.npz,1100152026.npz,1,train
829,data\raw\daisee\train\110015\1100152027\1100152027.npz,1100152027.npz,0,val
830,data\raw\daisee\train\110015\1100152031\1100152031.npz,1100152031.npz,1,train
831,data\raw\daisee\train\110015\1100152032\1100152032.npz,1100152032.npz,0,train
832,data\raw\daisee\train\110015\1100152039\1100152039.npz,1100152039.npz,0,train
833,data\raw\daisee\train\110015\1100152040\1100152040.npz,1100152040.npz,0,val
834,data\raw\daisee\train\110015\1100152041\1100152041.npz,1100152041.npz,0,train
835,data\raw\daisee\train\110015\1100152042\1100152042.npz,1100152042.npz,0,val
836,data\raw\daisee\train\110015\1100152043\1100152043.npz,1100152043.npz,1,test
837,data\raw\daisee\train\110015\1100152048\1100152048.npz,1100152048.npz,0,val
838,data\raw\daisee\train\110015\1100152049\1100152049.npz,1100152049.npz,0,train
839,data\raw\daisee\train\110015\1100152050\1100152050.npz,1100152050.npz,0,test
840,data\raw\daisee\train\110015\1100152051\1100152051.npz,1100152051.npz,1,train
841,data\raw\daisee\train\110015\1100152056\1100152056.npz,1100152056.npz,0,train
842,data\raw\daisee\train\110015\1100152061\1100152061.npz,1100152061.npz,1,train
843,data\raw\daisee\train\110015\1100152062\1100152062.npz,1100152062.npz,1,test
844,data\raw\daisee\train\110015\1100152067\1100152067.npz,1100152067.npz,1,val
845,data\raw\daisee\train\110015\1100152069\1100152069.npz,1100152069.npz,0,train
846,data\raw\daisee\train\110015\1100152070\1100152070.npz,1100152070.npz,1,val
847,data\raw\daisee\train\110016\1100161002\1100161002.npz,1100161002.npz,0,train
848,data\raw\daisee\train\110016\1100161004\1100161004.npz,1100161004.npz,0,train
849,data\raw\daisee\train\110016\1100161011\1100161011.npz,1100161011.npz,0,train
850,data\raw\daisee\train\110016\1100161012\1100161012.npz,1100161012.npz,0,train
851,data\raw\daisee\train\110016\1100161013\1100161013.npz,1100161013.npz,0,train
852,data\raw\daisee\train\110016\1100161014\1100161014.npz,1100161014.npz,0,train
853,data\raw\daisee\train\110016\1100161015\1100161015.npz,1100161015.npz,0,train
854,data\raw\daisee\train\110016\1100161016\1100161016.npz,1100161016.npz,1,train
855,data\raw\daisee\train\110016\1100161020\1100161020.npz,1100161020.npz,0,train
856,data\raw\daisee\train\110016\1100161021\1100161021.npz,1100161021.npz,0,val
857,data\raw\daisee\train\110016\1100161022\1100161022.npz,1100161022.npz,1,train
858,data\raw\daisee\train\110016\1100161023\1100161023.npz,1100161023.npz,1,train
859,data\raw\daisee\train\110016\1100161028\1100161028.npz,1100161028.npz,1,test
860,data\raw\daisee\train\110016\1100161029\1100161029.npz,1100161029.npz,1,val
861,data\raw\daisee\train\110016\1100161032\1100161032.npz,1100161032.npz,1,val
862,data\raw\daisee\train\110016\1100161035\1100161035.npz,1100161035.npz,0,train
863,data\raw\daisee\train\110016\1100161036\1100161036.npz,1100161036.npz,1,train
864,data\raw\daisee\train\110016\1100161038\1100161038.npz,1100161038.npz,1,train
865,data\raw\daisee\train\110016\1100161039\1100161039.npz,1100161039.npz,0,train
866,data\raw\daisee\train\110016\1100161041\1100161041.npz,1100161041.npz,0,train
867,data\raw\daisee\train\110016\1100161043\1100161043.npz,1100161043.npz,0,train
868,data\raw\daisee\train\110016\1100161044\1100161044.npz,1100161044.npz,0,val
869,data\raw\daisee\train\110016\1100161045\1100161045.npz,1100161045.npz,1,test
870,data\raw\daisee\train\110016\1100161046\1100161046.npz,1100161046.npz,0,val
871,data\raw\daisee\train\110016\1100161048\1100161048.npz,1100161048.npz,1,train
872,data\raw\daisee\train\110016\1100161050\1100161050.npz,1100161050.npz,1,test
873,data\raw\daisee\train\110016\1100162005\1100162005.npz,1100162005.npz,1,train
874,data\raw\daisee\train\110016\1100162007\1100162007.npz,1100162007.npz,0,train
875,data\raw\daisee\train\110016\1100162011\1100162011.npz,1100162011.npz,0,train
876,data\raw\daisee\train\110016\1100162016\1100162016.npz,1100162016.npz,1,test
877,data\raw\daisee\train\110017\1100171001\1100171001.npz,1100171001.npz,0,train
878,data\raw\daisee\train\110017\1100171002\1100171002.npz,1100171002.npz,0,test
879,data\raw\daisee\train\110017\1100171004\1100171004.npz,1100171004.npz,1,train
880,data\raw\daisee\train\110017\1100171005\1100171005.npz,1100171005.npz,0,train
881,data\raw\daisee\train\110017\1100171007\1100171007.npz,1100171007.npz,0,train
882,data\raw\daisee\train\110017\1100171008\1100171008.npz,1100171008.npz,1,train
883,data\raw\daisee\train\110017\1100171009\1100171009.npz,1100171009.npz,1,train
884,data\raw\daisee\train\110017\1100171010\1100171010.npz,1100171010.npz,0,val
885,data\raw\daisee\train\110017\1100171011\1100171011.npz,1100171011.npz,0,train
886,data\raw\daisee\train\110017\1100171012\1100171012.npz,1100171012.npz,0,train
887,data\raw\daisee\train\110017\1100171013\1100171013.npz,1100171013.npz,0,train
888,data\raw\daisee\train\110017\1100171015\1100171015.npz,1100171015.npz,0,train
889,data\raw\daisee\train\110017\1100171016\1100171016.npz,1100171016.npz,1,train
890,data\raw\daisee\train\110017\1100171017\1100171017.npz,1100171017.npz,0,train
891,data\raw\daisee\train\110017\1100171019\1100171019.npz,1100171019.npz,1,train
892,data\raw\daisee\train\110017\1100171021\1100171021.npz,1100171021.npz,1,train
893,data\raw\daisee\train\110017\1100171022\1100171022.npz,1100171022.npz,0,val
894,data\raw\daisee\train\110017\1100171023\1100171023.npz,1100171023.npz,0,train
895,data\raw\daisee\train\110017\1100171031\1100171031.npz,1100171031.npz,1,test
896,data\raw\daisee\train\110017\1100171035\1100171035.npz,1100171035.npz,1,test
897,data\raw\daisee\train\110017\1100171036\1100171036.npz,1100171036.npz,1,val
898,data\raw\daisee\train\110017\1100171038\1100171038.npz,1100171038.npz,0,train
899,data\raw\daisee\train\110017\1100171039\1100171039.npz,1100171039.npz,0,train
900,data\raw\daisee\train\110017\1100171040\1100171040.npz,1100171040.npz,0,train
901,data\raw\daisee\train\110017\1100171041\1100171041.npz,1100171041.npz,1,train
902,data\raw\daisee\train\110017\1100171043\1100171043.npz,1100171043.npz,0,train
903,data\raw\daisee\train\110017\1100171045\1100171045.npz,1100171045.npz,0,train
904,data\raw\daisee\train\110017\1100171049\1100171049.npz,1100171049.npz,0,val
905,data\raw\daisee\train\110017\1100171055\1100171055.npz,1100171055.npz,0,val
906,data\raw\daisee\train\110017\1100171056\1100171056.npz,1100171056.npz,0,train
907,data\raw\daisee\train\110017\1100171057\1100171057.npz,1100171057.npz,0,train
908,data\raw\daisee\train\110017\1100171059\1100171059.npz,1100171059.npz,1,test
909,data\raw\daisee\train\110017\1100171061\1100171061.npz,1100171061.npz,0,train
910,data\raw\daisee\train\110017\1100171063\1100171063.npz,1100171063.npz,0,train
911,data\raw\daisee\train\110017\1100171064\1100171064.npz,1100171064.npz,0,test
912,data\raw\daisee\train\110017\1100171065\1100171065.npz,1100171065.npz,0,train
913,data\raw\daisee\train\110017\1100171067\1100171067.npz,1100171067.npz,1,val
914,data\raw\daisee\train\110017\1100171069\1100171069.npz,1100171069.npz,0,train
915,data\raw\daisee\train\110017\1100171070\1100171070.npz,1100171070.npz,0,train
916,data\raw\daisee\train\110017\1100171071\1100171071.npz,1100171071.npz,1,train
917,data\raw\daisee\train\110017\1100171072\1100171072.npz,1100171072.npz,0,train
918,data\raw\daisee\train\110017\1100171073\1100171073.npz,1100171073.npz,0,val
919,data\raw\daisee\train\110017\1100171074\1100171074.npz,1100171074.npz,0,train
920,data\raw\daisee\train\110017\1100171075\1100171075.npz,1100171075.npz,1,train
921,data\raw\daisee\train\110017\1100171076\1100171076.npz,1100171076.npz,0,test
922,data\raw\daisee\train\110017\1100171077\1100171077.npz,1100171077.npz,0,train
923,data\raw\daisee\train\110017\1100171078\1100171078.npz,1100171078.npz,0,train
924,data\raw\daisee\train\110017\1100171080\1100171080.npz,1100171080.npz,0,train
925,data\raw\daisee\train\110017\1100171083\1100171083.npz,1100171083.npz,0,train
926,data\raw\daisee\train\110017\1100172003\1100172003.npz,1100172003.npz,0,val
927,data\raw\daisee\train\110017\1100172004\1100172004.npz,1100172004.npz,0,train
928,data\raw\daisee\train\110017\1100172007\1100172007.npz,1100172007.npz,1,test
929,data\raw\daisee\train\110017\1100172012\1100172012.npz,1100172012.npz,1,test
930,data\raw\daisee\train\110017\1100172013\1100172013.npz,1100172013.npz,0,train
931,data\raw\daisee\train\110017\1100172014\1100172014.npz,1100172014.npz,1,train
932,data\raw\daisee\train\110017\1100172015\1100172015.npz,1100172015.npz,0,train
933,data\raw\daisee\train\110017\1100172016\1100172016.npz,1100172016.npz,0,train
934,data\raw\daisee\train\110017\1100172017\1100172017.npz,1100172017.npz,1,train
935,data\raw\daisee\train\110017\1100172018\1100172018.npz,1100172018.npz,0,val
936,data\raw\daisee\train\110017\1100172020\1100172020.npz,1100172020.npz,0,train
937,data\raw\daisee\train\110017\1100172021\1100172021.npz,1100172021.npz,0,val
938,data\raw\daisee\train\110017\1100172022\1100172022.npz,1100172022.npz,0,train
939,data\raw\daisee\train\110017\1100172026\1100172026.npz,1100172026.npz,1,train
940,data\raw\daisee\train\110017\1100172028\1100172028.npz,1100172028.npz,0,train
941,data\raw\daisee\train\110017\1100172030\1100172030.npz,1100172030.npz,0,train
942,data\raw\daisee\train\110017\1100172032\1100172032.npz,1100172032.npz,0,train
943,data\raw\daisee\train\110017\1100172033\1100172033.npz,1100172033.npz,1,train
944,data\raw\daisee\train\110017\1100172034\1100172034.npz,1100172034.npz,1,train
945,data\raw\daisee\train\110017\1100172035\1100172035.npz,1100172035.npz,0,train
946,data\raw\daisee\train\110017\1100172037\1100172037.npz,1100172037.npz,0,val
947,data\raw\daisee\train\110017\1100172039\1100172039.npz,1100172039.npz,0,train
948,data\raw\daisee\train\110017\1100172042\1100172042.npz,1100172042.npz,1,test
949,data\raw\daisee\train\110017\1100172043\1100172043.npz,1100172043.npz,1,train
950,data\raw\daisee\train\110017\1100172047\1100172047.npz,1100172047.npz,1,val
951,data\raw\daisee\train\110017\1100172050\1100172050.npz,1100172050.npz,0,train
952,data\raw\daisee\train\110017\1100172058\1100172058.npz,1100172058.npz,1,train
953,data\raw\daisee\train\110017\1100172063\1100172063.npz,1100172063.npz,0,train
954,data\raw\daisee\train\110017\1100172066\1100172066.npz,1100172066.npz,0,train
955,data\raw\daisee\train\110041\1100411010\1100411010.npz,1100411010.npz,1,train
956,data\raw\daisee\train\110041\1100411011\1100411011.npz,1100411011.npz,0,train
957,data\raw\daisee\train\110041\1100411012\1100411012.npz,1100411012.npz,0,train
958,data\raw\daisee\train\110041\1100411013\1100411013.npz,1100411013.npz,0,train
959,data\raw\daisee\train\110041\1100411015\1100411015.npz,1100411015.npz,0,train
960,data\raw\daisee\train\110041\1100411016\1100411016.npz,1100411016.npz,0,train
961,data\raw\daisee\train\110041\1100411018\1100411018.npz,1100411018.npz,0,val
962,data\raw\daisee\train\110041\1100411020\1100411020.npz,1100411020.npz,0,train
963,data\raw\daisee\train\110041\1100411023\1100411023.npz,1100411023.npz,0,train
964,data\raw\daisee\train\110041\1100411036\1100411036.npz,1100411036.npz,0,test
965,data\raw\daisee\train\110041\1100411041\1100411041.npz,1100411041.npz,1,train
966,data\raw\daisee\train\110041\1100411045\1100411045.npz,1100411045.npz,0,train
967,data\raw\daisee\train\110041\1100411047\1100411047.npz,1100411047.npz,1,train
968,data\raw\daisee\train\110041\1100411048\1100411048.npz,1100411048.npz,1,train
969,data\raw\daisee\train\110041\1100411049\1100411049.npz,1100411049.npz,0,train
970,data\raw\daisee\train\110041\1100411050\1100411050.npz,1100411050.npz,0,train
971,data\raw\daisee\train\110041\1100411051\1100411051.npz,1100411051.npz,0,train
972,data\raw\daisee\train\110041\1100411053\1100411053.npz,1100411053.npz,1,train
973,data\raw\daisee\train\110041\1100411054\1100411054.npz,1100411054.npz,0,train
974,data\raw\daisee\train\110041\1100411055\1100411055.npz,1100411055.npz,0,val
975,data\raw\daisee\train\110041\1100411057\1100411057.npz,1100411057.npz,0,train
976,data\raw\daisee\train\110041\1100412001\1100412001.npz,1100412001.npz,0,val
977,data\raw\daisee\train\110041\1100412003\1100412003.npz,1100412003.npz,1,train
978,data\raw\daisee\train\110041\1100412010\1100412010.npz,1100412010.npz,1,train
979,data\raw\daisee\train\110041\1100412018\1100412018.npz,1100412018.npz,1,train
980,data\raw\daisee\train\110041\1100412033\1100412033.npz,1100412033.npz,1,train
981,data\raw\daisee\train\110041\1100412038\1100412038.npz,1100412038.npz,1,test
982,data\raw\daisee\train\110041\1100412039\1100412039.npz,1100412039.npz,1,train
983,data\raw\daisee\train\110041\1100412040\1100412040.npz,1100412040.npz,1,val
984,data\raw\daisee\train\111003\1110031003\1110031003.npz,1110031003.npz,1,train
985,data\raw\daisee\train\111003\1110031007\1110031007.npz,1110031007.npz,0,train
986,data\raw\daisee\train\111003\1110031010\1110031010.npz,1110031010.npz,1,train
987,data\raw\daisee\train\111003\1110031011\1110031011.npz,1110031011.npz,1,train
988,data\raw\daisee\train\111003\1110031012\1110031012.npz,1110031012.npz,0,train
989,data\raw\daisee\train\111003\1110031014\1110031014.npz,1110031014.npz,1,test
990,data\raw\daisee\train\111003\1110031019\1110031019.npz,1110031019.npz,0,train
991,data\raw\daisee\train\111003\1110031020\1110031020.npz,1110031020.npz,1,train
992,data\raw\daisee\train\111003\1110031021\1110031021.npz,1110031021.npz,1,train
993,data\raw\daisee\train\111003\1110031025\1110031025.npz,1110031025.npz,1,test
994,data\raw\daisee\train\111003\1110031027\1110031027.npz,1110031027.npz,1,train
995,data\raw\daisee\train\111003\1110031031\1110031031.npz,1110031031.npz,1,test
996,data\raw\daisee\train\111003\1110031033\1110031033.npz,1110031033.npz,1,train
997,data\raw\daisee\train\111003\1110031037\1110031037.npz,1110031037.npz,0,val
998,data\raw\daisee\train\111003\1110031038\1110031038.npz,1110031038.npz,1,train
999,data\raw\daisee\train\111003\1110031039\1110031039.npz,1110031039.npz,1,train
1000,data\raw\daisee\train\111003\1110031040\1110031040.npz,1110031040.npz,0,test
1001,data\raw\daisee\train\111003\1110031042\1110031042.npz,1110031042.npz,1,train
1002,data\raw\daisee\train\111003\1110031048\1110031048.npz,1110031048.npz,0,train
1003,data\raw\daisee\train\111003\1110031049\1110031049.npz,1110031049.npz,1,val
1004,data\raw\daisee\train\111003\1110031050\1110031050.npz,1110031050.npz,0,train
1005,data\raw\daisee\train\111003\1110031056\1110031056.npz,1110031056.npz,1,train
1006,data\raw\daisee\train\111003\1110031061\1110031061.npz,1110031061.npz,0,val
1007,data\raw\daisee\train\111003\1110031062\1110031062.npz,1110031062.npz,0,train
1008,data\raw\daisee\train\111003\1110031063\1110031063.npz,1110031063.npz,1,train
1009,data\raw\daisee\train\111003\1110031064\1110031064.npz,1110031064.npz,0,train
1010,data\raw\daisee\train\111003\1110031065\1110031065.npz,1110031065.npz,0,train
1011,data\raw\daisee\train\111003\1110032002\1110032002.npz,1110032002.npz,1,test
1012,data\raw\daisee\train\111003\1110032004\1110032004.npz,1110032004.npz,0,train
1013,data\raw\daisee\train\111003\1110032006\1110032006.npz,1110032006.npz,0,train
1014,data\raw\daisee\train\111003\1110032008\1110032008.npz,1110032008.npz,0,train
1015,data\raw\daisee\train\111003\1110032010\1110032010.npz,1110032010.npz,0,train
1016,data\raw\daisee\train\111003\1110032014\1110032014.npz,1110032014.npz,1,train
1017,data\raw\daisee\train\111003\1110032015\1110032015.npz,1110032015.npz,0,train
1018,data\raw\daisee\train\111003\1110032018\1110032018.npz,1110032018.npz,1,train
1019,data\raw\daisee\train\111003\1110032019\1110032019.npz,1110032019.npz,0,train
1020,data\raw\daisee\train\111003\1110032020\1110032020.npz,1110032020.npz,0,train
1021,data\raw\daisee\train\111003\1110032021\1110032021.npz,1110032021.npz,0,train
1022,data\raw\daisee\train\111003\1110032022\1110032022.npz,1110032022.npz,0,train
1023,data\raw\daisee\train\111003\1110032023\1110032023.npz,1110032023.npz,0,train
1024,data\raw\daisee\train\111003\1110032024\1110032024.npz,1110032024.npz,0,train
1025,data\raw\daisee\train\111003\1110032025\1110032025.npz,1110032025.npz,1,train
1026,data\raw\daisee\train\111003\1110032027\1110032027.npz,1110032027.npz,1,train
1027,data\raw\daisee\train\111003\1110032029\1110032029.npz,1110032029.npz,0,train
1028,data\raw\daisee\train\111003\1110032031\1110032031.npz,1110032031.npz,1,train
1029,data\raw\daisee\train\111003\1110032032\1110032032.npz,1110032032.npz,0,test
1030,data\raw\daisee\train\111003\1110032033\1110032033.npz,1110032033.npz,0,test
1031,data\raw\daisee\train\111003\1110032034\1110032034.npz,1110032034.npz,1,test
1032,data\raw\daisee\train\111003\1110032036\1110032036.npz,1110032036.npz,1,train
1033,data\raw\daisee\train\111003\1110032037\1110032037.npz,1110032037.npz,0,train
1034,data\raw\daisee\train\111003\1110032042\1110032042.npz,1110032042.npz,1,train
1035,data\raw\daisee\train\111003\1110032045\1110032045.npz,1110032045.npz,1,train
1036,data\raw\daisee\train\111003\1110032047\1110032047.npz,1110032047.npz,1,train
1037,data\raw\daisee\train\111003\1110032048\1110032048.npz,1110032048.npz,1,train
1038,data\raw\daisee\train\111003\1110032049\1110032049.npz,1110032049.npz,1,val
1039,data\raw\daisee\train\111003\1110032050\1110032050.npz,1110032050.npz,0,test
1040,data\raw\daisee\train\111003\1110032051\1110032051.npz,1110032051.npz,1,train
1041,data\raw\daisee\train\111003\1110032052\1110032052.npz,1110032052.npz,1,train
1042,data\raw\daisee\train\111003\1110032053\1110032053.npz,1110032053.npz,1,train
1043,data\raw\daisee\train\111003\1110032055\1110032055.npz,1110032055.npz,0,val
1044,data\raw\daisee\train\111003\1110032056\1110032056.npz,1110032056.npz,0,train
1045,data\raw\daisee\train\111003\1110032058\1110032058.npz,1110032058.npz,0,train
1046,data\raw\daisee\train\111003\1110032059\1110032059.npz,1110032059.npz,0,train
1047,data\raw\daisee\train\111003\1110032060\1110032060.npz,1110032060.npz,0,train
1048,data\raw\daisee\train\111003\1110032061\1110032061.npz,1110032061.npz,1,test
1049,data\raw\daisee\train\111003\1110032062\1110032062.npz,1110032062.npz,1,train
1050,data\raw\daisee\train\111003\1110032063\1110032063.npz,1110032063.npz,0,train
1051,data\raw\daisee\train\181374\1813740111\1813740111.npz,1813740111.npz,0,val
1052,data\raw\daisee\train\181374\1813740112\1813740112.npz,1813740112.npz,0,test
1053,data\raw\daisee\train\181374\1813740115\1813740115.npz,1813740115.npz,0,test
1054,data\raw\daisee\train\181374\1813740116\1813740116.npz,1813740116.npz,0,train
1055,data\raw\daisee\train\181374\1813740118\1813740118.npz,1813740118.npz,0,test
1056,data\raw\daisee\train\181374\1813740119\1813740119.npz,1813740119.npz,0,train
1057,data\raw\daisee\train\181374\1813740122\1813740122.npz,1813740122.npz,0,val
1058,data\raw\daisee\train\181374\1813740123\1813740123.npz,1813740123.npz,0,train
1059,data\raw\daisee\train\181374\1813740124\1813740124.npz,1813740124.npz,0,train
1060,data\raw\daisee\train\181374\1813740126\1813740126.npz,1813740126.npz,0,train
1061,data\raw\daisee\train\181374\1813740127\1813740127.npz,1813740127.npz,0,train
1062,data\raw\daisee\train\181374\1813740128\1813740128.npz,1813740128.npz,0,train
1063,data\raw\daisee\train\181374\1813740131\1813740131.npz,1813740131.npz,0,train
1064,data\raw\daisee\train\181374\1813740133\1813740133.npz,1813740133.npz,0,test
1065,data\raw\daisee\train\181374\1813740135\1813740135.npz,1813740135.npz,0,train
1066,data\raw\daisee\train\181374\1813740137\1813740137.npz,1813740137.npz,1,val
1067,data\raw\daisee\train\181374\1813740138\1813740138.npz,1813740138.npz,1,train
1068,data\raw\daisee\train\181374\1813740143\1813740143.npz,1813740143.npz,0,train
1069,data\raw\daisee\train\181374\1813740144\1813740144.npz,1813740144.npz,0,train
1070,data\raw\daisee\train\181374\1813740149\1813740149.npz,1813740149.npz,0,train
1071,data\raw\daisee\train\181374\181374015\181374015.npz,181374015.npz,0,train
1072,data\raw\daisee\train\181374\1813740150\1813740150.npz,1813740150.npz,0,train
1073,data\raw\daisee\train\181374\1813740153\1813740153.npz,1813740153.npz,0,train
1074,data\raw\daisee\train\181374\1813740155\1813740155.npz,1813740155.npz,0,train
1075,data\raw\daisee\train\181374\1813740157\1813740157.npz,1813740157.npz,0,train
1076,data\raw\daisee\train\181374\1813740159\1813740159.npz,1813740159.npz,0,val
1077,data\raw\daisee\train\181374\181374016\181374016.npz,181374016.npz,0,train
1078,data\raw\daisee\train\181374\1813740162\1813740162.npz,1813740162.npz,0,train
1079,data\raw\daisee\train\181374\1813740164\1813740164.npz,1813740164.npz,0,train
1080,data\raw\daisee\train\181374\1813740165\1813740165.npz,1813740165.npz,0,train
1081,data\raw\daisee\train\181374\1813740167\1813740167.npz,1813740167.npz,0,train
1082,data\raw\daisee\train\181374\1813740168\1813740168.npz,1813740168.npz,0,train
1083,data\raw\daisee\train\181374\1813740169\1813740169.npz,1813740169.npz,0,train
1084,data\raw\daisee\train\181374\181374017\181374017.npz,181374017.npz,0,val
1085,data\raw\daisee\train\181374\1813740171\1813740171.npz,1813740171.npz,0,val
1086,data\raw\daisee\train\181374\1813740172\1813740172.npz,1813740172.npz,0,train
1087,data\raw\daisee\train\181374\1813740173\1813740173.npz,1813740173.npz,0,train
1088,data\raw\daisee\train\181374\1813740174\1813740174.npz,1813740174.npz,0,train
1089,data\raw\daisee\train\181374\1813740176\1813740176.npz,1813740176.npz,0,train
1090,data\raw\daisee\train\181374\1813740178\1813740178.npz,1813740178.npz,0,test
1091,data\raw\daisee\train\181374\1813740179\1813740179.npz,1813740179.npz,0,train
1092,data\raw\daisee\train\181374\1813740180\1813740180.npz,1813740180.npz,0,train
1093,data\raw\daisee\train\181374\1813740181\1813740181.npz,1813740181.npz,0,train
1094,data\raw\daisee\train\181374\1813740182\1813740182.npz,1813740182.npz,0,train
1095,data\raw\daisee\train\181374\1813740183\1813740183.npz,1813740183.npz,0,train
1096,data\raw\daisee\train\181374\1813740184\1813740184.npz,1813740184.npz,1,train
1097,data\raw\daisee\train\181374\1813740185\1813740185.npz,1813740185.npz,1,train
1098,data\raw\daisee\train\181374\181374019\181374019.npz,181374019.npz,0,train
1099,data\raw\daisee\train\181374\1813740210\1813740210.npz,1813740210.npz,0,train
1100,data\raw\daisee\train\181374\1813740211\1813740211.npz,1813740211.npz,0,train
1101,data\raw\daisee\train\181374\1813740212\1813740212.npz,1813740212.npz,0,train
1102,data\raw\daisee\train\181374\1813740213\1813740213.npz,1813740213.npz,0,test
1103,data\raw\daisee\train\181374\1813740214\1813740214.npz,1813740214.npz,0,train
1104,data\raw\daisee\train\181374\1813740218\1813740218.npz,1813740218.npz,0,train
1105,data\raw\daisee\train\181374\1813740219\1813740219.npz,1813740219.npz,0,val
1106,data\raw\daisee\train\181374\1813740220\1813740220.npz,1813740220.npz,0,train
1107,data\raw\daisee\train\181374\1813740221\1813740221.npz,1813740221.npz,0,train
1108,data\raw\daisee\train\181374\1813740224\1813740224.npz,1813740224.npz,0,test
1109,data\raw\daisee\train\181374\1813740225\1813740225.npz,1813740225.npz,0,train
1110,data\raw\daisee\train\181374\1813740226\1813740226.npz,1813740226.npz,0,train
1111,data\raw\daisee\train\181374\1813740227\1813740227.npz,1813740227.npz,0,train
1112,data\raw\daisee\train\181374\1813740229\1813740229.npz,1813740229.npz,0,train
1113,data\raw\daisee\train\181374\181374023\181374023.npz,181374023.npz,0,train
1114,data\raw\daisee\train\181374\1813740231\1813740231.npz,1813740231.npz,0,test
1115,data\raw\daisee\train\181374\1813740232\1813740232.npz,1813740232.npz,0,train
1116,data\raw\daisee\train\181374\1813740233\1813740233.npz,1813740233.npz,0,train
1117,data\raw\daisee\train\181374\1813740234\1813740234.npz,1813740234.npz,0,train
1118,data\raw\daisee\train\181374\1813740235\1813740235.npz,1813740235.npz,0,train
1119,data\raw\daisee\train\181374\1813740236\1813740236.npz,1813740236.npz,0,test
1120,data\raw\daisee\train\181374\1813740237\1813740237.npz,1813740237.npz,0,train
1121,data\raw\daisee\train\181374\1813740238\1813740238.npz,1813740238.npz,0,test
1122,data\raw\daisee\train\181374\181374024\181374024.npz,181374024.npz,0,train
1123,data\raw\daisee\train\181374\1813740240\1813740240.npz,1813740240.npz,0,val
1124,data\raw\daisee\train\181374\1813740241\1813740241.npz,1813740241.npz,0,train
1125,data\raw\daisee\train\181374\1813740242\1813740242.npz,1813740242.npz,0,train
1126,data\raw\daisee\train\181374\1813740243\1813740243.npz,1813740243.npz,0,train
1127,data\raw\daisee\train\181374\1813740245\1813740245.npz,1813740245.npz,0,val
1128,data\raw\daisee\train\181374\1813740249\1813740249.npz,1813740249.npz,0,train
1129,data\raw\daisee\train\181374\181374025\181374025.npz,181374025.npz,0,train
1130,data\raw\daisee\train\181374\1813740250\1813740250.npz,1813740250.npz,0,train
1131,data\raw\daisee\train\181374\1813740251\1813740251.npz,1813740251.npz,0,test
1132,data\raw\daisee\train\181374\1813740252\1813740252.npz,1813740252.npz,0,train
1133,data\raw\daisee\train\181374\1813740253\1813740253.npz,1813740253.npz,1,test
1134,data\raw\daisee\train\181374\1813740255\1813740255.npz,1813740255.npz,0,train
1135,data\raw\daisee\train\181374\1813740256\1813740256.npz,1813740256.npz,0,train
1136,data\raw\daisee\train\181374\1813740257\1813740257.npz,1813740257.npz,0,test
1137,data\raw\daisee\train\181374\1813740258\1813740258.npz,1813740258.npz,0,train
1138,data\raw\daisee\train\181374\1813740259\1813740259.npz,1813740259.npz,0,train
1139,data\raw\daisee\train\181374\181374026\181374026.npz,181374026.npz,0,train
1140,data\raw\daisee\train\181374\1813740260\1813740260.npz,1813740260.npz,0,test
1141,data\raw\daisee\train\181374\1813740261\1813740261.npz,1813740261.npz,0,train
1142,data\raw\daisee\train\181374\1813740262\1813740262.npz,1813740262.npz,0,val
1143,data\raw\daisee\train\181374\1813740263\1813740263.npz,1813740263.npz,0,val
1144,data\raw\daisee\train\181374\1813740264\1813740264.npz,1813740264.npz,0,val
1145,data\raw\daisee\train\181374\1813740265\1813740265.npz,1813740265.npz,1,train
1146,data\raw\daisee\train\181374\1813740266\1813740266.npz,1813740266.npz,0,test
1147,data\raw\daisee\train\181374\1813740267\1813740267.npz,1813740267.npz,0,train
1148,data\raw\daisee\train\181374\1813740268\1813740268.npz,1813740268.npz,0,train
1149,data\raw\daisee\train\181374\1813740269\1813740269.npz,1813740269.npz,0,train
1150,data\raw\daisee\train\181374\181374027\181374027.npz,181374027.npz,0,train
1151,data\raw\daisee\train\181374\1813740270\1813740270.npz,1813740270.npz,0,train
1152,data\raw\daisee\train\181374\1813740271\1813740271.npz,1813740271.npz,0,train
1153,data\raw\daisee\train\181374\1813740272\1813740272.npz,1813740272.npz,0,test
1154,data\raw\daisee\train\181374\1813740273\1813740273.npz,1813740273.npz,0,train
1155,data\raw\daisee\train\181374\1813740274\1813740274.npz,1813740274.npz,0,train
1156,data\raw\daisee\train\181374\1813740275\1813740275.npz,1813740275.npz,0,val
1157,data\raw\daisee\train\181374\1813740276\1813740276.npz,1813740276.npz,0,val
1158,data\raw\daisee\train\181374\1813740277\1813740277.npz,1813740277.npz,0,val
1159,data\raw\daisee\train\181374\1813740278\1813740278.npz,1813740278.npz,0,train
1160,data\raw\daisee\train\181374\1813740279\1813740279.npz,1813740279.npz,0,test
1161,data\raw\daisee\train\181374\181374028\181374028.npz,181374028.npz,0,val
1162,data\raw\daisee\train\181374\181374029\181374029.npz,181374029.npz,0,val
1163,data\raw\daisee\train\200048\2000481035\2000481035.npz,2000481035.npz,0,train
1164,data\raw\daisee\train\200048\2000481036\2000481036.npz,2000481036.npz,0,train
1165,data\raw\daisee\train\200048\2000481037\2000481037.npz,2000481037.npz,0,test
1166,data\raw\daisee\train\200048\2000481038\2000481038.npz,2000481038.npz,0,test
1167,data\raw\daisee\train\200048\2000481039\2000481039.npz,2000481039.npz,0,train
1168,data\raw\daisee\train\200048\2000481040\2000481040.npz,2000481040.npz,0,train
1169,data\raw\daisee\train\200048\2000481041\2000481041.npz,2000481041.npz,0,train
1170,data\raw\daisee\train\200048\2000481043\2000481043.npz,2000481043.npz,0,train
1171,data\raw\daisee\train\200048\2000481048\2000481048.npz,2000481048.npz,1,train
1172,data\raw\daisee\train\200048\2000482008\2000482008.npz,2000482008.npz,0,train
1173,data\raw\daisee\train\200048\2000482009\2000482009.npz,2000482009.npz,1,val
1174,data\raw\daisee\train\200048\2000482012\2000482012.npz,2000482012.npz,0,train
1175,data\raw\daisee\train\200048\2000482018\2000482018.npz,2000482018.npz,0,train
1176,data\raw\daisee\train\200048\2000482021\2000482021.npz,2000482021.npz,1,train
1177,data\raw\daisee\train\200048\2000482034\2000482034.npz,2000482034.npz,0,train
1178,data\raw\daisee\train\200048\2000482037\2000482037.npz,2000482037.npz,0,test
1179,data\raw\daisee\train\200048\2000482038\2000482038.npz,2000482038.npz,1,train
1180,data\raw\daisee\train\200048\2000482039\2000482039.npz,2000482039.npz,0,train
1181,data\raw\daisee\train\200048\2000482041\2000482041.npz,2000482041.npz,0,train
1182,data\raw\daisee\train\200048\2000482042\2000482042.npz,2000482042.npz,0,val
1183,data\raw\daisee\train\200048\2000482043\2000482043.npz,2000482043.npz,0,val
1184,data\raw\daisee\train\200048\2000482044\2000482044.npz,2000482044.npz,0,test
1185,data\raw\daisee\train\200048\2000482049\2000482049.npz,2000482049.npz,0,val
1186,data\raw\daisee\train\200048\2000482050\2000482050.npz,2000482050.npz,1,train
1187,data\raw\daisee\train\200048\2000482052\2000482052.npz,2000482052.npz,0,val
1188,data\raw\daisee\train\200048\2000482059\2000482059.npz,2000482059.npz,0,test
1189,data\raw\daisee\train\200048\2000482065\2000482065.npz,2000482065.npz,0,train
1190,data\raw\daisee\train\200048\2000482066\2000482066.npz,2000482066.npz,0,train
1191,data\raw\daisee\train\200048\2000482067\2000482067.npz,2000482067.npz,0,train
1192,data\raw\daisee\train\200048\2000482068\2000482068.npz,2000482068.npz,0,train
1193,data\raw\daisee\train\200048\2000482070\2000482070.npz,2000482070.npz,0,train
1194,data\raw\daisee\train\200049\2000491062\2000491062.npz,2000491062.npz,0,train
1195,data\raw\daisee\train\200049\2000491064\2000491064.npz,2000491064.npz,0,val
1196,data\raw\daisee\train\200049\2000491065\2000491065.npz,2000491065.npz,0,train
1197,data\raw\daisee\train\200049\2000491066\2000491066.npz,2000491066.npz,0,train
1198,data\raw\daisee\train\200049\2000491067\2000491067.npz,2000491067.npz,0,train
1199,data\raw\daisee\train\200049\2000491068\2000491068.npz,2000491068.npz,0,test
1200,data\raw\daisee\train\200049\2000491070\2000491070.npz,2000491070.npz,0,val
1201,data\raw\daisee\train\200049\2000491072\2000491072.npz,2000491072.npz,0,test
1202,data\raw\daisee\train\200049\2000491074\2000491074.npz,2000491074.npz,0,val
1203,data\raw\daisee\train\200049\2000491075\2000491075.npz,2000491075.npz,0,test
1204,data\raw\daisee\train\200049\2000491076\2000491076.npz,2000491076.npz,0,train
1205,data\raw\daisee\train\200049\2000491077\2000491077.npz,2000491077.npz,1,train
1206,data\raw\daisee\train\200049\2000491078\2000491078.npz,2000491078.npz,0,test
1207,data\raw\daisee\train\200049\2000491079\2000491079.npz,2000491079.npz,0,train
1208,data\raw\daisee\train\200050\2000501001\2000501001.npz,2000501001.npz,1,train
1209,data\raw\daisee\train\200050\2000501002\2000501002.npz,2000501002.npz,1,test
1210,data\raw\daisee\train\200050\2000501003\2000501003.npz,2000501003.npz,0,train
1211,data\raw\daisee\train\200050\2000501004\2000501004.npz,2000501004.npz,0,train
1212,data\raw\daisee\train\200050\2000501006\2000501006.npz,2000501006.npz,1,train
1213,data\raw\daisee\train\200050\2000501009\2000501009.npz,2000501009.npz,0,train
1214,data\raw\daisee\train\200050\2000501010\2000501010.npz,2000501010.npz,0,test
1215,data\raw\daisee\train\200050\2000501011\2000501011.npz,2000501011.npz,0,train
1216,data\raw\daisee\train\200050\2000501012\2000501012.npz,2000501012.npz,0,train
1217,data\raw\daisee\train\200050\2000501014\2000501014.npz,2000501014.npz,1,test
1218,data\raw\daisee\train\200050\2000501015\2000501015.npz,2000501015.npz,1,train
1219,data\raw\daisee\train\200050\2000501016\2000501016.npz,2000501016.npz,1,train
1220,data\raw\daisee\train\200050\2000501018\2000501018.npz,2000501018.npz,0,val
1221,data\raw\daisee\train\200050\2000501019\2000501019.npz,2000501019.npz,1,train
1222,data\raw\daisee\train\200050\2000501020\2000501020.npz,2000501020.npz,0,train
1223,data\raw\daisee\train\200050\2000501021\2000501021.npz,2000501021.npz,0,val
1224,data\raw\daisee\train\200050\2000501023\2000501023.npz,2000501023.npz,0,train
1225,data\raw\daisee\train\200050\2000501027\2000501027.npz,2000501027.npz,1,train
1226,data\raw\daisee\train\200050\2000501028\2000501028.npz,2000501028.npz,1,train
1227,data\raw\daisee\train\200050\2000501030\2000501030.npz,2000501030.npz,1,train
1228,data\raw\daisee\train\200050\2000501031\2000501031.npz,2000501031.npz,1,val
1229,data\raw\daisee\train\200050\2000501032\2000501032.npz,2000501032.npz,0,train
1230,data\raw\daisee\train\200050\2000501033\2000501033.npz,2000501033.npz,0,train
1231,data\raw\daisee\train\200050\2000501035\2000501035.npz,2000501035.npz,1,train
1232,data\raw\daisee\train\200050\2000501036\2000501036.npz,2000501036.npz,0,train
1233,data\raw\daisee\train\200050\2000501037\2000501037.npz,2000501037.npz,0,val
1234,data\raw\daisee\train\200050\2000501038\2000501038.npz,2000501038.npz,0,val
1235,data\raw\daisee\train\200050\2000501039\2000501039.npz,2000501039.npz,0,train
1236,data\raw\daisee\train\200050\2000501040\2000501040.npz,2000501040.npz,0,train
1237,data\raw\daisee\train\200050\2000501041\2000501041.npz,2000501041.npz,0,train
1238,data\raw\daisee\train\200050\2000501042\2000501042.npz,2000501042.npz,0,train
1239,data\raw\daisee\train\200050\2000501043\2000501043.npz,2000501043.npz,0,train
1240,data\raw\daisee\train\200050\2000501044\2000501044.npz,2000501044.npz,0,train
1241,data\raw\daisee\train\200050\2000501045\2000501045.npz,2000501045.npz,0,train
1242,data\raw\daisee\train\200050\2000501046\2000501046.npz,2000501046.npz,0,train
1243,data\raw\daisee\train\200050\2000501049\2000501049.npz,2000501049.npz,0,val
1244,data\raw\daisee\train\200050\2000501050\2000501050.npz,2000501050.npz,1,val
1245,data\raw\daisee\train\200050\2000501051\2000501051.npz,2000501051.npz,1,train
1246,data\raw\daisee\train\200050\2000501052\2000501052.npz,2000501052.npz,1,train
1247,data\raw\daisee\train\200050\2000501053\2000501053.npz,2000501053.npz,1,train
1248,data\raw\daisee\train\200050\2000501054\2000501054.npz,2000501054.npz,0,train
1249,data\raw\daisee\train\200050\2000501056\2000501056.npz,2000501056.npz,0,train
1250,data\raw\daisee\train\200050\2000501057\2000501057.npz,2000501057.npz,1,train
1251,data\raw\daisee\train\200050\2000501060\2000501060.npz,2000501060.npz,0,train
1252,data\raw\daisee\train\200050\2000501061\2000501061.npz,2000501061.npz,1,train
1253,data\raw\daisee\train\200050\2000501062\2000501062.npz,2000501062.npz,0,test
1254,data\raw\daisee\train\200050\2000501063\2000501063.npz,2000501063.npz,1,train
1255,data\raw\daisee\train\200050\2000501065\2000501065.npz,2000501065.npz,0,test
1256,data\raw\daisee\train\200050\2000501066\2000501066.npz,2000501066.npz,0,val
1257,data\raw\daisee\train\200050\2000501067\2000501067.npz,2000501067.npz,0,train
1258,data\raw\daisee\train\200050\2000501071\2000501071.npz,2000501071.npz,0,train
1259,data\raw\daisee\train\200050\2000501074\2000501074.npz,2000501074.npz,0,train
1260,data\raw\daisee\train\200050\2000501075\2000501075.npz,2000501075.npz,0,train
1261,data\raw\daisee\train\200050\2000501076\2000501076.npz,2000501076.npz,0,train
1262,data\raw\daisee\train\200050\2000501078\2000501078.npz,2000501078.npz,0,train
1263,data\raw\daisee\train\200050\2000502002\2000502002.npz,2000502002.npz,0,train
1264,data\raw\daisee\train\200050\2000502005\2000502005.npz,2000502005.npz,1,train
1265,data\raw\daisee\train\200050\2000502006\2000502006.npz,2000502006.npz,1,train
1266,data\raw\daisee\train\200050\2000502007\2000502007.npz,2000502007.npz,0,train
1267,data\raw\daisee\train\200050\2000502009\2000502009.npz,2000502009.npz,1,val
1268,data\raw\daisee\train\200050\2000502010\2000502010.npz,2000502010.npz,1,train
1269,data\raw\daisee\train\200050\2000502012\2000502012.npz,2000502012.npz,0,train
1270,data\raw\daisee\train\200050\2000502013\2000502013.npz,2000502013.npz,0,train
1271,data\raw\daisee\train\200050\2000502014\2000502014.npz,2000502014.npz,0,train
1272,data\raw\daisee\train\200050\2000502015\2000502015.npz,2000502015.npz,0,val
1273,data\raw\daisee\train\200050\2000502019\2000502019.npz,2000502019.npz,1,val
1274,data\raw\daisee\train\200050\2000502020\2000502020.npz,2000502020.npz,0,test
1275,data\raw\daisee\train\200050\2000502023\2000502023.npz,2000502023.npz,1,train
1276,data\raw\daisee\train\200050\2000502025\2000502025.npz,2000502025.npz,0,train
1277,data\raw\daisee\train\200050\2000502033\2000502033.npz,2000502033.npz,1,train
1278,data\raw\daisee\train\200050\2000502036\2000502036.npz,2000502036.npz,1,train
1279,data\raw\daisee\train\200050\2000502037\2000502037.npz,2000502037.npz,0,train
1280,data\raw\daisee\train\200050\2000502039\2000502039.npz,2000502039.npz,0,train
1281,data\raw\daisee\train\200050\2000502040\2000502040.npz,2000502040.npz,0,val
1282,data\raw\daisee\train\200050\2000502041\2000502041.npz,2000502041.npz,0,val
1283,data\raw\daisee\train\200050\2000502043\2000502043.npz,2000502043.npz,1,train
1284,data\raw\daisee\train\200050\2000502044\2000502044.npz,2000502044.npz,0,test
1285,data\raw\daisee\train\200050\2000502045\2000502045.npz,2000502045.npz,0,train
1286,data\raw\daisee\train\200050\2000502047\2000502047.npz,2000502047.npz,1,test
1287,data\raw\daisee\train\200050\2000502048\2000502048.npz,2000502048.npz,1,train
1288,data\raw\daisee\train\200050\2000502049\2000502049.npz,2000502049.npz,1,train
1289,data\raw\daisee\train\200050\2000502050\2000502050.npz,2000502050.npz,1,train
1290,data\raw\daisee\train\200050\2000502051\2000502051.npz,2000502051.npz,0,train
1291,data\raw\daisee\train\200050\2000502054\2000502054.npz,2000502054.npz,0,train
1292,data\raw\daisee\train\200050\2000502055\2000502055.npz,2000502055.npz,0,test
1293,data\raw\daisee\train\200050\2000502056\2000502056.npz,2000502056.npz,1,train
1294,data\raw\daisee\train\200050\2000502057\2000502057.npz,2000502057.npz,0,train
1295,data\raw\daisee\train\200050\2000502058\2000502058.npz,2000502058.npz,1,train
1296,data\raw\daisee\train\200050\2000502059\2000502059.npz,2000502059.npz,1,test
1297,data\raw\daisee\train\200050\2000502061\2000502061.npz,2000502061.npz,1,test
1298,data\raw\daisee\train\200050\2000502062\2000502062.npz,2000502062.npz,1,val
1299,data\raw\daisee\train\200050\2000502063\2000502063.npz,2000502063.npz,1,train
1300,data\raw\daisee\train\200050\2000502065\2000502065.npz,2000502065.npz,1,test
1301,data\raw\daisee\train\200050\2000502066\2000502066.npz,2000502066.npz,0,train
1302,data\raw\daisee\train\200050\2000502067\2000502067.npz,2000502067.npz,0,train
1303,data\raw\daisee\train\200050\2000502069\2000502069.npz,2000502069.npz,1,val
1304,data\raw\daisee\train\200050\2000502070\2000502070.npz,2000502070.npz,0,train
1305,data\raw\daisee\train\200050\2000502072\2000502072.npz,2000502072.npz,1,train
1306,data\raw\daisee\train\200050\2000502073\2000502073.npz,2000502073.npz,0,test
1307,data\raw\daisee\train\200050\2000502075\2000502075.npz,2000502075.npz,1,test
1308,data\raw\daisee\train\200050\2000502076\2000502076.npz,2000502076.npz,0,train
1309,data\raw\daisee\train\200050\2000502077\2000502077.npz,2000502077.npz,0,train
1310,data\raw\daisee\train\200050\2000502078\2000502078.npz,2000502078.npz,0,train
1311,data\raw\daisee\train\200050\2000502081\2000502081.npz,2000502081.npz,1,val
1312,data\raw\daisee\train\200050\2000502084\2000502084.npz,2000502084.npz,0,train
1313,data\raw\daisee\train\200050\2000502087\2000502087.npz,2000502087.npz,1,train
1314,data\raw\daisee\train\200050\2000502088\2000502088.npz,2000502088.npz,0,train
1315,data\raw\daisee\train\200050\2000502090\2000502090.npz,2000502090.npz,1,train
1316,data\raw\daisee\train\200054\2000541001\2000541001.npz,2000541001.npz,0,train
1317,data\raw\daisee\train\200054\2000541002\2000541002.npz,2000541002.npz,1,train
1318,data\raw\daisee\train\200054\2000541003\2000541003.npz,2000541003.npz,0,train
1319,data\raw\daisee\train\200054\2000541006\2000541006.npz,2000541006.npz,0,train
1320,data\raw\daisee\train\200054\2000541007\2000541007.npz,2000541007.npz,0,val
1321,data\raw\daisee\train\200054\2000541010\2000541010.npz,2000541010.npz,1,val
1322,data\raw\daisee\train\200054\2000541011\2000541011.npz,2000541011.npz,1,test
1323,data\raw\daisee\train\200054\2000541014\2000541014.npz,2000541014.npz,0,test
1324,data\raw\daisee\train\200054\2000541015\2000541015.npz,2000541015.npz,0,train
1325,data\raw\daisee\train\200054\2000541016\2000541016.npz,2000541016.npz,0,test
1326,data\raw\daisee\train\200054\2000541018\2000541018.npz,2000541018.npz,1,train
1327,data\raw\daisee\train\200054\2000541019\2000541019.npz,2000541019.npz,0,val
1328,data\raw\daisee\train\200054\2000541020\2000541020.npz,2000541020.npz,0,train
1329,data\raw\daisee\train\200054\2000541021\2000541021.npz,2000541021.npz,0,train
1330,data\raw\daisee\train\200054\2000541022\2000541022.npz,2000541022.npz,1,val
1331,data\raw\daisee\train\200054\2000541023\2000541023.npz,2000541023.npz,0,test
1332,data\raw\daisee\train\200054\2000541024\2000541024.npz,2000541024.npz,0,val
1333,data\raw\daisee\train\200054\2000541025\2000541025.npz,2000541025.npz,0,train
1334,data\raw\daisee\train\200054\2000541027\2000541027.npz,2000541027.npz,0,train
1335,data\raw\daisee\train\200054\2000541028\2000541028.npz,2000541028.npz,0,train
1336,data\raw\daisee\train\200054\2000541029\2000541029.npz,2000541029.npz,1,val
1337,data\raw\daisee\train\200054\2000541030\2000541030.npz,2000541030.npz,0,train
1338,data\raw\daisee\train\200054\2000541031\2000541031.npz,2000541031.npz,0,train
1339,data\raw\daisee\train\200054\2000541032\2000541032.npz,2000541032.npz,0,train
1340,data\raw\daisee\train\200054\2000541034\2000541034.npz,2000541034.npz,0,train
1341,data\raw\daisee\train\200054\2000541035\2000541035.npz,2000541035.npz,1,test
1342,data\raw\daisee\train\200054\2000541038\2000541038.npz,2000541038.npz,1,train
1343,data\raw\daisee\train\200054\2000541039\2000541039.npz,2000541039.npz,0,train
1344,data\raw\daisee\train\200054\2000541040\2000541040.npz,2000541040.npz,0,train
1345,data\raw\daisee\train\200054\2000541041\2000541041.npz,2000541041.npz,0,train
1346,data\raw\daisee\train\200054\2000541043\2000541043.npz,2000541043.npz,0,train
1347,data\raw\daisee\train\200054\2000541044\2000541044.npz,2000541044.npz,0,train
1348,data\raw\daisee\train\200054\2000541045\2000541045.npz,2000541045.npz,0,val
1349,data\raw\daisee\train\200054\2000541046\2000541046.npz,2000541046.npz,1,train
1350,data\raw\daisee\train\200054\2000541049\2000541049.npz,2000541049.npz,0,train
1351,data\raw\daisee\train\200054\2000541050\2000541050.npz,2000541050.npz,0,val
1352,data\raw\daisee\train\200054\2000541051\2000541051.npz,2000541051.npz,0,train
1353,data\raw\daisee\train\200054\2000541052\2000541052.npz,2000541052.npz,0,test
1354,data\raw\daisee\train\200054\2000541053\2000541053.npz,2000541053.npz,0,val
1355,data\raw\daisee\train\200054\2000541054\2000541054.npz,2000541054.npz,1,val
1356,data\raw\daisee\train\200054\2000541055\2000541055.npz,2000541055.npz,0,train
1357,data\raw\daisee\train\200054\2000541056\2000541056.npz,2000541056.npz,0,train
1358,data\raw\daisee\train\200054\2000541057\2000541057.npz,2000541057.npz,0,train
1359,data\raw\daisee\train\200054\2000541059\2000541059.npz,2000541059.npz,1,train
1360,data\raw\daisee\train\200054\2000541062\2000541062.npz,2000541062.npz,0,train
1361,data\raw\daisee\train\200054\2000541064\2000541064.npz,2000541064.npz,0,test
1362,data\raw\daisee\train\200054\2000541066\2000541066.npz,2000541066.npz,1,train
1363,data\raw\daisee\train\200054\2000541067\2000541067.npz,2000541067.npz,0,train
1364,data\raw\daisee\train\200054\2000541068\2000541068.npz,2000541068.npz,0,test
1365,data\raw\daisee\train\200054\2000541069\2000541069.npz,2000541069.npz,0,train
1366,data\raw\daisee\train\200054\2000541070\2000541070.npz,2000541070.npz,1,train
1367,data\raw\daisee\train\200054\2000541071\2000541071.npz,2000541071.npz,0,test
1368,data\raw\daisee\train\200054\2000541072\2000541072.npz,2000541072.npz,0,test
1369,data\raw\daisee\train\200054\2000541073\2000541073.npz,2000541073.npz,1,train
1370,data\raw\daisee\train\200054\2000541074\2000541074.npz,2000541074.npz,0,train
1371,data\raw\daisee\train\200054\2000541075\2000541075.npz,2000541075.npz,0,test
1372,data\raw\daisee\train\200054\2000541076\2000541076.npz,2000541076.npz,0,train
1373,data\raw\daisee\train\200054\2000541077\2000541077.npz,2000541077.npz,0,train
1374,data\raw\daisee\train\200054\2000541079\2000541079.npz,2000541079.npz,0,train
1375,data\raw\daisee\train\200054\2000541080\2000541080.npz,2000541080.npz,0,train
1376,data\raw\daisee\train\200054\2000541081\2000541081.npz,2000541081.npz,0,train
1377,data\raw\daisee\train\200054\2000542001\2000542001.npz,2000542001.npz,1,train
1378,data\raw\daisee\train\200054\2000542002\2000542002.npz,2000542002.npz,1,test
1379,data\raw\daisee\train\200054\2000542007\2000542007.npz,2000542007.npz,0,train
1380,data\raw\daisee\train\200054\2000542008\2000542008.npz,2000542008.npz,0,train
1381,data\raw\daisee\train\200054\2000542009\2000542009.npz,2000542009.npz,0,train
1382,data\raw\daisee\train\200054\2000542010\2000542010.npz,2000542010.npz,0,val
1383,data\raw\daisee\train\200054\2000542013\2000542013.npz,2000542013.npz,0,train
1384,data\raw\daisee\train\200054\2000542015\2000542015.npz,2000542015.npz,0,train
1385,data\raw\daisee\train\200054\2000542016\2000542016.npz,2000542016.npz,0,test
1386,data\raw\daisee\train\200054\2000542021\2000542021.npz,2000542021.npz,1,train
1387,data\raw\daisee\train\200054\2000542022\2000542022.npz,2000542022.npz,0,train
1388,data\raw\daisee\train\200054\2000542025\2000542025.npz,2000542025.npz,0,train
1389,data\raw\daisee\train\200054\2000542026\2000542026.npz,2000542026.npz,0,test
1390,data\raw\daisee\train\200054\2000542027\2000542027.npz,2000542027.npz,0,train
1391,data\raw\daisee\train\200054\2000542029\2000542029.npz,2000542029.npz,1,train
1392,data\raw\daisee\train\200054\2000542030\2000542030.npz,2000542030.npz,0,train
1393,data\raw\daisee\train\200054\2000542032\2000542032.npz,2000542032.npz,0,train
1394,data\raw\daisee\train\200054\2000542033\2000542033.npz,2000542033.npz,0,train
1395,data\raw\daisee\train\200054\2000542034\2000542034.npz,2000542034.npz,1,train
1396,data\raw\daisee\train\200054\2000542035\2000542035.npz,2000542035.npz,0,train
1397,data\raw\daisee\train\200054\2000542036\2000542036.npz,2000542036.npz,0,train
1398,data\raw\daisee\train\200054\2000542042\2000542042.npz,2000542042.npz,0,train
1399,data\raw\daisee\train\200054\2000542049\2000542049.npz,2000542049.npz,0,test
1400,data\raw\daisee\train\200054\2000542050\2000542050.npz,2000542050.npz,0,val
1401,data\raw\daisee\train\200054\2000542051\2000542051.npz,2000542051.npz,0,test
1402,data\raw\daisee\train\200054\2000542052\2000542052.npz,2000542052.npz,0,train
1403,data\raw\daisee\train\200054\2000542054\2000542054.npz,2000542054.npz,0,train
1404,data\raw\daisee\train\200054\2000542056\2000542056.npz,2000542056.npz,0,test
1405,data\raw\daisee\train\202614\2026140111\2026140111.npz,2026140111.npz,0,test
1406,data\raw\daisee\train\202614\2026140113\2026140113.npz,2026140113.npz,0,train
1407,data\raw\daisee\train\202614\2026140116\2026140116.npz,2026140116.npz,0,train
1408,data\raw\daisee\train\202614\2026140117\2026140117.npz,2026140117.npz,0,train
1409,data\raw\daisee\train\202614\2026140118\2026140118.npz,2026140118.npz,0,train
1410,data\raw\daisee\train\202614\2026140119\2026140119.npz,2026140119.npz,0,train
1411,data\raw\daisee\train\202614\2026140120\2026140120.npz,2026140120.npz,0,test
1412,data\raw\daisee\train\202614\2026140122\2026140122.npz,2026140122.npz,0,test
1413,data\raw\daisee\train\202614\2026140124\2026140124.npz,2026140124.npz,0,train
1414,data\raw\daisee\train\202614\2026140125\2026140125.npz,2026140125.npz,1,train
1415,data\raw\daisee\train\202614\2026140126\2026140126.npz,2026140126.npz,0,train
1416,data\raw\daisee\train\202614\2026140128\2026140128.npz,2026140128.npz,0,train
1417,data\raw\daisee\train\202614\2026140129\2026140129.npz,2026140129.npz,0,train
1418,data\raw\daisee\train\202614\2026140130\2026140130.npz,2026140130.npz,0,train
1419,data\raw\daisee\train\202614\2026140131\2026140131.npz,2026140131.npz,0,val
1420,data\raw\daisee\train\202614\2026140133\2026140133.npz,2026140133.npz,0,val
1421,data\raw\daisee\train\202614\2026140134\2026140134.npz,2026140134.npz,0,test
1422,data\raw\daisee\train\202614\2026140135\2026140135.npz,2026140135.npz,0,val
1423,data\raw\daisee\train\202614\2026140138\2026140138.npz,2026140138.npz,0,train
1424,data\raw\daisee\train\202614\2026140141\2026140141.npz,2026140141.npz,0,train
1425,data\raw\daisee\train\202614\2026140145\2026140145.npz,2026140145.npz,0,test
1426,data\raw\daisee\train\202614\2026140147\2026140147.npz,2026140147.npz,0,train
1427,data\raw\daisee\train\202614\2026140149\2026140149.npz,2026140149.npz,0,train
1428,data\raw\daisee\train\202614\202614015\202614015.npz,202614015.npz,0,train
1429,data\raw\daisee\train\202614\2026140151\2026140151.npz,2026140151.npz,0,val
1430,data\raw\daisee\train\202614\2026140154\2026140154.npz,2026140154.npz,0,train
1431,data\raw\daisee\train\202614\2026140158\2026140158.npz,2026140158.npz,0,test
1432,data\raw\daisee\train\202614\2026140159\2026140159.npz,2026140159.npz,0,test
1433,data\raw\daisee\train\202614\202614016\202614016.npz,202614016.npz,0,train
1434,data\raw\daisee\train\202614\2026140160\2026140160.npz,2026140160.npz,0,train
1435,data\raw\daisee\train\202614\2026140161\2026140161.npz,2026140161.npz,0,train
1436,data\raw\daisee\train\202614\2026140165\2026140165.npz,2026140165.npz,0,val
1437,data\raw\daisee\train\202614\2026140169\2026140169.npz,2026140169.npz,0,train
1438,data\raw\daisee\train\202614\202614017\202614017.npz,202614017.npz,0,train
1439,data\raw\daisee\train\202614\2026140170\2026140170.npz,2026140170.npz,0,test
1440,data\raw\daisee\train\202614\2026140172\2026140172.npz,2026140172.npz,0,train
1441,data\raw\daisee\train\202614\202614018\202614018.npz,202614018.npz,0,train
1442,data\raw\daisee\train\202614\202614019\202614019.npz,202614019.npz,1,test
1443,data\raw\daisee\train\202614\202614020\202614020.npz,202614020.npz,0,test
1444,data\raw\daisee\train\202614\202614021\202614021.npz,202614021.npz,0,val
1445,data\raw\daisee\train\202614\2026140210\2026140210.npz,2026140210.npz,0,train
1446,data\raw\daisee\train\202614\2026140212\2026140212.npz,2026140212.npz,0,train
1447,data\raw\daisee\train\202614\2026140213\2026140213.npz,2026140213.npz,0,test
1448,data\raw\daisee\train\202614\2026140220\2026140220.npz,2026140220.npz,1,train
1449,data\raw\daisee\train\202614\2026140221\2026140221.npz,2026140221.npz,0,train
1450,data\raw\daisee\train\202614\2026140223\2026140223.npz,2026140223.npz,0,val
1451,data\raw\daisee\train\202614\2026140224\2026140224.npz,2026140224.npz,0,train
1452,data\raw\daisee\train\202614\2026140225\2026140225.npz,2026140225.npz,0,train
1453,data\raw\daisee\train\202614\202614023\202614023.npz,202614023.npz,0,train
1454,data\raw\daisee\train\202614\2026140230\2026140230.npz,2026140230.npz,1,train
1455,data\raw\daisee\train\202614\2026140233\2026140233.npz,2026140233.npz,0,test
1456,data\raw\daisee\train\202614\2026140236\2026140236.npz,2026140236.npz,0,train
1457,data\raw\daisee\train\202614\2026140237\2026140237.npz,2026140237.npz,0,val
1458,data\raw\daisee\train\202614\2026140239\2026140239.npz,2026140239.npz,0,val
1459,data\raw\daisee\train\202614\2026140241\2026140241.npz,2026140241.npz,0,test
1460,data\raw\daisee\train\202614\2026140243\2026140243.npz,2026140243.npz,1,train
1461,data\raw\daisee\train\202614\2026140246\2026140246.npz,2026140246.npz,0,train
1462,data\raw\daisee\train\202614\2026140247\2026140247.npz,2026140247.npz,0,val
1463,data\raw\daisee\train\202614\2026140249\2026140249.npz,2026140249.npz,0,train
1464,data\raw\daisee\train\202614\202614025\202614025.npz,202614025.npz,0,train
1465,data\raw\daisee\train\202614\2026140250\2026140250.npz,2026140250.npz,0,train
1466,data\raw\daisee\train\202614\2026140253\2026140253.npz,2026140253.npz,0,train
1467,data\raw\daisee\train\202614\2026140254\2026140254.npz,2026140254.npz,1,test
1468,data\raw\daisee\train\202614\2026140255\2026140255.npz,2026140255.npz,0,test
1469,data\raw\daisee\train\202614\2026140259\2026140259.npz,2026140259.npz,0,train
1470,data\raw\daisee\train\202614\2026140260\2026140260.npz,2026140260.npz,0,train
1471,data\raw\daisee\train\202614\2026140263\2026140263.npz,2026140263.npz,0,train
1472,data\raw\daisee\train\202614\2026140264\2026140264.npz,2026140264.npz,1,train
1473,data\raw\daisee\train\202614\2026140272\2026140272.npz,2026140272.npz,0,train
1474,data\raw\daisee\train\202614\2026140273\2026140273.npz,2026140273.npz,1,train
1475,data\raw\daisee\train\202614\2026140275\2026140275.npz,2026140275.npz,0,train
1476,data\raw\daisee\train\202614\2026140276\2026140276.npz,2026140276.npz,0,train
1477,data\raw\daisee\train\202614\2026140277\2026140277.npz,2026140277.npz,0,test
1478,data\raw\daisee\train\202614\2026140279\2026140279.npz,2026140279.npz,0,train
1479,data\raw\daisee\train\202614\2026140281\2026140281.npz,2026140281.npz,0,train
1480,data\raw\daisee\train\202614\202614029\202614029.npz,202614029.npz,1,train
1481,data\raw\daisee\train\205601\205601011\205601011.npz,205601011.npz,0,val
1482,data\raw\daisee\train\205601\2056010112\2056010112.npz,2056010112.npz,0,train
1483,data\raw\daisee\train\205601\2056010113\2056010113.npz,2056010113.npz,0,train
1484,data\raw\daisee\train\205601\2056010114\2056010114.npz,2056010114.npz,1,train
1485,data\raw\daisee\train\205601\2056010116\2056010116.npz,2056010116.npz,0,train
1486,data\raw\daisee\train\205601\2056010118\2056010118.npz,2056010118.npz,0,train
1487,data\raw\daisee\train\205601\2056010119\2056010119.npz,2056010119.npz,0,train
1488,data\raw\daisee\train\205601\205601012\205601012.npz,205601012.npz,0,train
1489,data\raw\daisee\train\205601\2056010120\2056010120.npz,2056010120.npz,0,train
1490,data\raw\daisee\train\205601\2056010122\2056010122.npz,2056010122.npz,0,train
1491,data\raw\daisee\train\205601\2056010123\2056010123.npz,2056010123.npz,0,train
1492,data\raw\daisee\train\205601\2056010124\2056010124.npz,2056010124.npz,0,train
1493,data\raw\daisee\train\205601\2056010126\2056010126.npz,2056010126.npz,0,test
1494,data\raw\daisee\train\205601\2056010130\2056010130.npz,2056010130.npz,0,test
1495,data\raw\daisee\train\205601\2056010133\2056010133.npz,2056010133.npz,0,test
1496,data\raw\daisee\train\205601\2056010134\2056010134.npz,2056010134.npz,1,test
1497,data\raw\daisee\train\205601\2056010136\2056010136.npz,2056010136.npz,0,train
1498,data\raw\daisee\train\205601\2056010137\2056010137.npz,2056010137.npz,1,test
1499,data\raw\daisee\train\205601\2056010139\2056010139.npz,2056010139.npz,0,train
1500,data\raw\daisee\train\205601\2056010141\2056010141.npz,2056010141.npz,0,train
1501,data\raw\daisee\train\205601\2056010142\2056010142.npz,2056010142.npz,0,train
1502,data\raw\daisee\train\205601\2056010148\2056010148.npz,2056010148.npz,0,train
1503,data\raw\daisee\train\205601\2056010149\2056010149.npz,2056010149.npz,0,test
1504,data\raw\daisee\train\205601\2056010153\2056010153.npz,2056010153.npz,0,val
1505,data\raw\daisee\train\205601\2056010155\2056010155.npz,2056010155.npz,0,train
1506,data\raw\daisee\train\205601\2056010156\2056010156.npz,2056010156.npz,0,val
1507,data\raw\daisee\train\205601\2056010157\2056010157.npz,2056010157.npz,0,train
1508,data\raw\daisee\train\205601\205601016\205601016.npz,205601016.npz,0,train
1509,data\raw\daisee\train\205601\2056010160\2056010160.npz,2056010160.npz,0,val
1510,data\raw\daisee\train\205601\2056010162\2056010162.npz,2056010162.npz,0,train
1511,data\raw\daisee\train\205601\2056010164\2056010164.npz,2056010164.npz,0,train
1512,data\raw\daisee\train\205601\2056010165\2056010165.npz,2056010165.npz,0,val
1513,data\raw\daisee\train\205601\2056010167\2056010167.npz,2056010167.npz,0,train
1514,data\raw\daisee\train\205601\205601017\205601017.npz,205601017.npz,0,test
1515,data\raw\daisee\train\205601\205601018\205601018.npz,205601018.npz,0,train
1516,data\raw\daisee\train\205601\2056010210\2056010210.npz,2056010210.npz,0,train
1517,data\raw\daisee\train\205601\2056010212\2056010212.npz,2056010212.npz,1,val
1518,data\raw\daisee\train\205601\2056010213\2056010213.npz,2056010213.npz,0,test
1519,data\raw\daisee\train\205601\2056010214\2056010214.npz,2056010214.npz,0,train
1520,data\raw\daisee\train\205601\2056010215\2056010215.npz,2056010215.npz,0,train
1521,data\raw\daisee\train\205601\2056010218\2056010218.npz,2056010218.npz,0,train
1522,data\raw\daisee\train\205601\2056010219\2056010219.npz,2056010219.npz,0,train
1523,data\raw\daisee\train\205601\2056010222\2056010222.npz,2056010222.npz,1,test
1524,data\raw\daisee\train\205601\2056010224\2056010224.npz,2056010224.npz,1,train
1525,data\raw\daisee\train\205601\2056010225\2056010225.npz,2056010225.npz,0,train
1526,data\raw\daisee\train\205601\2056010226\2056010226.npz,2056010226.npz,0,train
1527,data\raw\daisee\train\205601\2056010228\2056010228.npz,2056010228.npz,0,train
1528,data\raw\daisee\train\205601\2056010229\2056010229.npz,2056010229.npz,0,test
1529,data\raw\daisee\train\205601\2056010230\2056010230.npz,2056010230.npz,1,test
1530,data\raw\daisee\train\205601\2056010232\2056010232.npz,2056010232.npz,0,train
1531,data\raw\daisee\train\205601\2056010233\2056010233.npz,2056010233.npz,0,val
1532,data\raw\daisee\train\205601\2056010234\2056010234.npz,2056010234.npz,0,train
1533,data\raw\daisee\train\205601\2056010235\2056010235.npz,2056010235.npz,0,test
1534,data\raw\daisee\train\205601\2056010236\2056010236.npz,2056010236.npz,0,train
1535,data\raw\daisee\train\205601\2056010238\2056010238.npz,2056010238.npz,0,train
1536,data\raw\daisee\train\205601\2056010239\2056010239.npz,2056010239.npz,0,train
1537,data\raw\daisee\train\205601\205601024\205601024.npz,205601024.npz,0,train
1538,data\raw\daisee\train\205601\2056010240\2056010240.npz,2056010240.npz,0,train
1539,data\raw\daisee\train\205601\2056010241\2056010241.npz,2056010241.npz,0,train
1540,data\raw\daisee\train\205601\2056010242\2056010242.npz,2056010242.npz,1,train
1541,data\raw\daisee\train\205601\2056010244\2056010244.npz,2056010244.npz,0,train
1542,data\raw\daisee\train\205601\2056010245\2056010245.npz,2056010245.npz,0,train
1543,data\raw\daisee\train\205601\2056010247\2056010247.npz,2056010247.npz,0,train
1544,data\raw\daisee\train\205601\2056010249\2056010249.npz,2056010249.npz,0,train
1545,data\raw\daisee\train\205601\205601025\205601025.npz,205601025.npz,0,test
1546,data\raw\daisee\train\205601\2056010250\2056010250.npz,2056010250.npz,0,train
1547,data\raw\daisee\train\205601\2056010252\2056010252.npz,2056010252.npz,0,train
1548,data\raw\daisee\train\205601\2056010253\2056010253.npz,2056010253.npz,0,train
1549,data\raw\daisee\train\205601\2056010254\2056010254.npz,2056010254.npz,0,val
1550,data\raw\daisee\train\205601\2056010255\2056010255.npz,2056010255.npz,0,train
1551,data\raw\daisee\train\205601\2056010258\2056010258.npz,2056010258.npz,0,val
1552,data\raw\daisee\train\205601\2056010260\2056010260.npz,2056010260.npz,0,test
1553,data\raw\daisee\train\205601\2056010261\2056010261.npz,2056010261.npz,0,train
1554,data\raw\daisee\train\205601\2056010262\2056010262.npz,2056010262.npz,0,test
1555,data\raw\daisee\train\205601\2056010263\2056010263.npz,2056010263.npz,0,train
1556,data\raw\daisee\train\205601\2056010265\2056010265.npz,2056010265.npz,0,train
1557,data\raw\daisee\train\205601\2056010267\2056010267.npz,2056010267.npz,0,val
1558,data\raw\daisee\train\205601\2056010269\2056010269.npz,2056010269.npz,1,train
1559,data\raw\daisee\train\205601\205601027\205601027.npz,205601027.npz,1,val
1560,data\raw\daisee\train\205601\2056010272\2056010272.npz,2056010272.npz,0,test
1561,data\raw\daisee\train\205601\2056010274\2056010274.npz,2056010274.npz,0,train
1562,data\raw\daisee\train\205601\2056010275\2056010275.npz,2056010275.npz,0,train
1563,data\raw\daisee\train\205601\2056010276\2056010276.npz,2056010276.npz,0,train
1564,data\raw\daisee\train\205601\2056010277\2056010277.npz,2056010277.npz,0,val
1565,data\raw\daisee\train\205601\2056010279\2056010279.npz,2056010279.npz,0,train
1566,data\raw\daisee\train\205601\205601028\205601028.npz,205601028.npz,0,train
1567,data\raw\daisee\train\205601\2056010281\2056010281.npz,2056010281.npz,0,val
1568,data\raw\daisee\train\205601\2056010283\2056010283.npz,2056010283.npz,0,train
1569,data\raw\daisee\train\210051\2100511002\2100511002.npz,2100511002.npz,0,val
1570,data\raw\daisee\train\210051\2100511003\2100511003.npz,2100511003.npz,0,val
1571,data\raw\daisee\train\210051\2100511005\2100511005.npz,2100511005.npz,0,val
1572,data\raw\daisee\train\210051\2100511008\2100511008.npz,2100511008.npz,1,test
1573,data\raw\daisee\train\210051\2100511011\2100511011.npz,2100511011.npz,0,train
1574,data\raw\daisee\train\210051\2100511012\2100511012.npz,2100511012.npz,0,train
1575,data\raw\daisee\train\210051\2100511013\2100511013.npz,2100511013.npz,0,test
1576,data\raw\daisee\train\210051\2100511015\2100511015.npz,2100511015.npz,1,train
1577,data\raw\daisee\train\210051\2100511016\2100511016.npz,2100511016.npz,0,train
1578,data\raw\daisee\train\210051\2100511018\2100511018.npz,2100511018.npz,0,train
1579,data\raw\daisee\train\210051\2100511019\2100511019.npz,2100511019.npz,0,train
1580,data\raw\daisee\train\210051\2100511024\2100511024.npz,2100511024.npz,0,train
1581,data\raw\daisee\train\210051\2100511026\2100511026.npz,2100511026.npz,0,test
1582,data\raw\daisee\train\210051\2100511027\2100511027.npz,2100511027.npz,1,train
1583,data\raw\daisee\train\210051\2100511028\2100511028.npz,2100511028.npz,0,train
1584,data\raw\daisee\train\210051\2100511031\2100511031.npz,2100511031.npz,0,train
1585,data\raw\daisee\train\210051\2100511032\2100511032.npz,2100511032.npz,0,train
1586,data\raw\daisee\train\210051\2100511034\2100511034.npz,2100511034.npz,0,test
1587,data\raw\daisee\train\210051\2100511035\2100511035.npz,2100511035.npz,1,train
1588,data\raw\daisee\train\210051\2100511036\2100511036.npz,2100511036.npz,0,train
1589,data\raw\daisee\train\210051\2100511038\2100511038.npz,2100511038.npz,0,train
1590,data\raw\daisee\train\210051\2100511039\2100511039.npz,2100511039.npz,0,train
1591,data\raw\daisee\train\210051\2100511040\2100511040.npz,2100511040.npz,0,train
1592,data\raw\daisee\train\210051\2100511044\2100511044.npz,2100511044.npz,1,test
1593,data\raw\daisee\train\210051\2100511048\2100511048.npz,2100511048.npz,1,train
1594,data\raw\daisee\train\210051\2100511057\2100511057.npz,2100511057.npz,0,train
1595,data\raw\daisee\train\210051\2100511058\2100511058.npz,2100511058.npz,0,val
1596,data\raw\daisee\train\210051\2100511059\2100511059.npz,2100511059.npz,0,train
1597,data\raw\daisee\train\210051\2100511060\2100511060.npz,2100511060.npz,0,train
1598,data\raw\daisee\train\210051\2100511061\2100511061.npz,2100511061.npz,1,train
1599,data\raw\daisee\train\210051\2100511062\2100511062.npz,2100511062.npz,0,train
1600,data\raw\daisee\train\210051\2100511063\2100511063.npz,2100511063.npz,0,val
1601,data\raw\daisee\train\210051\2100511064\2100511064.npz,2100511064.npz,0,train
1602,data\raw\daisee\train\210051\2100511065\2100511065.npz,2100511065.npz,0,train
1603,data\raw\daisee\train\210051\2100511067\2100511067.npz,2100511067.npz,0,val
1604,data\raw\daisee\train\210051\2100511069\2100511069.npz,2100511069.npz,1,train
1605,data\raw\daisee\train\210051\2100511070\2100511070.npz,2100511070.npz,0,train
1606,data\raw\daisee\train\210051\2100511071\2100511071.npz,2100511071.npz,0,train
1607,data\raw\daisee\train\210051\2100511072\2100511072.npz,2100511072.npz,0,train
1608,data\raw\daisee\train\210051\2100511073\2100511073.npz,2100511073.npz,0,test
1609,data\raw\daisee\train\210051\2100511074\2100511074.npz,2100511074.npz,1,train
1610,data\raw\daisee\train\210051\2100511076\2100511076.npz,2100511076.npz,0,train
1611,data\raw\daisee\train\210051\2100511077\2100511077.npz,2100511077.npz,0,val
1612,data\raw\daisee\train\210051\2100511078\2100511078.npz,2100511078.npz,0,train
1613,data\raw\daisee\train\210051\2100511079\2100511079.npz,2100511079.npz,0,train
1614,data\raw\daisee\train\210051\2100511080\2100511080.npz,2100511080.npz,0,train
1615,data\raw\daisee\train\210051\2100511081\2100511081.npz,2100511081.npz,1,train
1616,data\raw\daisee\train\210051\2100511082\2100511082.npz,2100511082.npz,0,train
1617,data\raw\daisee\train\210051\2100512001\2100512001.npz,2100512001.npz,0,test
1618,data\raw\daisee\train\210051\2100512002\2100512002.npz,2100512002.npz,0,train
1619,data\raw\daisee\train\210051\2100512003\2100512003.npz,2100512003.npz,0,train
1620,data\raw\daisee\train\210051\2100512006\2100512006.npz,2100512006.npz,0,train
1621,data\raw\daisee\train\210051\2100512007\2100512007.npz,2100512007.npz,0,train
1622,data\raw\daisee\train\210051\2100512009\2100512009.npz,2100512009.npz,0,train
1623,data\raw\daisee\train\210051\2100512010\2100512010.npz,2100512010.npz,0,test
1624,data\raw\daisee\train\210051\2100512011\2100512011.npz,2100512011.npz,0,train
1625,data\raw\daisee\train\210051\2100512012\2100512012.npz,2100512012.npz,0,train
1626,data\raw\daisee\train\210051\2100512014\2100512014.npz,2100512014.npz,1,test
1627,data\raw\daisee\train\210051\2100512015\2100512015.npz,2100512015.npz,0,train
1628,data\raw\daisee\train\210051\2100512016\2100512016.npz,2100512016.npz,0,train
1629,data\raw\daisee\train\210051\2100512017\2100512017.npz,2100512017.npz,0,train
1630,data\raw\daisee\train\210051\2100512018\2100512018.npz,2100512018.npz,0,train
1631,data\raw\daisee\train\210051\2100512020\2100512020.npz,2100512020.npz,0,train
1632,data\raw\daisee\train\210051\2100512021\2100512021.npz,2100512021.npz,0,train
1633,data\raw\daisee\train\210051\2100512025\2100512025.npz,2100512025.npz,0,train
1634,data\raw\daisee\train\210051\2100512026\2100512026.npz,2100512026.npz,0,train
1635,data\raw\daisee\train\210051\2100512028\2100512028.npz,2100512028.npz,1,train
1636,data\raw\daisee\train\210051\2100512029\2100512029.npz,2100512029.npz,0,train
1637,data\raw\daisee\train\210051\2100512032\2100512032.npz,2100512032.npz,0,train
1638,data\raw\daisee\train\210051\2100512034\2100512034.npz,2100512034.npz,0,train
1639,data\raw\daisee\train\210051\2100512035\2100512035.npz,2100512035.npz,0,train
1640,data\raw\daisee\train\210051\2100512036\2100512036.npz,2100512036.npz,0,train
1641,data\raw\daisee\train\210051\2100512037\2100512037.npz,2100512037.npz,1,test
1642,data\raw\daisee\train\210051\2100512038\2100512038.npz,2100512038.npz,0,train
1643,data\raw\daisee\train\210051\2100512039\2100512039.npz,2100512039.npz,0,train
1644,data\raw\daisee\train\210051\2100512041\2100512041.npz,2100512041.npz,1,test
1645,data\raw\daisee\train\210051\2100512042\2100512042.npz,2100512042.npz,0,train
1646,data\raw\daisee\train\210051\2100512044\2100512044.npz,2100512044.npz,0,train
1647,data\raw\daisee\train\210051\2100512045\2100512045.npz,2100512045.npz,0,test
1648,data\raw\daisee\train\210051\2100512051\2100512051.npz,2100512051.npz,1,train
1649,data\raw\daisee\train\210051\2100512052\2100512052.npz,2100512052.npz,0,train
1650,data\raw\daisee\train\210051\2100512053\2100512053.npz,2100512053.npz,0,val
1651,data\raw\daisee\train\210051\2100512055\2100512055.npz,2100512055.npz,0,val
1652,data\raw\daisee\train\210051\2100512057\2100512057.npz,2100512057.npz,0,train
1653,data\raw\daisee\train\210051\2100512058\2100512058.npz,2100512058.npz,0,train
1654,data\raw\daisee\train\210051\2100512061\2100512061.npz,2100512061.npz,0,train
1655,data\raw\daisee\train\210051\2100512062\2100512062.npz,2100512062.npz,0,test
1656,data\raw\daisee\train\210051\2100512063\2100512063.npz,2100512063.npz,0,train
1657,data\raw\daisee\train\210051\2100512064\2100512064.npz,2100512064.npz,1,train
1658,data\raw\daisee\train\210051\2100512065\2100512065.npz,2100512065.npz,1,test
1659,data\raw\daisee\train\210052\2100521002\2100521002.npz,2100521002.npz,0,val
1660,data\raw\daisee\train\210052\2100521005\2100521005.npz,2100521005.npz,0,val
1661,data\raw\daisee\train\210052\2100521006\2100521006.npz,2100521006.npz,0,train
1662,data\raw\daisee\train\210052\2100521008\2100521008.npz,2100521008.npz,0,train
1663,data\raw\daisee\train\210052\2100521009\2100521009.npz,2100521009.npz,0,train
1664,data\raw\daisee\train\210052\2100521010\2100521010.npz,2100521010.npz,1,train
1665,data\raw\daisee\train\210052\2100521013\2100521013.npz,2100521013.npz,0,test
1666,data\raw\daisee\train\210052\2100521014\2100521014.npz,2100521014.npz,0,train
1667,data\raw\daisee\train\210052\2100521015\2100521015.npz,2100521015.npz,0,train
1668,data\raw\daisee\train\210052\2100521016\2100521016.npz,2100521016.npz,0,train
1669,data\raw\daisee\train\210052\2100521017\2100521017.npz,2100521017.npz,0,train
1670,data\raw\daisee\train\210052\2100521018\2100521018.npz,2100521018.npz,1,val
1671,data\raw\daisee\train\210052\2100521021\2100521021.npz,2100521021.npz,0,train
1672,data\raw\daisee\train\210052\2100521022\2100521022.npz,2100521022.npz,0,train
1673,data\raw\daisee\train\210052\2100521023\2100521023.npz,2100521023.npz,0,train
1674,data\raw\daisee\train\210052\2100521024\2100521024.npz,2100521024.npz,0,train
1675,data\raw\daisee\train\210052\2100521025\2100521025.npz,2100521025.npz,0,test
1676,data\raw\daisee\train\210052\2100521026\2100521026.npz,2100521026.npz,0,train
1677,data\raw\daisee\train\210052\2100521027\2100521027.npz,2100521027.npz,0,train
1678,data\raw\daisee\train\210052\2100521028\2100521028.npz,2100521028.npz,0,train
1679,data\raw\daisee\train\210052\2100521029\2100521029.npz,2100521029.npz,0,train
1680,data\raw\daisee\train\210052\2100521030\2100521030.npz,2100521030.npz,0,val
1681,data\raw\daisee\train\210052\2100521031\2100521031.npz,2100521031.npz,0,val
1682,data\raw\daisee\train\210052\2100521032\2100521032.npz,2100521032.npz,1,train
1683,data\raw\daisee\train\210052\2100521033\2100521033.npz,2100521033.npz,1,train
1684,data\raw\daisee\train\210052\2100521034\2100521034.npz,2100521034.npz,0,train
1685,data\raw\daisee\train\210052\2100521035\2100521035.npz,2100521035.npz,1,train
1686,data\raw\daisee\train\210052\2100521037\2100521037.npz,2100521037.npz,0,train
1687,data\raw\daisee\train\210052\2100521038\2100521038.npz,2100521038.npz,0,train
1688,data\raw\daisee\train\210052\2100521039\2100521039.npz,2100521039.npz,0,train
1689,data\raw\daisee\train\210052\2100521040\2100521040.npz,2100521040.npz,0,train
1690,data\raw\daisee\train\210052\2100521041\2100521041.npz,2100521041.npz,0,train
1691,data\raw\daisee\train\210052\2100521042\2100521042.npz,2100521042.npz,1,train
1692,data\raw\daisee\train\210052\2100521043\2100521043.npz,2100521043.npz,0,train
1693,data\raw\daisee\train\210052\2100521044\2100521044.npz,2100521044.npz,0,train
1694,data\raw\daisee\train\210052\2100521046\2100521046.npz,2100521046.npz,0,train
1695,data\raw\daisee\train\210052\2100521047\2100521047.npz,2100521047.npz,0,train
1696,data\raw\daisee\train\210052\2100521048\2100521048.npz,2100521048.npz,0,train
1697,data\raw\daisee\train\210052\2100521049\2100521049.npz,2100521049.npz,0,train
1698,data\raw\daisee\train\210052\2100521050\2100521050.npz,2100521050.npz,0,train
1699,data\raw\daisee\train\210052\2100521051\2100521051.npz,2100521051.npz,0,train
1700,data\raw\daisee\train\210052\2100521052\2100521052.npz,2100521052.npz,1,train
1701,data\raw\daisee\train\210052\2100521054\2100521054.npz,2100521054.npz,0,val
1702,data\raw\daisee\train\210052\2100521055\2100521055.npz,2100521055.npz,0,val
1703,data\raw\daisee\train\210052\2100521056\2100521056.npz,2100521056.npz,0,train
1704,data\raw\daisee\train\210052\2100521057\2100521057.npz,2100521057.npz,0,val
1705,data\raw\daisee\train\210052\2100521059\2100521059.npz,2100521059.npz,0,train
1706,data\raw\daisee\train\210052\2100521060\2100521060.npz,2100521060.npz,0,train
1707,data\raw\daisee\train\210052\2100521061\2100521061.npz,2100521061.npz,0,test
1708,data\raw\daisee\train\210052\2100521062\2100521062.npz,2100521062.npz,0,train
1709,data\raw\daisee\train\210052\2100521063\2100521063.npz,2100521063.npz,1,train
1710,data\raw\daisee\train\210052\2100521067\2100521067.npz,2100521067.npz,1,train
1711,data\raw\daisee\train\210052\2100521069\2100521069.npz,2100521069.npz,0,test
1712,data\raw\daisee\train\210052\2100521070\2100521070.npz,2100521070.npz,0,train
1713,data\raw\daisee\train\210052\2100521072\2100521072.npz,2100521072.npz,0,train
1714,data\raw\daisee\train\210052\2100521073\2100521073.npz,2100521073.npz,0,train
1715,data\raw\daisee\train\210052\2100521074\2100521074.npz,2100521074.npz,0,train
1716,data\raw\daisee\train\210052\2100521075\2100521075.npz,2100521075.npz,0,train
1717,data\raw\daisee\train\210052\2100521076\2100521076.npz,2100521076.npz,0,train
1718,data\raw\daisee\train\210052\2100521077\2100521077.npz,2100521077.npz,0,train
1719,data\raw\daisee\train\210052\2100521078\2100521078.npz,2100521078.npz,0,train
1720,data\raw\daisee\train\210052\2100521079\2100521079.npz,2100521079.npz,0,test
1721,data\raw\daisee\train\210052\2100522001\2100522001.npz,2100522001.npz,0,train
1722,data\raw\daisee\train\210052\2100522004\2100522004.npz,2100522004.npz,0,train
1723,data\raw\daisee\train\210052\2100522005\2100522005.npz,2100522005.npz,1,train
1724,data\raw\daisee\train\210052\2100522006\2100522006.npz,2100522006.npz,0,test
1725,data\raw\daisee\train\210052\2100522007\2100522007.npz,2100522007.npz,0,train
1726,data\raw\daisee\train\210052\2100522008\2100522008.npz,2100522008.npz,0,train
1727,data\raw\daisee\train\210052\2100522009\2100522009.npz,2100522009.npz,0,train
1728,data\raw\daisee\train\210052\2100522010\2100522010.npz,2100522010.npz,0,train
1729,data\raw\daisee\train\210052\2100522011\2100522011.npz,2100522011.npz,0,train
1730,data\raw\daisee\train\210052\2100522012\2100522012.npz,2100522012.npz,0,train
1731,data\raw\daisee\train\210052\2100522013\2100522013.npz,2100522013.npz,0,train
1732,data\raw\daisee\train\210052\2100522018\2100522018.npz,2100522018.npz,0,val
1733,data\raw\daisee\train\210052\2100522019\2100522019.npz,2100522019.npz,0,train
1734,data\raw\daisee\train\210052\2100522020\2100522020.npz,2100522020.npz,0,train
1735,data\raw\daisee\train\210052\2100522021\2100522021.npz,2100522021.npz,0,train
1736,data\raw\daisee\train\210052\2100522023\2100522023.npz,2100522023.npz,0,train
1737,data\raw\daisee\train\210052\2100522024\2100522024.npz,2100522024.npz,0,train
1738,data\raw\daisee\train\210052\2100522026\2100522026.npz,2100522026.npz,1,train
1739,data\raw\daisee\train\210052\2100522028\2100522028.npz,2100522028.npz,1,train
1740,data\raw\daisee\train\210052\2100522031\2100522031.npz,2100522031.npz,1,train
1741,data\raw\daisee\train\210052\2100522033\2100522033.npz,2100522033.npz,0,val
1742,data\raw\daisee\train\210052\2100522034\2100522034.npz,2100522034.npz,0,train
1743,data\raw\daisee\train\210052\2100522035\2100522035.npz,2100522035.npz,0,train
1744,data\raw\daisee\train\210052\2100522036\2100522036.npz,2100522036.npz,0,train
1745,data\raw\daisee\train\210052\2100522038\2100522038.npz,2100522038.npz,1,train
1746,data\raw\daisee\train\210052\2100522039\2100522039.npz,2100522039.npz,0,train
1747,data\raw\daisee\train\210052\2100522040\2100522040.npz,2100522040.npz,0,train
1748,data\raw\daisee\train\210052\2100522041\2100522041.npz,2100522041.npz,0,train
1749,data\raw\daisee\train\210052\2100522042\2100522042.npz,2100522042.npz,0,test
1750,data\raw\daisee\train\210052\2100522046\2100522046.npz,2100522046.npz,1,train
1751,data\raw\daisee\train\210052\2100522047\2100522047.npz,2100522047.npz,1,val
1752,data\raw\daisee\train\210052\2100522048\2100522048.npz,2100522048.npz,1,train
1753,data\raw\daisee\train\210052\2100522049\2100522049.npz,2100522049.npz,0,train
1754,data\raw\daisee\train\210052\2100522050\2100522050.npz,2100522050.npz,0,train
1755,data\raw\daisee\train\210052\2100522051\2100522051.npz,2100522051.npz,0,train
1756,data\raw\daisee\train\210052\2100522052\2100522052.npz,2100522052.npz,0,train
1757,data\raw\daisee\train\210052\2100522053\2100522053.npz,2100522053.npz,0,train
1758,data\raw\daisee\train\210052\2100522054\2100522054.npz,2100522054.npz,0,test
1759,data\raw\daisee\train\210052\2100522055\2100522055.npz,2100522055.npz,0,test
1760,data\raw\daisee\train\210052\2100522056\2100522056.npz,2100522056.npz,1,train
1761,data\raw\daisee\train\210052\2100522059\2100522059.npz,2100522059.npz,0,train
1762,data\raw\daisee\train\210052\2100522060\2100522060.npz,2100522060.npz,0,val
1763,data\raw\daisee\train\210052\2100522061\2100522061.npz,2100522061.npz,0,train
1764,data\raw\daisee\train\210052\2100522062\2100522062.npz,2100522062.npz,0,test
1765,data\raw\daisee\train\210052\2100522063\2100522063.npz,2100522063.npz,0,train
1766,data\raw\daisee\train\210052\2100522064\2100522064.npz,2100522064.npz,1,val
1767,data\raw\daisee\train\210052\2100522067\2100522067.npz,2100522067.npz,1,val
1768,data\raw\daisee\train\210052\2100522068\2100522068.npz,2100522068.npz,0,train
1769,data\raw\daisee\train\210052\2100522070\2100522070.npz,2100522070.npz,0,train
1770,data\raw\daisee\train\210053\2100531001\2100531001.npz,2100531001.npz,0,train
1771,data\raw\daisee\train\210053\2100531002\2100531002.npz,2100531002.npz,0,test
1772,data\raw\daisee\train\210053\2100531003\2100531003.npz,2100531003.npz,0,train
1773,data\raw\daisee\train\210053\2100531004\2100531004.npz,2100531004.npz,0,test
1774,data\raw\daisee\train\210053\2100531006\2100531006.npz,2100531006.npz,0,train
1775,data\raw\daisee\train\210053\2100531007\2100531007.npz,2100531007.npz,0,train
1776,data\raw\daisee\train\210053\2100531008\2100531008.npz,2100531008.npz,0,train
1777,data\raw\daisee\train\210053\2100531009\2100531009.npz,2100531009.npz,0,val
1778,data\raw\daisee\train\210053\2100531010\2100531010.npz,2100531010.npz,0,train
1779,data\raw\daisee\train\210053\2100531012\2100531012.npz,2100531012.npz,0,val
1780,data\raw\daisee\train\210053\2100531013\2100531013.npz,2100531013.npz,0,val
1781,data\raw\daisee\train\210053\2100531014\2100531014.npz,2100531014.npz,0,val
1782,data\raw\daisee\train\210053\2100531015\2100531015.npz,2100531015.npz,0,train
1783,data\raw\daisee\train\210053\2100531016\2100531016.npz,2100531016.npz,0,train
1784,data\raw\daisee\train\210053\2100531017\2100531017.npz,2100531017.npz,0,test
1785,data\raw\daisee\train\210053\2100531018\2100531018.npz,2100531018.npz,0,val
1786,data\raw\daisee\train\210053\2100531019\2100531019.npz,2100531019.npz,0,test
1787,data\raw\daisee\train\210053\2100531021\2100531021.npz,2100531021.npz,0,val
1788,data\raw\daisee\train\210053\2100531022\2100531022.npz,2100531022.npz,0,train
1789,data\raw\daisee\train\210053\2100531023\2100531023.npz,2100531023.npz,0,train
1790,data\raw\daisee\train\210053\2100531024\2100531024.npz,2100531024.npz,0,val
1791,data\raw\daisee\train\210053\2100531025\2100531025.npz,2100531025.npz,0,train
1792,data\raw\daisee\train\210053\2100531026\2100531026.npz,2100531026.npz,0,train
1793,data\raw\daisee\train\210053\2100531027\2100531027.npz,2100531027.npz,0,train
1794,data\raw\daisee\train\210053\2100531028\2100531028.npz,2100531028.npz,0,train
1795,data\raw\daisee\train\210053\2100531030\2100531030.npz,2100531030.npz,0,train
1796,data\raw\daisee\train\210053\2100531031\2100531031.npz,2100531031.npz,0,train
1797,data\raw\daisee\train\210053\2100531033\2100531033.npz,2100531033.npz,0,test
1798,data\raw\daisee\train\210053\2100531034\2100531034.npz,2100531034.npz,0,train
1799,data\raw\daisee\train\210053\2100531035\2100531035.npz,2100531035.npz,0,val
1800,data\raw\daisee\train\210053\2100531036\2100531036.npz,2100531036.npz,0,test
1801,data\raw\daisee\train\210053\2100531037\2100531037.npz,2100531037.npz,0,train
1802,data\raw\daisee\train\210053\2100531040\2100531040.npz,2100531040.npz,0,train
1803,data\raw\daisee\train\210053\2100531041\2100531041.npz,2100531041.npz,0,train
1804,data\raw\daisee\train\210053\2100531042\2100531042.npz,2100531042.npz,0,train
1805,data\raw\daisee\train\210053\2100531043\2100531043.npz,2100531043.npz,0,val
1806,data\raw\daisee\train\210053\2100531044\2100531044.npz,2100531044.npz,0,val
1807,data\raw\daisee\train\210053\2100531045\2100531045.npz,2100531045.npz,0,train
1808,data\raw\daisee\train\210053\2100531047\2100531047.npz,2100531047.npz,0,train
1809,data\raw\daisee\train\210053\2100531048\2100531048.npz,2100531048.npz,0,test
1810,data\raw\daisee\train\210053\2100531049\2100531049.npz,2100531049.npz,0,val
1811,data\raw\daisee\train\210053\2100531050\2100531050.npz,2100531050.npz,0,train
1812,data\raw\daisee\train\210053\2100531051\2100531051.npz,2100531051.npz,0,train
1813,data\raw\daisee\train\210053\2100531052\2100531052.npz,2100531052.npz,0,train
1814,data\raw\daisee\train\210053\2100531053\2100531053.npz,2100531053.npz,0,test
1815,data\raw\daisee\train\210053\2100531055\2100531055.npz,2100531055.npz,0,train
1816,data\raw\daisee\train\210053\2100531056\2100531056.npz,2100531056.npz,0,train
1817,data\raw\daisee\train\210053\2100531057\2100531057.npz,2100531057.npz,0,train
1818,data\raw\daisee\train\210053\2100531058\2100531058.npz,2100531058.npz,0,val
1819,data\raw\daisee\train\210053\2100531059\2100531059.npz,2100531059.npz,0,train
1820,data\raw\daisee\train\210053\2100531060\2100531060.npz,2100531060.npz,0,test
1821,data\raw\daisee\train\210053\2100531061\2100531061.npz,2100531061.npz,0,test
1822,data\raw\daisee\train\210053\2100531063\2100531063.npz,2100531063.npz,0,test
1823,data\raw\daisee\train\210053\2100531064\2100531064.npz,2100531064.npz,0,test
1824,data\raw\daisee\train\210053\2100531065\2100531065.npz,2100531065.npz,0,train
1825,data\raw\daisee\train\210053\2100531066\2100531066.npz,2100531066.npz,0,val
1826,data\raw\daisee\train\210053\2100531067\2100531067.npz,2100531067.npz,0,train
1827,data\raw\daisee\train\210053\2100531068\2100531068.npz,2100531068.npz,0,train
1828,data\raw\daisee\train\210053\2100531070\2100531070.npz,2100531070.npz,0,train
1829,data\raw\daisee\train\210053\2100531071\2100531071.npz,2100531071.npz,0,train
1830,data\raw\daisee\train\210053\2100531072\2100531072.npz,2100531072.npz,0,test
1831,data\raw\daisee\train\210053\2100531073\2100531073.npz,2100531073.npz,0,test
1832,data\raw\daisee\train\210053\2100531074\2100531074.npz,2100531074.npz,0,train
1833,data\raw\daisee\train\210053\2100531076\2100531076.npz,2100531076.npz,0,test
1834,data\raw\daisee\train\210053\2100531077\2100531077.npz,2100531077.npz,0,train
1835,data\raw\daisee\train\210053\2100531078\2100531078.npz,2100531078.npz,0,train
1836,data\raw\daisee\train\210053\2100531079\2100531079.npz,2100531079.npz,0,val
1837,data\raw\daisee\train\210053\2100531080\2100531080.npz,2100531080.npz,0,train
1838,data\raw\daisee\train\210053\2100531081\2100531081.npz,2100531081.npz,0,train
1839,data\raw\daisee\train\210053\2100531082\2100531082.npz,2100531082.npz,0,train
1840,data\raw\daisee\train\210053\2100531084\2100531084.npz,2100531084.npz,0,val
1841,data\raw\daisee\train\210053\2100532002\2100532002.npz,2100532002.npz,0,train
1842,data\raw\daisee\train\210053\2100532003\2100532003.npz,2100532003.npz,1,train
1843,data\raw\daisee\train\210053\2100532004\2100532004.npz,2100532004.npz,0,train
1844,data\raw\daisee\train\210053\2100532005\2100532005.npz,2100532005.npz,0,train
1845,data\raw\daisee\train\210053\2100532007\2100532007.npz,2100532007.npz,0,train
1846,data\raw\daisee\train\210053\2100532008\2100532008.npz,2100532008.npz,0,val
1847,data\raw\daisee\train\210053\2100532010\2100532010.npz,2100532010.npz,0,train
1848,data\raw\daisee\train\210053\2100532012\2100532012.npz,2100532012.npz,0,train
1849,data\raw\daisee\train\210053\2100532013\2100532013.npz,2100532013.npz,0,train
1850,data\raw\daisee\train\210053\2100532015\2100532015.npz,2100532015.npz,0,val
1851,data\raw\daisee\train\210053\2100532016\2100532016.npz,2100532016.npz,1,train
1852,data\raw\daisee\train\210053\2100532017\2100532017.npz,2100532017.npz,0,train
1853,data\raw\daisee\train\210053\2100532019\2100532019.npz,2100532019.npz,1,test
1854,data\raw\daisee\train\210053\2100532020\2100532020.npz,2100532020.npz,0,val
1855,data\raw\daisee\train\210053\2100532022\2100532022.npz,2100532022.npz,1,val
1856,data\raw\daisee\train\210053\2100532023\2100532023.npz,2100532023.npz,0,val
1857,data\raw\daisee\train\210053\2100532024\2100532024.npz,2100532024.npz,0,test
1858,data\raw\daisee\train\210053\2100532025\2100532025.npz,2100532025.npz,0,train
1859,data\raw\daisee\train\210053\2100532026\2100532026.npz,2100532026.npz,0,train
1860,data\raw\daisee\train\210053\2100532027\2100532027.npz,2100532027.npz,0,test
1861,data\raw\daisee\train\210053\2100532028\2100532028.npz,2100532028.npz,0,val
1862,data\raw\daisee\train\210053\2100532029\2100532029.npz,2100532029.npz,0,train
1863,data\raw\daisee\train\210053\2100532030\2100532030.npz,2100532030.npz,0,train
1864,data\raw\daisee\train\210053\2100532031\2100532031.npz,2100532031.npz,0,test
1865,data\raw\daisee\train\210053\2100532032\2100532032.npz,2100532032.npz,0,train
1866,data\raw\daisee\train\210053\2100532033\2100532033.npz,2100532033.npz,0,val
1867,data\raw\daisee\train\210053\2100532034\2100532034.npz,2100532034.npz,0,val
1868,data\raw\daisee\train\210053\2100532037\2100532037.npz,2100532037.npz,0,train
1869,data\raw\daisee\train\210053\2100532042\2100532042.npz,2100532042.npz,0,train
1870,data\raw\daisee\train\210053\2100532043\2100532043.npz,2100532043.npz,0,train
1871,data\raw\daisee\train\210053\2100532044\2100532044.npz,2100532044.npz,0,train
1872,data\raw\daisee\train\210053\2100532045\2100532045.npz,2100532045.npz,0,test
1873,data\raw\daisee\train\210053\2100532046\2100532046.npz,2100532046.npz,0,train
1874,data\raw\daisee\train\210053\2100532047\2100532047.npz,2100532047.npz,0,train
1875,data\raw\daisee\train\210053\2100532048\2100532048.npz,2100532048.npz,0,train
1876,data\raw\daisee\train\210053\2100532050\2100532050.npz,2100532050.npz,0,train
1877,data\raw\daisee\train\210053\2100532052\2100532052.npz,2100532052.npz,0,val
1878,data\raw\daisee\train\210053\2100532053\2100532053.npz,2100532053.npz,0,train
1879,data\raw\daisee\train\210053\2100532054\2100532054.npz,2100532054.npz,0,val
1880,data\raw\daisee\train\210053\2100532055\2100532055.npz,2100532055.npz,0,train
1881,data\raw\daisee\train\210053\2100532056\2100532056.npz,2100532056.npz,0,train
1882,data\raw\daisee\train\210053\2100532057\2100532057.npz,2100532057.npz,1,train
1883,data\raw\daisee\train\210053\2100532058\2100532058.npz,2100532058.npz,0,train
1884,data\raw\daisee\train\210053\2100532059\2100532059.npz,2100532059.npz,0,test
1885,data\raw\daisee\train\210053\2100532060\2100532060.npz,2100532060.npz,0,train
1886,data\raw\daisee\train\210053\2100532061\2100532061.npz,2100532061.npz,0,train
1887,data\raw\daisee\train\210053\2100532062\2100532062.npz,2100532062.npz,0,train
1888,data\raw\daisee\train\210053\2100532063\2100532063.npz,2100532063.npz,0,train
1889,data\raw\daisee\train\210053\2100532064\2100532064.npz,2100532064.npz,0,train
1890,data\raw\daisee\train\210053\2100532066\2100532066.npz,2100532066.npz,0,train
1891,data\raw\daisee\train\210053\2100532067\2100532067.npz,2100532067.npz,0,train
1892,data\raw\daisee\train\210053\2100532068\2100532068.npz,2100532068.npz,0,test
1893,data\raw\daisee\train\210053\2100532070\2100532070.npz,2100532070.npz,0,train
1894,data\raw\daisee\train\210053\2100532071\2100532071.npz,2100532071.npz,0,train
1895,data\raw\daisee\train\210053\2100532072\2100532072.npz,2100532072.npz,0,train
1896,data\raw\daisee\train\210055\2100551002\2100551002.npz,2100551002.npz,0,train
1897,data\raw\daisee\train\210055\2100551005\2100551005.npz,2100551005.npz,1,val
1898,data\raw\daisee\train\210055\2100551006\2100551006.npz,2100551006.npz,0,train
1899,data\raw\daisee\train\210055\2100551007\2100551007.npz,2100551007.npz,0,val
1900,data\raw\daisee\train\210055\2100551010\2100551010.npz,2100551010.npz,1,train
1901,data\raw\daisee\train\210055\2100551011\2100551011.npz,2100551011.npz,1,test
1902,data\raw\daisee\train\210055\2100551013\2100551013.npz,2100551013.npz,0,train
1903,data\raw\daisee\train\210055\2100551014\2100551014.npz,2100551014.npz,0,train
1904,data\raw\daisee\train\210055\2100551015\2100551015.npz,2100551015.npz,0,train
1905,data\raw\daisee\train\210055\2100551016\2100551016.npz,2100551016.npz,0,train
1906,data\raw\daisee\train\210055\2100551017\2100551017.npz,2100551017.npz,0,val
1907,data\raw\daisee\train\210055\2100551018\2100551018.npz,2100551018.npz,0,train
1908,data\raw\daisee\train\210055\2100551019\2100551019.npz,2100551019.npz,0,train
1909,data\raw\daisee\train\210055\2100551020\2100551020.npz,2100551020.npz,1,test
1910,data\raw\daisee\train\210055\2100551021\2100551021.npz,2100551021.npz,1,train
1911,data\raw\daisee\train\210055\2100551022\2100551022.npz,2100551022.npz,0,train
1912,data\raw\daisee\train\210055\2100551023\2100551023.npz,2100551023.npz,0,val
1913,data\raw\daisee\train\210055\2100551024\2100551024.npz,2100551024.npz,1,train
1914,data\raw\daisee\train\210055\2100551025\2100551025.npz,2100551025.npz,1,test
1915,data\raw\daisee\train\210055\2100551027\2100551027.npz,2100551027.npz,0,test
1916,data\raw\daisee\train\210055\2100551028\2100551028.npz,2100551028.npz,0,test
1917,data\raw\daisee\train\210055\2100551029\2100551029.npz,2100551029.npz,0,train
1918,data\raw\daisee\train\210055\2100551032\2100551032.npz,2100551032.npz,1,train
1919,data\raw\daisee\train\210055\2100551033\2100551033.npz,2100551033.npz,0,train
1920,data\raw\daisee\train\210055\2100551034\2100551034.npz,2100551034.npz,1,val
1921,data\raw\daisee\train\210055\2100551035\2100551035.npz,2100551035.npz,1,train
1922,data\raw\daisee\train\210055\2100551036\2100551036.npz,2100551036.npz,0,train
1923,data\raw\daisee\train\210055\2100551037\2100551037.npz,2100551037.npz,1,train
1924,data\raw\daisee\train\210055\2100551039\2100551039.npz,2100551039.npz,0,train
1925,data\raw\daisee\train\210055\2100551041\2100551041.npz,2100551041.npz,0,test
1926,data\raw\daisee\train\210055\2100551042\2100551042.npz,2100551042.npz,1,test
1927,data\raw\daisee\train\210055\2100551043\2100551043.npz,2100551043.npz,0,train
1928,data\raw\daisee\train\210055\2100551044\2100551044.npz,2100551044.npz,0,val
1929,data\raw\daisee\train\210055\2100551045\2100551045.npz,2100551045.npz,0,train
1930,data\raw\daisee\train\210055\2100551046\2100551046.npz,2100551046.npz,0,train
1931,data\raw\daisee\train\210055\2100551049\2100551049.npz,2100551049.npz,0,val
1932,data\raw\daisee\train\210055\2100551050\2100551050.npz,2100551050.npz,0,train
1933,data\raw\daisee\train\210055\2100551051\2100551051.npz,2100551051.npz,1,train
1934,data\raw\daisee\train\210055\2100551052\2100551052.npz,2100551052.npz,1,train
1935,data\raw\daisee\train\210055\2100551053\2100551053.npz,2100551053.npz,0,train
1936,data\raw\daisee\train\210055\2100551054\2100551054.npz,2100551054.npz,0,train
1937,data\raw\daisee\train\210055\2100551055\2100551055.npz,2100551055.npz,0,train
1938,data\raw\daisee\train\210055\2100551056\2100551056.npz,2100551056.npz,0,train
1939,data\raw\daisee\train\210055\2100551057\2100551057.npz,2100551057.npz,1,train
1940,data\raw\daisee\train\210055\2100551059\2100551059.npz,2100551059.npz,1,test
1941,data\raw\daisee\train\210055\2100551060\2100551060.npz,2100551060.npz,1,train
1942,data\raw\daisee\train\210055\2100551061\2100551061.npz,2100551061.npz,1,train
1943,data\raw\daisee\train\210055\2100551062\2100551062.npz,2100551062.npz,1,train
1944,data\raw\daisee\train\210055\2100551063\2100551063.npz,2100551063.npz,1,train
1945,data\raw\daisee\train\210055\2100551064\2100551064.npz,2100551064.npz,0,train
1946,data\raw\daisee\train\210055\2100551065\2100551065.npz,2100551065.npz,0,train
1947,data\raw\daisee\train\210055\2100551066\2100551066.npz,2100551066.npz,1,train
1948,data\raw\daisee\train\210055\2100551067\2100551067.npz,2100551067.npz,1,train
1949,data\raw\daisee\train\210055\2100551068\2100551068.npz,2100551068.npz,1,train
1950,data\raw\daisee\train\210055\2100551069\2100551069.npz,2100551069.npz,0,train
1951,data\raw\daisee\train\210055\2100551071\2100551071.npz,2100551071.npz,0,test
1952,data\raw\daisee\train\210055\2100551072\2100551072.npz,2100551072.npz,1,train
1953,data\raw\daisee\train\210055\2100551073\2100551073.npz,2100551073.npz,0,train
1954,data\raw\daisee\train\210055\2100551074\2100551074.npz,2100551074.npz,0,test
1955,data\raw\daisee\train\210055\2100551075\2100551075.npz,2100551075.npz,0,val
1956,data\raw\daisee\train\210055\2100551076\2100551076.npz,2100551076.npz,0,train
1957,data\raw\daisee\train\210055\2100551077\2100551077.npz,2100551077.npz,0,val
1958,data\raw\daisee\train\210055\2100551079\2100551079.npz,2100551079.npz,0,train
1959,data\raw\daisee\train\210055\2100551080\2100551080.npz,2100551080.npz,0,test
1960,data\raw\daisee\train\210055\2100551081\2100551081.npz,2100551081.npz,1,val
1961,data\raw\daisee\train\210055\2100552002\2100552002.npz,2100552002.npz,0,train
1962,data\raw\daisee\train\210055\2100552003\2100552003.npz,2100552003.npz,0,val
1963,data\raw\daisee\train\210055\2100552004\2100552004.npz,2100552004.npz,0,train
1964,data\raw\daisee\train\210055\2100552005\2100552005.npz,2100552005.npz,0,train
1965,data\raw\daisee\train\210055\2100552006\2100552006.npz,2100552006.npz,0,train
1966,data\raw\daisee\train\210055\2100552007\2100552007.npz,2100552007.npz,0,train
1967,data\raw\daisee\train\210055\2100552008\2100552008.npz,2100552008.npz,0,train
1968,data\raw\daisee\train\210055\2100552009\2100552009.npz,2100552009.npz,0,train
1969,data\raw\daisee\train\210055\2100552010\2100552010.npz,2100552010.npz,0,train
1970,data\raw\daisee\train\210055\2100552011\2100552011.npz,2100552011.npz,0,train
1971,data\raw\daisee\train\210055\2100552012\2100552012.npz,2100552012.npz,1,train
1972,data\raw\daisee\train\210055\2100552013\2100552013.npz,2100552013.npz,0,train
1973,data\raw\daisee\train\210055\2100552014\2100552014.npz,2100552014.npz,1,train
1974,data\raw\daisee\train\210055\2100552015\2100552015.npz,2100552015.npz,0,train
1975,data\raw\daisee\train\210055\2100552016\2100552016.npz,2100552016.npz,1,test
1976,data\raw\daisee\train\210055\2100552017\2100552017.npz,2100552017.npz,0,val
1977,data\raw\daisee\train\210055\2100552018\2100552018.npz,2100552018.npz,1,train
1978,data\raw\daisee\train\210055\2100552019\2100552019.npz,2100552019.npz,0,val
1979,data\raw\daisee\train\210055\2100552021\2100552021.npz,2100552021.npz,1,train
1980,data\raw\daisee\train\210055\2100552022\2100552022.npz,2100552022.npz,0,train
1981,data\raw\daisee\train\210055\2100552023\2100552023.npz,2100552023.npz,0,train
1982,data\raw\daisee\train\210055\2100552024\2100552024.npz,2100552024.npz,1,train
1983,data\raw\daisee\train\210055\2100552025\2100552025.npz,2100552025.npz,0,train
1984,data\raw\daisee\train\210055\2100552027\2100552027.npz,2100552027.npz,1,train
1985,data\raw\daisee\train\210055\2100552028\2100552028.npz,2100552028.npz,0,train
1986,data\raw\daisee\train\210055\2100552029\2100552029.npz,2100552029.npz,0,train
1987,data\raw\daisee\train\210055\2100552030\2100552030.npz,2100552030.npz,0,val
1988,data\raw\daisee\train\210055\2100552031\2100552031.npz,2100552031.npz,1,train
1989,data\raw\daisee\train\210055\2100552032\2100552032.npz,2100552032.npz,0,val
1990,data\raw\daisee\train\210055\2100552033\2100552033.npz,2100552033.npz,0,val
1991,data\raw\daisee\train\210055\2100552034\2100552034.npz,2100552034.npz,0,train
1992,data\raw\daisee\train\210055\2100552035\2100552035.npz,2100552035.npz,1,train
1993,data\raw\daisee\train\210055\2100552037\2100552037.npz,2100552037.npz,1,train
1994,data\raw\daisee\train\210055\2100552038\2100552038.npz,2100552038.npz,0,val
1995,data\raw\daisee\train\210055\2100552039\2100552039.npz,2100552039.npz,0,val
1996,data\raw\daisee\train\210055\2100552041\2100552041.npz,2100552041.npz,0,train
1997,data\raw\daisee\train\210055\2100552042\2100552042.npz,2100552042.npz,0,train
1998,data\raw\daisee\train\210055\2100552043\2100552043.npz,2100552043.npz,0,val
1999,data\raw\daisee\train\210055\2100552044\2100552044.npz,2100552044.npz,0,train
2000,data\raw\daisee\train\210055\2100552045\2100552045.npz,2100552045.npz,1,train
2001,data\raw\daisee\train\210055\2100552047\2100552047.npz,2100552047.npz,0,val
2002,data\raw\daisee\train\210055\2100552048\2100552048.npz,2100552048.npz,1,train
2003,data\raw\daisee\train\210055\2100552051\2100552051.npz,2100552051.npz,0,train
2004,data\raw\daisee\train\210055\2100552052\2100552052.npz,2100552052.npz,0,train
2005,data\raw\daisee\train\210055\2100552053\2100552053.npz,2100552053.npz,0,train
2006,data\raw\daisee\train\210055\2100552055\2100552055.npz,2100552055.npz,0,train
2007,data\raw\daisee\train\210055\2100552057\2100552057.npz,2100552057.npz,0,train
2008,data\raw\daisee\train\210055\2100552059\2100552059.npz,2100552059.npz,1,test
2009,data\raw\daisee\train\210055\2100552060\2100552060.npz,2100552060.npz,0,train
2010,data\raw\daisee\train\210055\2100552062\2100552062.npz,2100552062.npz,1,val
2011,data\raw\daisee\train\210055\2100552065\2100552065.npz,2100552065.npz,1,val
2012,data\raw\daisee\train\210055\2100552066\2100552066.npz,2100552066.npz,0,train
2013,data\raw\daisee\train\210055\2100552068\2100552068.npz,2100552068.npz,1,test
2014,data\raw\daisee\train\210055\2100552072\2100552072.npz,2100552072.npz,1,train
2015,data\raw\daisee\train\210056\2100561006\2100561006.npz,2100561006.npz,0,train
2016,data\raw\daisee\train\210056\2100561010\2100561010.npz,2100561010.npz,0,train
2017,data\raw\daisee\train\210056\2100561011\2100561011.npz,2100561011.npz,0,test
2018,data\raw\daisee\train\210056\2100561013\2100561013.npz,2100561013.npz,0,train
2019,data\raw\daisee\train\210056\2100561014\2100561014.npz,2100561014.npz,0,train
2020,data\raw\daisee\train\210056\2100561015\2100561015.npz,2100561015.npz,0,train
2021,data\raw\daisee\train\210056\2100561016\2100561016.npz,2100561016.npz,0,train
2022,data\raw\daisee\train\210056\2100561018\2100561018.npz,2100561018.npz,0,train
2023,data\raw\daisee\train\210056\2100561019\2100561019.npz,2100561019.npz,0,train
2024,data\raw\daisee\train\210056\2100561020\2100561020.npz,2100561020.npz,0,train
2025,data\raw\daisee\train\210056\2100561021\2100561021.npz,2100561021.npz,0,train
2026,data\raw\daisee\train\210056\2100561022\2100561022.npz,2100561022.npz,0,train
2027,data\raw\daisee\train\210056\2100561023\2100561023.npz,2100561023.npz,0,train
2028,data\raw\daisee\train\210056\2100561024\2100561024.npz,2100561024.npz,0,train
2029,data\raw\daisee\train\210056\2100561027\2100561027.npz,2100561027.npz,0,train
2030,data\raw\daisee\train\210056\2100561029\2100561029.npz,2100561029.npz,0,train
2031,data\raw\daisee\train\210056\2100561032\2100561032.npz,2100561032.npz,0,train
2032,data\raw\daisee\train\210056\2100561038\2100561038.npz,2100561038.npz,0,val
2033,data\raw\daisee\train\210056\2100561043\2100561043.npz,2100561043.npz,0,val
2034,data\raw\daisee\train\210056\2100561044\2100561044.npz,2100561044.npz,0,test
2035,data\raw\daisee\train\210056\2100561046\2100561046.npz,2100561046.npz,0,train
2036,data\raw\daisee\train\210056\2100561051\2100561051.npz,2100561051.npz,0,test
2037,data\raw\daisee\train\210056\2100561052\2100561052.npz,2100561052.npz,0,train
2038,data\raw\daisee\train\210056\2100561053\2100561053.npz,2100561053.npz,0,train
2039,data\raw\daisee\train\210056\2100561054\2100561054.npz,2100561054.npz,0,train
2040,data\raw\daisee\train\210056\2100561056\2100561056.npz,2100561056.npz,0,test
2041,data\raw\daisee\train\210056\2100561057\2100561057.npz,2100561057.npz,0,test
2042,data\raw\daisee\train\210056\2100561058\2100561058.npz,2100561058.npz,0,train
2043,data\raw\daisee\train\210056\2100561059\2100561059.npz,2100561059.npz,0,train
2044,data\raw\daisee\train\210056\2100561062\2100561062.npz,2100561062.npz,0,val
2045,data\raw\daisee\train\210056\2100561063\2100561063.npz,2100561063.npz,0,val
2046,data\raw\daisee\train\210056\2100561064\2100561064.npz,2100561064.npz,0,train
2047,data\raw\daisee\train\210056\2100561065\2100561065.npz,2100561065.npz,0,test
2048,data\raw\daisee\train\210056\2100561070\2100561070.npz,2100561070.npz,0,val
2049,data\raw\daisee\train\210056\2100561071\2100561071.npz,2100561071.npz,0,val
2050,data\raw\daisee\train\210056\2100561074\2100561074.npz,2100561074.npz,0,test
2051,data\raw\daisee\train\210056\2100561079\2100561079.npz,2100561079.npz,0,train
2052,data\raw\daisee\train\210056\2100562001\2100562001.npz,2100562001.npz,0,train
2053,data\raw\daisee\train\210056\2100562002\2100562002.npz,2100562002.npz,0,train
2054,data\raw\daisee\train\210056\2100562003\2100562003.npz,2100562003.npz,0,train
2055,data\raw\daisee\train\210056\2100562004\2100562004.npz,2100562004.npz,0,val
2056,data\raw\daisee\train\210056\2100562005\2100562005.npz,2100562005.npz,0,train
2057,data\raw\daisee\train\210056\2100562007\2100562007.npz,2100562007.npz,0,train
2058,data\raw\daisee\train\210056\2100562008\2100562008.npz,2100562008.npz,1,train
2059,data\raw\daisee\train\210056\2100562009\2100562009.npz,2100562009.npz,0,train
2060,data\raw\daisee\train\210056\2100562010\2100562010.npz,2100562010.npz,0,test
2061,data\raw\daisee\train\210056\2100562011\2100562011.npz,2100562011.npz,0,train
2062,data\raw\daisee\train\210056\2100562012\2100562012.npz,2100562012.npz,0,train
2063,data\raw\daisee\train\210056\2100562013\2100562013.npz,2100562013.npz,0,train
2064,data\raw\daisee\train\210056\2100562014\2100562014.npz,2100562014.npz,0,train
2065,data\raw\daisee\train\210056\2100562015\2100562015.npz,2100562015.npz,0,train
2066,data\raw\daisee\train\210056\2100562017\2100562017.npz,2100562017.npz,0,train
2067,data\raw\daisee\train\210056\2100562018\2100562018.npz,2100562018.npz,0,train
2068,data\raw\daisee\train\210056\2100562019\2100562019.npz,2100562019.npz,1,train
2069,data\raw\daisee\train\210056\2100562020\2100562020.npz,2100562020.npz,0,train
2070,data\raw\daisee\train\210056\2100562024\2100562024.npz,2100562024.npz,1,train
2071,data\raw\daisee\train\210056\2100562026\2100562026.npz,2100562026.npz,0,train
2072,data\raw\daisee\train\210056\2100562027\2100562027.npz,2100562027.npz,0,train
2073,data\raw\daisee\train\210056\2100562029\2100562029.npz,2100562029.npz,0,test
2074,data\raw\daisee\train\210056\2100562030\2100562030.npz,2100562030.npz,0,train
2075,data\raw\daisee\train\210056\2100562032\2100562032.npz,2100562032.npz,0,val
2076,data\raw\daisee\train\210056\2100562033\2100562033.npz,2100562033.npz,1,test
2077,data\raw\daisee\train\210056\2100562034\2100562034.npz,2100562034.npz,0,train
2078,data\raw\daisee\train\210056\2100562035\2100562035.npz,2100562035.npz,1,test
2079,data\raw\daisee\train\210056\2100562037\2100562037.npz,2100562037.npz,0,train
2080,data\raw\daisee\train\210056\2100562038\2100562038.npz,2100562038.npz,1,test
2081,data\raw\daisee\train\210056\2100562039\2100562039.npz,2100562039.npz,1,train
2082,data\raw\daisee\train\210056\2100562040\2100562040.npz,2100562040.npz,0,train
2083,data\raw\daisee\train\210056\2100562042\2100562042.npz,2100562042.npz,0,train
2084,data\raw\daisee\train\210056\2100562043\2100562043.npz,2100562043.npz,0,test
2085,data\raw\daisee\train\210056\2100562044\2100562044.npz,2100562044.npz,0,train
2086,data\raw\daisee\train\210056\2100562046\2100562046.npz,2100562046.npz,0,train
2087,data\raw\daisee\train\210056\2100562047\2100562047.npz,2100562047.npz,0,train
2088,data\raw\daisee\train\210056\2100562048\2100562048.npz,2100562048.npz,0,train
2089,data\raw\daisee\train\210056\2100562049\2100562049.npz,2100562049.npz,0,train
2090,data\raw\daisee\train\210056\2100562050\2100562050.npz,2100562050.npz,0,train
2091,data\raw\daisee\train\210056\2100562051\2100562051.npz,2100562051.npz,0,train
2092,data\raw\daisee\train\210056\2100562053\2100562053.npz,2100562053.npz,0,val
2093,data\raw\daisee\train\210056\2100562054\2100562054.npz,2100562054.npz,1,train
2094,data\raw\daisee\train\210056\2100562055\2100562055.npz,2100562055.npz,0,train
2095,data\raw\daisee\train\210056\2100562056\2100562056.npz,2100562056.npz,0,val
2096,data\raw\daisee\train\210056\2100562058\2100562058.npz,2100562058.npz,0,train
2097,data\raw\daisee\train\210056\2100562059\2100562059.npz,2100562059.npz,0,train
2098,data\raw\daisee\train\210056\2100562060\2100562060.npz,2100562060.npz,0,train
2099,data\raw\daisee\train\210056\2100562061\2100562061.npz,2100562061.npz,0,train
2100,data\raw\daisee\train\210057\2100571001\2100571001.npz,2100571001.npz,0,train
2101,data\raw\daisee\train\210057\2100571002\2100571002.npz,2100571002.npz,1,train
2102,data\raw\daisee\train\210057\2100571004\2100571004.npz,2100571004.npz,1,train
2103,data\raw\daisee\train\210057\2100571007\2100571007.npz,2100571007.npz,1,val
2104,data\raw\daisee\train\210057\2100571008\2100571008.npz,2100571008.npz,0,train
2105,data\raw\daisee\train\210057\2100571009\2100571009.npz,2100571009.npz,0,test
2106,data\raw\daisee\train\210057\2100571011\2100571011.npz,2100571011.npz,0,train
2107,data\raw\daisee\train\210057\2100571012\2100571012.npz,2100571012.npz,0,test
2108,data\raw\daisee\train\210057\2100571013\2100571013.npz,2100571013.npz,0,train
2109,data\raw\daisee\train\210057\2100571015\2100571015.npz,2100571015.npz,0,train
2110,data\raw\daisee\train\210057\2100571017\2100571017.npz,2100571017.npz,0,val
2111,data\raw\daisee\train\210057\2100571018\2100571018.npz,2100571018.npz,1,train
2112,data\raw\daisee\train\210057\2100571019\2100571019.npz,2100571019.npz,0,train
2113,data\raw\daisee\train\210057\2100571020\2100571020.npz,2100571020.npz,0,train
2114,data\raw\daisee\train\210057\2100571021\2100571021.npz,2100571021.npz,1,train
2115,data\raw\daisee\train\210057\2100571022\2100571022.npz,2100571022.npz,0,val
2116,data\raw\daisee\train\210057\2100571023\2100571023.npz,2100571023.npz,1,train
2117,data\raw\daisee\train\210057\2100571024\2100571024.npz,2100571024.npz,1,train
2118,data\raw\daisee\train\210057\2100571025\2100571025.npz,2100571025.npz,0,train
2119,data\raw\daisee\train\210057\2100571027\2100571027.npz,2100571027.npz,0,train
2120,data\raw\daisee\train\210057\2100571029\2100571029.npz,2100571029.npz,1,test
2121,data\raw\daisee\train\210057\2100571030\2100571030.npz,2100571030.npz,1,train
2122,data\raw\daisee\train\210057\2100571031\2100571031.npz,2100571031.npz,1,train
2123,data\raw\daisee\train\210057\2100571033\2100571033.npz,2100571033.npz,1,train
2124,data\raw\daisee\train\210057\2100571034\2100571034.npz,2100571034.npz,0,train
2125,data\raw\daisee\train\210057\2100571036\2100571036.npz,2100571036.npz,1,train
2126,data\raw\daisee\train\210057\2100571038\2100571038.npz,2100571038.npz,1,train
2127,data\raw\daisee\train\210057\2100571039\2100571039.npz,2100571039.npz,0,train
2128,data\raw\daisee\train\210057\2100571040\2100571040.npz,2100571040.npz,0,val
2129,data\raw\daisee\train\210057\2100571041\2100571041.npz,2100571041.npz,0,train
2130,data\raw\daisee\train\210057\2100571042\2100571042.npz,2100571042.npz,0,train
2131,data\raw\daisee\train\210057\2100571044\2100571044.npz,2100571044.npz,1,train
2132,data\raw\daisee\train\210057\2100571045\2100571045.npz,2100571045.npz,1,train
2133,data\raw\daisee\train\210057\2100571046\2100571046.npz,2100571046.npz,1,train
2134,data\raw\daisee\train\210057\2100571047\2100571047.npz,2100571047.npz,0,train
2135,data\raw\daisee\train\210057\2100571048\2100571048.npz,2100571048.npz,1,train
2136,data\raw\daisee\train\210057\2100571049\2100571049.npz,2100571049.npz,1,test
2137,data\raw\daisee\train\210057\2100571050\2100571050.npz,2100571050.npz,0,train
2138,data\raw\daisee\train\210057\2100571051\2100571051.npz,2100571051.npz,1,train
2139,data\raw\daisee\train\210057\2100571052\2100571052.npz,2100571052.npz,0,train
2140,data\raw\daisee\train\210057\2100571053\2100571053.npz,2100571053.npz,1,train
2141,data\raw\daisee\train\210057\2100571055\2100571055.npz,2100571055.npz,0,train
2142,data\raw\daisee\train\210057\2100571056\2100571056.npz,2100571056.npz,1,train
2143,data\raw\daisee\train\210057\2100571057\2100571057.npz,2100571057.npz,0,train
2144,data\raw\daisee\train\210057\2100571058\2100571058.npz,2100571058.npz,0,train
2145,data\raw\daisee\train\210057\2100571061\2100571061.npz,2100571061.npz,1,val
2146,data\raw\daisee\train\210057\2100571062\2100571062.npz,2100571062.npz,1,val
2147,data\raw\daisee\train\210057\2100571063\2100571063.npz,2100571063.npz,0,train
2148,data\raw\daisee\train\210057\2100571064\2100571064.npz,2100571064.npz,0,train
2149,data\raw\daisee\train\210057\2100571065\2100571065.npz,2100571065.npz,0,train
2150,data\raw\daisee\train\210057\2100571066\2100571066.npz,2100571066.npz,0,val
2151,data\raw\daisee\train\210057\2100571067\2100571067.npz,2100571067.npz,1,train
2152,data\raw\daisee\train\210057\2100571068\2100571068.npz,2100571068.npz,1,val
2153,data\raw\daisee\train\210057\2100571069\2100571069.npz,2100571069.npz,0,train
2154,data\raw\daisee\train\210057\2100571070\2100571070.npz,2100571070.npz,0,train
2155,data\raw\daisee\train\210057\2100571072\2100571072.npz,2100571072.npz,1,train
2156,data\raw\daisee\train\210057\2100571073\2100571073.npz,2100571073.npz,0,train
2157,data\raw\daisee\train\210057\2100571074\2100571074.npz,2100571074.npz,0,train
2158,data\raw\daisee\train\210057\2100571075\2100571075.npz,2100571075.npz,0,train
2159,data\raw\daisee\train\210057\2100571077\2100571077.npz,2100571077.npz,0,train
2160,data\raw\daisee\train\210057\2100571078\2100571078.npz,2100571078.npz,0,test
2161,data\raw\daisee\train\210057\2100571079\2100571079.npz,2100571079.npz,1,test
2162,data\raw\daisee\train\210057\2100571081\2100571081.npz,2100571081.npz,1,val
2163,data\raw\daisee\train\210057\2100571082\2100571082.npz,2100571082.npz,0,train
2164,data\raw\daisee\train\210057\2100572001\2100572001.npz,2100572001.npz,0,test
2165,data\raw\daisee\train\210057\2100572002\2100572002.npz,2100572002.npz,0,train
2166,data\raw\daisee\train\210057\2100572004\2100572004.npz,2100572004.npz,0,test
2167,data\raw\daisee\train\210057\2100572006\2100572006.npz,2100572006.npz,0,train
2168,data\raw\daisee\train\210057\2100572009\2100572009.npz,2100572009.npz,0,val
2169,data\raw\daisee\train\210057\2100572010\2100572010.npz,2100572010.npz,0,val
2170,data\raw\daisee\train\210057\2100572011\2100572011.npz,2100572011.npz,0,train
2171,data\raw\daisee\train\210057\2100572012\2100572012.npz,2100572012.npz,1,train
2172,data\raw\daisee\train\210057\2100572013\2100572013.npz,2100572013.npz,0,val
2173,data\raw\daisee\train\210057\2100572015\2100572015.npz,2100572015.npz,0,train
2174,data\raw\daisee\train\210057\2100572017\2100572017.npz,2100572017.npz,0,train
2175,data\raw\daisee\train\210057\2100572018\2100572018.npz,2100572018.npz,0,train
2176,data\raw\daisee\train\210057\2100572019\2100572019.npz,2100572019.npz,0,train
2177,data\raw\daisee\train\210057\2100572020\2100572020.npz,2100572020.npz,0,test
2178,data\raw\daisee\train\210057\2100572021\2100572021.npz,2100572021.npz,1,train
2179,data\raw\daisee\train\210057\2100572023\2100572023.npz,2100572023.npz,1,train
2180,data\raw\daisee\train\210057\2100572024\2100572024.npz,2100572024.npz,0,test
2181,data\raw\daisee\train\210057\2100572025\2100572025.npz,2100572025.npz,0,train
2182,data\raw\daisee\train\210057\2100572026\2100572026.npz,2100572026.npz,0,test
2183,data\raw\daisee\train\210057\2100572027\2100572027.npz,2100572027.npz,1,val
2184,data\raw\daisee\train\210057\2100572028\2100572028.npz,2100572028.npz,1,val
2185,data\raw\daisee\train\210057\2100572029\2100572029.npz,2100572029.npz,0,train
2186,data\raw\daisee\train\210057\2100572030\2100572030.npz,2100572030.npz,0,train
2187,data\raw\daisee\train\210057\2100572032\2100572032.npz,2100572032.npz,0,train
2188,data\raw\daisee\train\210057\2100572033\2100572033.npz,2100572033.npz,0,val
2189,data\raw\daisee\train\210057\2100572034\2100572034.npz,2100572034.npz,0,val
2190,data\raw\daisee\train\210057\2100572036\2100572036.npz,2100572036.npz,1,train
2191,data\raw\daisee\train\210057\2100572038\2100572038.npz,2100572038.npz,0,test
2192,data\raw\daisee\train\210057\2100572039\2100572039.npz,2100572039.npz,0,train
2193,data\raw\daisee\train\210057\2100572040\2100572040.npz,2100572040.npz,1,train
2194,data\raw\daisee\train\210057\2100572041\2100572041.npz,2100572041.npz,1,train
2195,data\raw\daisee\train\210057\2100572042\2100572042.npz,2100572042.npz,1,val
2196,data\raw\daisee\train\210057\2100572043\2100572043.npz,2100572043.npz,1,train
2197,data\raw\daisee\train\210057\2100572044\2100572044.npz,2100572044.npz,1,val
2198,data\raw\daisee\train\210057\2100572045\2100572045.npz,2100572045.npz,0,val
2199,data\raw\daisee\train\210057\2100572046\2100572046.npz,2100572046.npz,1,val
2200,data\raw\daisee\train\210057\2100572047\2100572047.npz,2100572047.npz,0,train
2201,data\raw\daisee\train\210057\2100572048\2100572048.npz,2100572048.npz,0,train
2202,data\raw\daisee\train\210057\2100572050\2100572050.npz,2100572050.npz,0,train
2203,data\raw\daisee\train\210057\2100572051\2100572051.npz,2100572051.npz,0,train
2204,data\raw\daisee\train\210057\2100572054\2100572054.npz,2100572054.npz,0,train
2205,data\raw\daisee\train\210057\2100572055\2100572055.npz,2100572055.npz,1,train
2206,data\raw\daisee\train\210057\2100572056\2100572056.npz,2100572056.npz,0,train
2207,data\raw\daisee\train\210057\2100572057\2100572057.npz,2100572057.npz,1,train
2208,data\raw\daisee\train\210057\2100572058\2100572058.npz,2100572058.npz,1,train
2209,data\raw\daisee\train\210057\2100572059\2100572059.npz,2100572059.npz,1,train
2210,data\raw\daisee\train\210057\2100572060\2100572060.npz,2100572060.npz,1,train
2211,data\raw\daisee\train\210057\2100572061\2100572061.npz,2100572061.npz,1,train
2212,data\raw\daisee\train\210057\2100572062\2100572062.npz,2100572062.npz,0,test
2213,data\raw\daisee\train\210057\2100572063\2100572063.npz,2100572063.npz,0,train
2214,data\raw\daisee\train\210057\2100572064\2100572064.npz,2100572064.npz,1,val
2215,data\raw\daisee\train\210057\2100572067\2100572067.npz,2100572067.npz,1,train
2216,data\raw\daisee\train\210057\2100572068\2100572068.npz,2100572068.npz,0,train
2217,data\raw\daisee\train\210057\2100572069\2100572069.npz,2100572069.npz,1,train
2218,data\raw\daisee\train\210058\2100581001\2100581001.npz,2100581001.npz,1,train
2219,data\raw\daisee\train\210058\2100581002\2100581002.npz,2100581002.npz,0,train
2220,data\raw\daisee\train\210058\2100581003\2100581003.npz,2100581003.npz,1,train
2221,data\raw\daisee\train\210058\2100581004\2100581004.npz,2100581004.npz,1,val
2222,data\raw\daisee\train\210058\2100581005\2100581005.npz,2100581005.npz,1,val
2223,data\raw\daisee\train\210058\2100581006\2100581006.npz,2100581006.npz,0,test
2224,data\raw\daisee\train\210058\2100581007\2100581007.npz,2100581007.npz,1,train
2225,data\raw\daisee\train\210058\2100581009\2100581009.npz,2100581009.npz,0,train
2226,data\raw\daisee\train\210058\2100581010\2100581010.npz,2100581010.npz,1,val
2227,data\raw\daisee\train\210058\2100581011\2100581011.npz,2100581011.npz,0,train
2228,data\raw\daisee\train\210058\2100581012\2100581012.npz,2100581012.npz,0,train
2229,data\raw\daisee\train\210058\2100581013\2100581013.npz,2100581013.npz,1,train
2230,data\raw\daisee\train\210058\2100581014\2100581014.npz,2100581014.npz,0,train
2231,data\raw\daisee\train\210058\2100581015\2100581015.npz,2100581015.npz,0,test
2232,data\raw\daisee\train\210058\2100581018\2100581018.npz,2100581018.npz,0,train
2233,data\raw\daisee\train\210058\2100581019\2100581019.npz,2100581019.npz,0,train
2234,data\raw\daisee\train\210058\2100581021\2100581021.npz,2100581021.npz,1,train
2235,data\raw\daisee\train\210058\2100581022\2100581022.npz,2100581022.npz,0,train
2236,data\raw\daisee\train\210058\2100581024\2100581024.npz,2100581024.npz,1,train
2237,data\raw\daisee\train\210058\2100581025\2100581025.npz,2100581025.npz,0,train
2238,data\raw\daisee\train\210058\2100581026\2100581026.npz,2100581026.npz,1,train
2239,data\raw\daisee\train\210058\2100581027\2100581027.npz,2100581027.npz,0,train
2240,data\raw\daisee\train\210058\2100581028\2100581028.npz,2100581028.npz,0,val
2241,data\raw\daisee\train\210058\2100581029\2100581029.npz,2100581029.npz,0,train
2242,data\raw\daisee\train\210058\2100581030\2100581030.npz,2100581030.npz,0,train
2243,data\raw\daisee\train\210058\2100581034\2100581034.npz,2100581034.npz,1,val
2244,data\raw\daisee\train\210058\2100581035\2100581035.npz,2100581035.npz,1,train
2245,data\raw\daisee\train\210058\2100581036\2100581036.npz,2100581036.npz,0,test
2246,data\raw\daisee\train\210058\2100581037\2100581037.npz,2100581037.npz,0,train
2247,data\raw\daisee\train\210058\2100581038\2100581038.npz,2100581038.npz,1,train
2248,data\raw\daisee\train\210058\2100581039\2100581039.npz,2100581039.npz,1,train
2249,data\raw\daisee\train\210058\2100581040\2100581040.npz,2100581040.npz,0,train
2250,data\raw\daisee\train\210058\2100581041\2100581041.npz,2100581041.npz,0,train
2251,data\raw\daisee\train\210058\2100581042\2100581042.npz,2100581042.npz,0,train
2252,data\raw\daisee\train\210058\2100581044\2100581044.npz,2100581044.npz,0,train
2253,data\raw\daisee\train\210058\2100581045\2100581045.npz,2100581045.npz,0,train
2254,data\raw\daisee\train\210058\2100581051\2100581051.npz,2100581051.npz,0,train
2255,data\raw\daisee\train\210058\2100581054\2100581054.npz,2100581054.npz,0,train
2256,data\raw\daisee\train\210058\2100581056\2100581056.npz,2100581056.npz,0,test
2257,data\raw\daisee\train\210058\2100581057\2100581057.npz,2100581057.npz,0,train
2258,data\raw\daisee\train\210058\2100581058\2100581058.npz,2100581058.npz,1,train
2259,data\raw\daisee\train\210058\2100581059\2100581059.npz,2100581059.npz,1,train
2260,data\raw\daisee\train\210058\2100581061\2100581061.npz,2100581061.npz,0,train
2261,data\raw\daisee\train\210058\2100581062\2100581062.npz,2100581062.npz,0,train
2262,data\raw\daisee\train\210058\2100581064\2100581064.npz,2100581064.npz,0,val
2263,data\raw\daisee\train\210058\2100581066\2100581066.npz,2100581066.npz,0,train
2264,data\raw\daisee\train\210058\2100581067\2100581067.npz,2100581067.npz,0,train
2265,data\raw\daisee\train\210058\2100581068\2100581068.npz,2100581068.npz,0,train
2266,data\raw\daisee\train\210058\2100581069\2100581069.npz,2100581069.npz,0,val
2267,data\raw\daisee\train\210058\2100581070\2100581070.npz,2100581070.npz,1,train
2268,data\raw\daisee\train\210058\2100581071\2100581071.npz,2100581071.npz,1,test
2269,data\raw\daisee\train\210058\2100581072\2100581072.npz,2100581072.npz,1,val
2270,data\raw\daisee\train\210058\2100581073\2100581073.npz,2100581073.npz,0,val
2271,data\raw\daisee\train\210058\2100581074\2100581074.npz,2100581074.npz,0,train
2272,data\raw\daisee\train\210058\2100581075\2100581075.npz,2100581075.npz,0,val
2273,data\raw\daisee\train\210058\2100581076\2100581076.npz,2100581076.npz,0,train
2274,data\raw\daisee\train\210058\2100581077\2100581077.npz,2100581077.npz,1,train
2275,data\raw\daisee\train\210058\2100582001\2100582001.npz,2100582001.npz,1,train
2276,data\raw\daisee\train\210058\2100582002\2100582002.npz,2100582002.npz,1,train
2277,data\raw\daisee\train\210058\2100582003\2100582003.npz,2100582003.npz,0,train
2278,data\raw\daisee\train\210058\2100582004\2100582004.npz,2100582004.npz,0,train
2279,data\raw\daisee\train\210058\2100582005\2100582005.npz,2100582005.npz,1,train
2280,data\raw\daisee\train\210058\2100582006\2100582006.npz,2100582006.npz,0,train
2281,data\raw\daisee\train\210058\2100582008\2100582008.npz,2100582008.npz,0,train
2282,data\raw\daisee\train\210058\2100582009\2100582009.npz,2100582009.npz,0,train
2283,data\raw\daisee\train\210058\2100582012\2100582012.npz,2100582012.npz,1,train
2284,data\raw\daisee\train\210058\2100582013\2100582013.npz,2100582013.npz,1,test
2285,data\raw\daisee\train\210058\2100582015\2100582015.npz,2100582015.npz,0,test
2286,data\raw\daisee\train\210058\2100582017\2100582017.npz,2100582017.npz,0,train
2287,data\raw\daisee\train\210058\2100582019\2100582019.npz,2100582019.npz,0,train
2288,data\raw\daisee\train\210058\2100582020\2100582020.npz,2100582020.npz,0,test
2289,data\raw\daisee\train\210058\2100582021\2100582021.npz,2100582021.npz,1,train
2290,data\raw\daisee\train\210058\2100582023\2100582023.npz,2100582023.npz,0,train
2291,data\raw\daisee\train\210058\2100582024\2100582024.npz,2100582024.npz,0,test
2292,data\raw\daisee\train\210058\2100582025\2100582025.npz,2100582025.npz,0,val
2293,data\raw\daisee\train\210058\2100582026\2100582026.npz,2100582026.npz,0,train
2294,data\raw\daisee\train\210058\2100582027\2100582027.npz,2100582027.npz,1,val
2295,data\raw\daisee\train\210058\2100582028\2100582028.npz,2100582028.npz,0,train
2296,data\raw\daisee\train\210058\2100582038\2100582038.npz,2100582038.npz,0,train
2297,data\raw\daisee\train\210058\2100582043\2100582043.npz,2100582043.npz,0,train
2298,data\raw\daisee\train\210058\2100582044\2100582044.npz,2100582044.npz,1,train
2299,data\raw\daisee\train\210058\2100582045\2100582045.npz,2100582045.npz,1,train
2300,data\raw\daisee\train\210058\2100582046\2100582046.npz,2100582046.npz,1,val
2301,data\raw\daisee\train\210058\2100582048\2100582048.npz,2100582048.npz,0,train
2302,data\raw\daisee\train\210058\2100582050\2100582050.npz,2100582050.npz,0,val
2303,data\raw\daisee\train\210058\2100582051\2100582051.npz,2100582051.npz,1,train
2304,data\raw\daisee\train\210058\2100582052\2100582052.npz,2100582052.npz,1,train
2305,data\raw\daisee\train\210058\2100582053\2100582053.npz,2100582053.npz,1,train
2306,data\raw\daisee\train\210058\2100582054\2100582054.npz,2100582054.npz,0,val
2307,data\raw\daisee\train\210058\2100582055\2100582055.npz,2100582055.npz,1,val
2308,data\raw\daisee\train\210058\2100582056\2100582056.npz,2100582056.npz,1,train
2309,data\raw\daisee\train\210058\2100582057\2100582057.npz,2100582057.npz,1,val
2310,data\raw\daisee\train\210058\2100582058\2100582058.npz,2100582058.npz,1,val
2311,data\raw\daisee\train\210058\2100582060\2100582060.npz,2100582060.npz,1,val
2312,data\raw\daisee\train\210058\2100582061\2100582061.npz,2100582061.npz,1,train
2313,data\raw\daisee\train\210058\2100582062\2100582062.npz,2100582062.npz,1,train
2314,data\raw\daisee\train\210058\2100582064\2100582064.npz,2100582064.npz,1,train
2315,data\raw\daisee\train\210058\2100582067\2100582067.npz,2100582067.npz,1,train
2316,data\raw\daisee\train\210058\2100582069\2100582069.npz,2100582069.npz,1,train
2317,data\raw\daisee\train\210059\2100591002\2100591002.npz,2100591002.npz,0,train
2318,data\raw\daisee\train\210059\2100591003\2100591003.npz,2100591003.npz,0,train
2319,data\raw\daisee\train\210059\2100591004\2100591004.npz,2100591004.npz,0,test
2320,data\raw\daisee\train\210059\2100591005\2100591005.npz,2100591005.npz,0,train
2321,data\raw\daisee\train\210059\2100591006\2100591006.npz,2100591006.npz,0,val
2322,data\raw\daisee\train\210059\2100591007\2100591007.npz,2100591007.npz,0,train
2323,data\raw\daisee\train\210059\2100591008\2100591008.npz,2100591008.npz,0,train
2324,data\raw\daisee\train\210059\2100591010\2100591010.npz,2100591010.npz,0,val
2325,data\raw\daisee\train\210059\2100591013\2100591013.npz,2100591013.npz,0,train
2326,data\raw\daisee\train\210059\2100591015\2100591015.npz,2100591015.npz,0,test
2327,data\raw\daisee\train\210059\2100591016\2100591016.npz,2100591016.npz,0,test
2328,data\raw\daisee\train\210059\2100591017\2100591017.npz,2100591017.npz,0,test
2329,data\raw\daisee\train\210059\2100591019\2100591019.npz,2100591019.npz,1,train
2330,data\raw\daisee\train\210059\2100591020\2100591020.npz,2100591020.npz,0,train
2331,data\raw\daisee\train\210059\2100591021\2100591021.npz,2100591021.npz,0,train
2332,data\raw\daisee\train\210059\2100591022\2100591022.npz,2100591022.npz,0,val
2333,data\raw\daisee\train\210059\2100591023\2100591023.npz,2100591023.npz,0,val
2334,data\raw\daisee\train\210059\2100591025\2100591025.npz,2100591025.npz,0,train
2335,data\raw\daisee\train\210059\2100591026\2100591026.npz,2100591026.npz,0,val
2336,data\raw\daisee\train\210059\2100591027\2100591027.npz,2100591027.npz,0,train
2337,data\raw\daisee\train\210059\2100591028\2100591028.npz,2100591028.npz,0,test
2338,data\raw\daisee\train\210059\2100591030\2100591030.npz,2100591030.npz,0,train
2339,data\raw\daisee\train\210059\2100591034\2100591034.npz,2100591034.npz,0,test
2340,data\raw\daisee\train\210059\2100591035\2100591035.npz,2100591035.npz,0,test
2341,data\raw\daisee\train\210059\2100591036\2100591036.npz,2100591036.npz,0,train
2342,data\raw\daisee\train\210059\2100591037\2100591037.npz,2100591037.npz,0,val
2343,data\raw\daisee\train\210059\2100591038\2100591038.npz,2100591038.npz,0,val
2344,data\raw\daisee\train\210059\2100591039\2100591039.npz,2100591039.npz,0,train
2345,data\raw\daisee\train\210059\2100591040\2100591040.npz,2100591040.npz,1,train
2346,data\raw\daisee\train\210059\2100591041\2100591041.npz,2100591041.npz,0,val
2347,data\raw\daisee\train\210059\2100591042\2100591042.npz,2100591042.npz,0,train
2348,data\raw\daisee\train\210059\2100591043\2100591043.npz,2100591043.npz,0,train
2349,data\raw\daisee\train\210059\2100591044\2100591044.npz,2100591044.npz,1,train
2350,data\raw\daisee\train\210059\2100591045\2100591045.npz,2100591045.npz,0,train
2351,data\raw\daisee\train\210059\2100591046\2100591046.npz,2100591046.npz,1,test
2352,data\raw\daisee\train\210059\2100591047\2100591047.npz,2100591047.npz,1,val
2353,data\raw\daisee\train\210059\2100591048\2100591048.npz,2100591048.npz,0,train
2354,data\raw\daisee\train\210059\2100591049\2100591049.npz,2100591049.npz,0,train
2355,data\raw\daisee\train\210059\2100591050\2100591050.npz,2100591050.npz,0,train
2356,data\raw\daisee\train\210059\2100591053\2100591053.npz,2100591053.npz,0,train
2357,data\raw\daisee\train\210059\2100591054\2100591054.npz,2100591054.npz,0,test
2358,data\raw\daisee\train\210059\2100591055\2100591055.npz,2100591055.npz,1,val
2359,data\raw\daisee\train\210059\2100591056\2100591056.npz,2100591056.npz,0,test
2360,data\raw\daisee\train\210059\2100591057\2100591057.npz,2100591057.npz,0,val
2361,data\raw\daisee\train\210059\2100591059\2100591059.npz,2100591059.npz,0,val
2362,data\raw\daisee\train\210059\2100591060\2100591060.npz,2100591060.npz,0,train
2363,data\raw\daisee\train\210059\2100591061\2100591061.npz,2100591061.npz,0,train
2364,data\raw\daisee\train\210059\2100591062\2100591062.npz,2100591062.npz,0,train
2365,data\raw\daisee\train\210059\2100591064\2100591064.npz,2100591064.npz,1,train
2366,data\raw\daisee\train\210059\2100591065\2100591065.npz,2100591065.npz,0,train
2367,data\raw\daisee\train\210059\2100591066\2100591066.npz,2100591066.npz,0,train
2368,data\raw\daisee\train\210059\2100591067\2100591067.npz,2100591067.npz,1,train
2369,data\raw\daisee\train\210059\2100591068\2100591068.npz,2100591068.npz,0,test
2370,data\raw\daisee\train\210059\2100591069\2100591069.npz,2100591069.npz,1,train
2371,data\raw\daisee\train\210059\2100591070\2100591070.npz,2100591070.npz,0,train
2372,data\raw\daisee\train\210059\2100591072\2100591072.npz,2100591072.npz,0,val
2373,data\raw\daisee\train\210059\2100591073\2100591073.npz,2100591073.npz,0,train
2374,data\raw\daisee\train\210059\2100591074\2100591074.npz,2100591074.npz,0,val
2375,data\raw\daisee\train\210059\2100591075\2100591075.npz,2100591075.npz,0,train
2376,data\raw\daisee\train\210059\2100591076\2100591076.npz,2100591076.npz,0,train
2377,data\raw\daisee\train\210059\2100591077\2100591077.npz,2100591077.npz,0,val
2378,data\raw\daisee\train\210059\2100591078\2100591078.npz,2100591078.npz,0,train
2379,data\raw\daisee\train\210059\2100591080\2100591080.npz,2100591080.npz,0,train
2380,data\raw\daisee\train\210059\2100591081\2100591081.npz,2100591081.npz,0,train
2381,data\raw\daisee\train\210059\2100591082\2100591082.npz,2100591082.npz,0,train
2382,data\raw\daisee\train\210059\2100592002\2100592002.npz,2100592002.npz,0,val
2383,data\raw\daisee\train\210059\2100592003\2100592003.npz,2100592003.npz,0,train
2384,data\raw\daisee\train\210059\2100592004\2100592004.npz,2100592004.npz,0,train
2385,data\raw\daisee\train\210059\2100592005\2100592005.npz,2100592005.npz,0,val
2386,data\raw\daisee\train\210059\2100592007\2100592007.npz,2100592007.npz,0,train
2387,data\raw\daisee\train\210059\2100592009\2100592009.npz,2100592009.npz,0,train
2388,data\raw\daisee\train\210059\2100592010\2100592010.npz,2100592010.npz,0,val
2389,data\raw\daisee\train\210059\2100592011\2100592011.npz,2100592011.npz,0,train
2390,data\raw\daisee\train\210059\2100592012\2100592012.npz,2100592012.npz,0,train
2391,data\raw\daisee\train\210059\2100592013\2100592013.npz,2100592013.npz,0,val
2392,data\raw\daisee\train\210059\2100592014\2100592014.npz,2100592014.npz,0,train
2393,data\raw\daisee\train\210059\2100592015\2100592015.npz,2100592015.npz,0,train
2394,data\raw\daisee\train\210059\2100592016\2100592016.npz,2100592016.npz,0,train
2395,data\raw\daisee\train\210059\2100592017\2100592017.npz,2100592017.npz,0,train
2396,data\raw\daisee\train\210059\2100592018\2100592018.npz,2100592018.npz,0,test
2397,data\raw\daisee\train\210059\2100592019\2100592019.npz,2100592019.npz,0,train
2398,data\raw\daisee\train\210059\2100592020\2100592020.npz,2100592020.npz,0,train
2399,data\raw\daisee\train\210059\2100592021\2100592021.npz,2100592021.npz,0,train
2400,data\raw\daisee\train\210059\2100592022\2100592022.npz,2100592022.npz,0,test
2401,data\raw\daisee\train\210059\2100592023\2100592023.npz,2100592023.npz,0,test
2402,data\raw\daisee\train\210059\2100592024\2100592024.npz,2100592024.npz,0,test
2403,data\raw\daisee\train\210059\2100592025\2100592025.npz,2100592025.npz,0,test
2404,data\raw\daisee\train\210059\2100592026\2100592026.npz,2100592026.npz,0,train
2405,data\raw\daisee\train\210059\2100592027\2100592027.npz,2100592027.npz,0,train
2406,data\raw\daisee\train\210059\2100592028\2100592028.npz,2100592028.npz,0,test
2407,data\raw\daisee\train\210059\2100592029\2100592029.npz,2100592029.npz,0,train
2408,data\raw\daisee\train\210059\2100592030\2100592030.npz,2100592030.npz,0,train
2409,data\raw\daisee\train\210059\2100592032\2100592032.npz,2100592032.npz,1,train
2410,data\raw\daisee\train\210059\2100592033\2100592033.npz,2100592033.npz,0,train
2411,data\raw\daisee\train\210059\2100592034\2100592034.npz,2100592034.npz,1,train
2412,data\raw\daisee\train\210059\2100592035\2100592035.npz,2100592035.npz,0,train
2413,data\raw\daisee\train\210059\2100592036\2100592036.npz,2100592036.npz,0,train
2414,data\raw\daisee\train\210059\2100592038\2100592038.npz,2100592038.npz,0,test
2415,data\raw\daisee\train\210059\2100592040\2100592040.npz,2100592040.npz,0,train
2416,data\raw\daisee\train\210059\2100592041\2100592041.npz,2100592041.npz,0,train
2417,data\raw\daisee\train\210059\2100592042\2100592042.npz,2100592042.npz,0,test
2418,data\raw\daisee\train\210059\2100592043\2100592043.npz,2100592043.npz,0,val
2419,data\raw\daisee\train\210059\2100592044\2100592044.npz,2100592044.npz,0,test
2420,data\raw\daisee\train\210059\2100592046\2100592046.npz,2100592046.npz,0,train
2421,data\raw\daisee\train\210059\2100592047\2100592047.npz,2100592047.npz,0,train
2422,data\raw\daisee\train\210059\2100592048\2100592048.npz,2100592048.npz,0,train
2423,data\raw\daisee\train\210059\2100592049\2100592049.npz,2100592049.npz,0,train
2424,data\raw\daisee\train\210059\2100592052\2100592052.npz,2100592052.npz,1,test
2425,data\raw\daisee\train\210059\2100592053\2100592053.npz,2100592053.npz,0,train
2426,data\raw\daisee\train\210059\2100592054\2100592054.npz,2100592054.npz,0,train
2427,data\raw\daisee\train\210059\2100592056\2100592056.npz,2100592056.npz,0,val
2428,data\raw\daisee\train\210059\2100592057\2100592057.npz,2100592057.npz,1,test
2429,data\raw\daisee\train\210059\2100592058\2100592058.npz,2100592058.npz,0,train
2430,data\raw\daisee\train\210059\2100592059\2100592059.npz,2100592059.npz,0,val
2431,data\raw\daisee\train\210059\2100592060\2100592060.npz,2100592060.npz,0,val
2432,data\raw\daisee\train\210059\2100592064\2100592064.npz,2100592064.npz,1,train
2433,data\raw\daisee\train\210059\2100592065\2100592065.npz,2100592065.npz,0,train
2434,data\raw\daisee\train\210059\2100592066\2100592066.npz,2100592066.npz,0,train
2435,data\raw\daisee\train\210059\2100592067\2100592067.npz,2100592067.npz,0,train
2436,data\raw\daisee\train\210059\2100592068\2100592068.npz,2100592068.npz,0,train
2437,data\raw\daisee\train\210059\2100592069\2100592069.npz,2100592069.npz,0,train
2438,data\raw\daisee\train\210059\2100592070\2100592070.npz,2100592070.npz,1,val
2439,data\raw\daisee\train\210059\2100592071\2100592071.npz,2100592071.npz,0,test
2440,data\raw\daisee\train\210059\2100592072\2100592072.npz,2100592072.npz,0,test
2441,data\raw\daisee\train\210060\2100601001\2100601001.npz,2100601001.npz,1,val
2442,data\raw\daisee\train\210060\2100601002\2100601002.npz,2100601002.npz,0,train
2443,data\raw\daisee\train\210060\2100601004\2100601004.npz,2100601004.npz,1,val
2444,data\raw\daisee\train\210060\2100601005\2100601005.npz,2100601005.npz,1,train
2445,data\raw\daisee\train\210060\2100601006\2100601006.npz,2100601006.npz,0,test
2446,data\raw\daisee\train\210060\2100601007\2100601007.npz,2100601007.npz,1,train
2447,data\raw\daisee\train\210060\2100601008\2100601008.npz,2100601008.npz,0,test
2448,data\raw\daisee\train\210060\2100601009\2100601009.npz,2100601009.npz,1,val
2449,data\raw\daisee\train\210060\2100601010\2100601010.npz,2100601010.npz,0,val
2450,data\raw\daisee\train\210060\2100601011\2100601011.npz,2100601011.npz,1,val
2451,data\raw\daisee\train\210060\2100601012\2100601012.npz,2100601012.npz,1,train
2452,data\raw\daisee\train\210060\2100601013\2100601013.npz,2100601013.npz,0,test
2453,data\raw\daisee\train\210060\2100601014\2100601014.npz,2100601014.npz,0,train
2454,data\raw\daisee\train\210060\2100601015\2100601015.npz,2100601015.npz,0,train
2455,data\raw\daisee\train\210060\2100601016\2100601016.npz,2100601016.npz,0,train
2456,data\raw\daisee\train\210060\2100601017\2100601017.npz,2100601017.npz,0,train
2457,data\raw\daisee\train\210060\2100601020\2100601020.npz,2100601020.npz,0,val
2458,data\raw\daisee\train\210060\2100601021\2100601021.npz,2100601021.npz,1,val
2459,data\raw\daisee\train\210060\2100601023\2100601023.npz,2100601023.npz,0,train
2460,data\raw\daisee\train\210060\2100601024\2100601024.npz,2100601024.npz,0,train
2461,data\raw\daisee\train\210060\2100601025\2100601025.npz,2100601025.npz,0,train
2462,data\raw\daisee\train\210060\2100601027\2100601027.npz,2100601027.npz,1,train
2463,data\raw\daisee\train\210060\2100601028\2100601028.npz,2100601028.npz,0,train
2464,data\raw\daisee\train\210060\2100601029\2100601029.npz,2100601029.npz,0,train
2465,data\raw\daisee\train\210060\2100601030\2100601030.npz,2100601030.npz,0,train
2466,data\raw\daisee\train\210060\2100601031\2100601031.npz,2100601031.npz,1,train
2467,data\raw\daisee\train\210060\2100601032\2100601032.npz,2100601032.npz,0,train
2468,data\raw\daisee\train\210060\2100601033\2100601033.npz,2100601033.npz,0,train
2469,data\raw\daisee\train\210060\2100601035\2100601035.npz,2100601035.npz,0,val
2470,data\raw\daisee\train\210060\2100601036\2100601036.npz,2100601036.npz,1,train
2471,data\raw\daisee\train\210060\2100601037\2100601037.npz,2100601037.npz,0,val
2472,data\raw\daisee\train\210060\2100601038\2100601038.npz,2100601038.npz,0,train
2473,data\raw\daisee\train\210060\2100601039\2100601039.npz,2100601039.npz,0,train
2474,data\raw\daisee\train\210060\2100601040\2100601040.npz,2100601040.npz,0,train
2475,data\raw\daisee\train\210060\2100601041\2100601041.npz,2100601041.npz,0,train
2476,data\raw\daisee\train\210060\2100601042\2100601042.npz,2100601042.npz,0,train
2477,data\raw\daisee\train\210060\2100601043\2100601043.npz,2100601043.npz,0,train
2478,data\raw\daisee\train\210060\2100601044\2100601044.npz,2100601044.npz,0,train
2479,data\raw\daisee\train\210060\2100601045\2100601045.npz,2100601045.npz,0,test
2480,data\raw\daisee\train\210060\2100601046\2100601046.npz,2100601046.npz,0,train
2481,data\raw\daisee\train\210060\2100601049\2100601049.npz,2100601049.npz,0,test
2482,data\raw\daisee\train\210060\2100601050\2100601050.npz,2100601050.npz,0,train
2483,data\raw\daisee\train\210060\2100601052\2100601052.npz,2100601052.npz,0,train
2484,data\raw\daisee\train\210060\2100601053\2100601053.npz,2100601053.npz,0,test
2485,data\raw\daisee\train\210060\2100601054\2100601054.npz,2100601054.npz,0,train
2486,data\raw\daisee\train\210060\2100601055\2100601055.npz,2100601055.npz,0,train
2487,data\raw\daisee\train\210060\2100601056\2100601056.npz,2100601056.npz,1,train
2488,data\raw\daisee\train\210060\2100601057\2100601057.npz,2100601057.npz,0,val
2489,data\raw\daisee\train\210060\2100601059\2100601059.npz,2100601059.npz,0,train
2490,data\raw\daisee\train\210060\2100601062\2100601062.npz,2100601062.npz,0,test
2491,data\raw\daisee\train\210060\2100601063\2100601063.npz,2100601063.npz,0,train
2492,data\raw\daisee\train\210060\2100601064\2100601064.npz,2100601064.npz,1,train
2493,data\raw\daisee\train\210060\2100601065\2100601065.npz,2100601065.npz,0,train
2494,data\raw\daisee\train\210060\2100601066\2100601066.npz,2100601066.npz,0,train
2495,data\raw\daisee\train\210060\2100601067\2100601067.npz,2100601067.npz,0,train
2496,data\raw\daisee\train\210060\2100601068\2100601068.npz,2100601068.npz,0,train
2497,data\raw\daisee\train\210060\2100601069\2100601069.npz,2100601069.npz,1,train
2498,data\raw\daisee\train\210060\2100601071\2100601071.npz,2100601071.npz,0,train
2499,data\raw\daisee\train\210060\2100601073\2100601073.npz,2100601073.npz,0,train
2500,data\raw\daisee\train\210060\2100601074\2100601074.npz,2100601074.npz,1,train
2501,data\raw\daisee\train\210060\2100601075\2100601075.npz,2100601075.npz,0,train
2502,data\raw\daisee\train\210060\2100601077\2100601077.npz,2100601077.npz,0,val
2503,data\raw\daisee\train\210060\2100601078\2100601078.npz,2100601078.npz,1,train
2504,data\raw\daisee\train\210060\2100602001\2100602001.npz,2100602001.npz,0,train
2505,data\raw\daisee\train\210060\2100602002\2100602002.npz,2100602002.npz,0,train
2506,data\raw\daisee\train\210060\2100602003\2100602003.npz,2100602003.npz,0,train
2507,data\raw\daisee\train\210060\2100602004\2100602004.npz,2100602004.npz,0,test
2508,data\raw\daisee\train\210060\2100602005\2100602005.npz,2100602005.npz,1,test
2509,data\raw\daisee\train\210060\2100602006\2100602006.npz,2100602006.npz,1,train
2510,data\raw\daisee\train\210060\2100602008\2100602008.npz,2100602008.npz,0,train
2511,data\raw\daisee\train\210060\2100602009\2100602009.npz,2100602009.npz,0,val
2512,data\raw\daisee\train\210060\2100602010\2100602010.npz,2100602010.npz,0,train
2513,data\raw\daisee\train\210060\2100602011\2100602011.npz,2100602011.npz,1,train
2514,data\raw\daisee\train\210060\2100602012\2100602012.npz,2100602012.npz,0,train
2515,data\raw\daisee\train\210060\2100602014\2100602014.npz,2100602014.npz,1,train
2516,data\raw\daisee\train\210060\2100602015\2100602015.npz,2100602015.npz,1,train
2517,data\raw\daisee\train\210060\2100602017\2100602017.npz,2100602017.npz,0,val
2518,data\raw\daisee\train\210060\2100602018\2100602018.npz,2100602018.npz,0,val
2519,data\raw\daisee\train\210060\2100602019\2100602019.npz,2100602019.npz,1,train
2520,data\raw\daisee\train\210060\2100602020\2100602020.npz,2100602020.npz,0,train
2521,data\raw\daisee\train\210060\2100602022\2100602022.npz,2100602022.npz,0,train
2522,data\raw\daisee\train\210060\2100602023\2100602023.npz,2100602023.npz,0,train
2523,data\raw\daisee\train\210060\2100602024\2100602024.npz,2100602024.npz,0,train
2524,data\raw\daisee\train\210060\2100602025\2100602025.npz,2100602025.npz,1,test
2525,data\raw\daisee\train\210060\2100602026\2100602026.npz,2100602026.npz,0,train
2526,data\raw\daisee\train\210060\2100602027\2100602027.npz,2100602027.npz,1,val
2527,data\raw\daisee\train\210060\2100602028\2100602028.npz,2100602028.npz,1,test
2528,data\raw\daisee\train\210060\2100602029\2100602029.npz,2100602029.npz,1,val
2529,data\raw\daisee\train\210060\2100602030\2100602030.npz,2100602030.npz,0,test
2530,data\raw\daisee\train\210060\2100602032\2100602032.npz,2100602032.npz,1,train
2531,data\raw\daisee\train\210060\2100602033\2100602033.npz,2100602033.npz,0,train
2532,data\raw\daisee\train\210060\2100602034\2100602034.npz,2100602034.npz,0,val
2533,data\raw\daisee\train\210060\2100602035\2100602035.npz,2100602035.npz,1,train
2534,data\raw\daisee\train\210060\2100602036\2100602036.npz,2100602036.npz,1,train
2535,data\raw\daisee\train\210060\2100602038\2100602038.npz,2100602038.npz,0,train
2536,data\raw\daisee\train\210060\2100602040\2100602040.npz,2100602040.npz,1,train
2537,data\raw\daisee\train\210060\2100602041\2100602041.npz,2100602041.npz,1,test
2538,data\raw\daisee\train\210060\2100602042\2100602042.npz,2100602042.npz,0,val
2539,data\raw\daisee\train\210060\2100602043\2100602043.npz,2100602043.npz,0,val
2540,data\raw\daisee\train\210060\2100602044\2100602044.npz,2100602044.npz,1,train
2541,data\raw\daisee\train\210060\2100602046\2100602046.npz,2100602046.npz,0,test
2542,data\raw\daisee\train\210060\2100602047\2100602047.npz,2100602047.npz,1,train
2543,data\raw\daisee\train\210060\2100602049\2100602049.npz,2100602049.npz,0,train
2544,data\raw\daisee\train\210060\2100602050\2100602050.npz,2100602050.npz,0,val
2545,data\raw\daisee\train\210060\2100602051\2100602051.npz,2100602051.npz,0,train
2546,data\raw\daisee\train\210060\2100602052\2100602052.npz,2100602052.npz,0,train
2547,data\raw\daisee\train\210060\2100602053\2100602053.npz,2100602053.npz,1,train
2548,data\raw\daisee\train\210060\2100602054\2100602054.npz,2100602054.npz,0,test
2549,data\raw\daisee\train\210060\2100602056\2100602056.npz,2100602056.npz,1,train
2550,data\raw\daisee\train\210060\2100602058\2100602058.npz,2100602058.npz,1,train
2551,data\raw\daisee\train\210060\2100602059\2100602059.npz,2100602059.npz,1,train
2552,data\raw\daisee\train\210060\2100602060\2100602060.npz,2100602060.npz,1,train
2553,data\raw\daisee\train\210060\2100602061\2100602061.npz,2100602061.npz,0,test
2554,data\raw\daisee\train\210060\2100602062\2100602062.npz,2100602062.npz,0,train
2555,data\raw\daisee\train\210060\2100602063\2100602063.npz,2100602063.npz,0,train
2556,data\raw\daisee\train\210060\2100602065\2100602065.npz,2100602065.npz,0,test
2557,data\raw\daisee\train\210060\2100602067\2100602067.npz,2100602067.npz,1,train
2558,data\raw\daisee\train\210060\2100602068\2100602068.npz,2100602068.npz,1,train
2559,data\raw\daisee\train\210060\2100602069\2100602069.npz,2100602069.npz,0,test
2560,data\raw\daisee\train\210060\2100602072\2100602072.npz,2100602072.npz,0,train
2561,data\raw\daisee\train\210061\2100611002\2100611002.npz,2100611002.npz,0,train
2562,data\raw\daisee\train\210061\2100611003\2100611003.npz,2100611003.npz,0,val
2563,data\raw\daisee\train\210061\2100611004\2100611004.npz,2100611004.npz,0,train
2564,data\raw\daisee\train\210061\2100611005\2100611005.npz,2100611005.npz,0,train
2565,data\raw\daisee\train\210061\2100611006\2100611006.npz,2100611006.npz,0,val
2566,data\raw\daisee\train\210061\2100611010\2100611010.npz,2100611010.npz,0,train
2567,data\raw\daisee\train\210061\2100611011\2100611011.npz,2100611011.npz,0,train
2568,data\raw\daisee\train\210061\2100611012\2100611012.npz,2100611012.npz,0,train
2569,data\raw\daisee\train\210061\2100611013\2100611013.npz,2100611013.npz,0,train
2570,data\raw\daisee\train\210061\2100611014\2100611014.npz,2100611014.npz,0,test
2571,data\raw\daisee\train\210061\2100611015\2100611015.npz,2100611015.npz,0,train
2572,data\raw\daisee\train\210061\2100611016\2100611016.npz,2100611016.npz,1,train
2573,data\raw\daisee\train\210061\2100611017\2100611017.npz,2100611017.npz,1,train
2574,data\raw\daisee\train\210061\2100611018\2100611018.npz,2100611018.npz,0,val
2575,data\raw\daisee\train\210061\2100611019\2100611019.npz,2100611019.npz,0,train
2576,data\raw\daisee\train\210061\2100611021\2100611021.npz,2100611021.npz,0,train
2577,data\raw\daisee\train\210061\2100611023\2100611023.npz,2100611023.npz,1,test
2578,data\raw\daisee\train\210061\2100611024\2100611024.npz,2100611024.npz,0,train
2579,data\raw\daisee\train\210061\2100611025\2100611025.npz,2100611025.npz,0,train
2580,data\raw\daisee\train\210061\2100611026\2100611026.npz,2100611026.npz,0,train
2581,data\raw\daisee\train\210061\2100611027\2100611027.npz,2100611027.npz,1,train
2582,data\raw\daisee\train\210061\2100611028\2100611028.npz,2100611028.npz,0,train
2583,data\raw\daisee\train\210061\2100611029\2100611029.npz,2100611029.npz,0,train
2584,data\raw\daisee\train\210061\2100611031\2100611031.npz,2100611031.npz,0,train
2585,data\raw\daisee\train\210061\2100611032\2100611032.npz,2100611032.npz,0,train
2586,data\raw\daisee\train\210061\2100611034\2100611034.npz,2100611034.npz,1,test
2587,data\raw\daisee\train\210061\2100611035\2100611035.npz,2100611035.npz,0,val
2588,data\raw\daisee\train\210061\2100611036\2100611036.npz,2100611036.npz,0,test
2589,data\raw\daisee\train\210061\2100611037\2100611037.npz,2100611037.npz,0,train
2590,data\raw\daisee\train\210061\2100611038\2100611038.npz,2100611038.npz,1,test
2591,data\raw\daisee\train\210061\2100611039\2100611039.npz,2100611039.npz,0,train
2592,data\raw\daisee\train\210061\2100611040\2100611040.npz,2100611040.npz,0,train
2593,data\raw\daisee\train\210061\2100611041\2100611041.npz,2100611041.npz,0,train
2594,data\raw\daisee\train\210061\2100611042\2100611042.npz,2100611042.npz,0,test
2595,data\raw\daisee\train\210061\2100611043\2100611043.npz,2100611043.npz,0,test
2596,data\raw\daisee\train\210061\2100611044\2100611044.npz,2100611044.npz,0,train
2597,data\raw\daisee\train\210061\2100611045\2100611045.npz,2100611045.npz,0,val
2598,data\raw\daisee\train\210061\2100611046\2100611046.npz,2100611046.npz,0,train
2599,data\raw\daisee\train\210061\2100611047\2100611047.npz,2100611047.npz,1,train
2600,data\raw\daisee\train\210061\2100611048\2100611048.npz,2100611048.npz,0,val
2601,data\raw\daisee\train\210061\2100611049\2100611049.npz,2100611049.npz,0,train
2602,data\raw\daisee\train\210061\2100611050\2100611050.npz,2100611050.npz,0,train
2603,data\raw\daisee\train\210061\2100611051\2100611051.npz,2100611051.npz,0,train
2604,data\raw\daisee\train\210061\2100611052\2100611052.npz,2100611052.npz,0,train
2605,data\raw\daisee\train\210061\2100611055\2100611055.npz,2100611055.npz,0,test
2606,data\raw\daisee\train\210061\2100611056\2100611056.npz,2100611056.npz,0,train
2607,data\raw\daisee\train\210061\2100611057\2100611057.npz,2100611057.npz,1,train
2608,data\raw\daisee\train\210061\2100611058\2100611058.npz,2100611058.npz,0,train
2609,data\raw\daisee\train\210061\2100611059\2100611059.npz,2100611059.npz,0,train
2610,data\raw\daisee\train\210061\2100611060\2100611060.npz,2100611060.npz,0,train
2611,data\raw\daisee\train\210061\2100611061\2100611061.npz,2100611061.npz,0,train
2612,data\raw\daisee\train\210061\2100611062\2100611062.npz,2100611062.npz,0,train
2613,data\raw\daisee\train\210061\2100611063\2100611063.npz,2100611063.npz,0,train
2614,data\raw\daisee\train\210061\2100611064\2100611064.npz,2100611064.npz,0,train
2615,data\raw\daisee\train\210061\2100611066\2100611066.npz,2100611066.npz,0,test
2616,data\raw\daisee\train\210061\2100611067\2100611067.npz,2100611067.npz,0,train
2617,data\raw\daisee\train\210061\2100611068\2100611068.npz,2100611068.npz,0,test
2618,data\raw\daisee\train\210061\2100611069\2100611069.npz,2100611069.npz,0,test
2619,data\raw\daisee\train\210061\2100611070\2100611070.npz,2100611070.npz,1,train
2620,data\raw\daisee\train\210061\2100611071\2100611071.npz,2100611071.npz,0,train
2621,data\raw\daisee\train\210061\2100611075\2100611075.npz,2100611075.npz,0,train
2622,data\raw\daisee\train\210061\2100611076\2100611076.npz,2100611076.npz,0,train
2623,data\raw\daisee\train\210061\2100611077\2100611077.npz,2100611077.npz,0,train
2624,data\raw\daisee\train\210061\2100611078\2100611078.npz,2100611078.npz,0,train
2625,data\raw\daisee\train\210061\2100611079\2100611079.npz,2100611079.npz,0,val
2626,data\raw\daisee\train\210061\2100611081\2100611081.npz,2100611081.npz,0,train
2627,data\raw\daisee\train\210061\2100611083\2100611083.npz,2100611083.npz,1,train
2628,data\raw\daisee\train\210061\2100612001\2100612001.npz,2100612001.npz,0,train
2629,data\raw\daisee\train\210061\2100612002\2100612002.npz,2100612002.npz,1,train
2630,data\raw\daisee\train\210061\2100612003\2100612003.npz,2100612003.npz,1,train
2631,data\raw\daisee\train\210061\2100612005\2100612005.npz,2100612005.npz,0,train
2632,data\raw\daisee\train\210061\2100612006\2100612006.npz,2100612006.npz,0,val
2633,data\raw\daisee\train\210061\2100612007\2100612007.npz,2100612007.npz,0,test
2634,data\raw\daisee\train\210061\2100612008\2100612008.npz,2100612008.npz,0,val
2635,data\raw\daisee\train\210061\2100612010\2100612010.npz,2100612010.npz,0,train
2636,data\raw\daisee\train\210061\2100612011\2100612011.npz,2100612011.npz,0,train
2637,data\raw\daisee\train\210061\2100612012\2100612012.npz,2100612012.npz,0,test
2638,data\raw\daisee\train\210061\2100612014\2100612014.npz,2100612014.npz,0,train
2639,data\raw\daisee\train\210061\2100612015\2100612015.npz,2100612015.npz,0,val
2640,data\raw\daisee\train\210061\2100612020\2100612020.npz,2100612020.npz,0,train
2641,data\raw\daisee\train\210061\2100612022\2100612022.npz,2100612022.npz,0,train
2642,data\raw\daisee\train\210061\2100612024\2100612024.npz,2100612024.npz,0,train
2643,data\raw\daisee\train\210061\2100612025\2100612025.npz,2100612025.npz,0,train
2644,data\raw\daisee\train\210061\2100612026\2100612026.npz,2100612026.npz,0,train
2645,data\raw\daisee\train\210061\2100612027\2100612027.npz,2100612027.npz,0,train
2646,data\raw\daisee\train\210061\2100612028\2100612028.npz,2100612028.npz,0,train
2647,data\raw\daisee\train\210061\2100612029\2100612029.npz,2100612029.npz,0,val
2648,data\raw\daisee\train\210061\2100612030\2100612030.npz,2100612030.npz,0,train
2649,data\raw\daisee\train\210061\2100612031\2100612031.npz,2100612031.npz,1,train
2650,data\raw\daisee\train\210061\2100612033\2100612033.npz,2100612033.npz,0,train
2651,data\raw\daisee\train\210061\2100612034\2100612034.npz,2100612034.npz,0,train
2652,data\raw\daisee\train\210061\2100612035\2100612035.npz,2100612035.npz,0,train
2653,data\raw\daisee\train\210061\2100612037\2100612037.npz,2100612037.npz,0,train
2654,data\raw\daisee\train\210061\2100612038\2100612038.npz,2100612038.npz,0,test
2655,data\raw\daisee\train\210061\2100612040\2100612040.npz,2100612040.npz,1,train
2656,data\raw\daisee\train\210061\2100612041\2100612041.npz,2100612041.npz,0,val
2657,data\raw\daisee\train\210061\2100612042\2100612042.npz,2100612042.npz,0,train
2658,data\raw\daisee\train\210061\2100612043\2100612043.npz,2100612043.npz,0,train
2659,data\raw\daisee\train\210061\2100612044\2100612044.npz,2100612044.npz,0,train
2660,data\raw\daisee\train\210061\2100612045\2100612045.npz,2100612045.npz,0,train
2661,data\raw\daisee\train\210061\2100612046\2100612046.npz,2100612046.npz,0,train
2662,data\raw\daisee\train\210061\2100612047\2100612047.npz,2100612047.npz,0,train
2663,data\raw\daisee\train\210061\2100612048\2100612048.npz,2100612048.npz,0,test
2664,data\raw\daisee\train\210061\2100612051\2100612051.npz,2100612051.npz,0,train
2665,data\raw\daisee\train\210061\2100612053\2100612053.npz,2100612053.npz,0,test
2666,data\raw\daisee\train\210061\2100612056\2100612056.npz,2100612056.npz,0,val
2667,data\raw\daisee\train\210061\2100612057\2100612057.npz,2100612057.npz,0,test
2668,data\raw\daisee\train\210061\2100612058\2100612058.npz,2100612058.npz,1,train
2669,data\raw\daisee\train\210061\2100612059\2100612059.npz,2100612059.npz,0,train
2670,data\raw\daisee\train\210061\2100612060\2100612060.npz,2100612060.npz,0,train
2671,data\raw\daisee\train\210061\2100612061\2100612061.npz,2100612061.npz,0,train
2672,data\raw\daisee\train\210061\2100612062\2100612062.npz,2100612062.npz,1,train
2673,data\raw\daisee\train\210061\2100612063\2100612063.npz,2100612063.npz,0,train
2674,data\raw\daisee\train\210061\2100612064\2100612064.npz,2100612064.npz,0,train
2675,data\raw\daisee\train\210061\2100612065\2100612065.npz,2100612065.npz,0,train
2676,data\raw\daisee\train\210061\2100612066\2100612066.npz,2100612066.npz,0,train
2677,data\raw\daisee\train\210061\2100612067\2100612067.npz,2100612067.npz,0,train
2678,data\raw\daisee\train\210061\2100612068\2100612068.npz,2100612068.npz,1,train
2679,data\raw\daisee\train\210061\2100612069\2100612069.npz,2100612069.npz,0,train
2680,data\raw\daisee\train\210061\2100612070\2100612070.npz,2100612070.npz,0,test
2681,data\raw\daisee\train\210061\2100612071\2100612071.npz,2100612071.npz,0,train
2682,data\raw\daisee\train\210061\2100612072\2100612072.npz,2100612072.npz,0,train
2683,data\raw\daisee\train\226051\2260510110\2260510110.npz,2260510110.npz,0,train
2684,data\raw\daisee\train\226051\2260510113\2260510113.npz,2260510113.npz,1,train
2685,data\raw\daisee\train\226051\2260510114\2260510114.npz,2260510114.npz,1,train
2686,data\raw\daisee\train\226051\2260510115\2260510115.npz,2260510115.npz,0,train
2687,data\raw\daisee\train\226051\2260510116\2260510116.npz,2260510116.npz,0,train
2688,data\raw\daisee\train\226051\2260510118\2260510118.npz,2260510118.npz,1,train
2689,data\raw\daisee\train\226051\2260510122\2260510122.npz,2260510122.npz,0,train
2690,data\raw\daisee\train\226051\2260510124\2260510124.npz,2260510124.npz,0,train
2691,data\raw\daisee\train\226051\2260510125\2260510125.npz,2260510125.npz,1,train
2692,data\raw\daisee\train\226051\2260510126\2260510126.npz,2260510126.npz,0,train
2693,data\raw\daisee\train\226051\2260510127\2260510127.npz,2260510127.npz,0,train
2694,data\raw\daisee\train\226051\2260510129\2260510129.npz,2260510129.npz,1,test
2695,data\raw\daisee\train\226051\226051013\226051013.npz,226051013.npz,0,train
2696,data\raw\daisee\train\226051\2260510131\2260510131.npz,2260510131.npz,1,test
2697,data\raw\daisee\train\226051\2260510134\2260510134.npz,2260510134.npz,0,train
2698,data\raw\daisee\train\226051\2260510136\2260510136.npz,2260510136.npz,1,val
2699,data\raw\daisee\train\226051\2260510138\2260510138.npz,2260510138.npz,0,test
2700,data\raw\daisee\train\226051\2260510139\2260510139.npz,2260510139.npz,1,train
2701,data\raw\daisee\train\226051\226051014\226051014.npz,226051014.npz,1,train
2702,data\raw\daisee\train\226051\2260510140\2260510140.npz,2260510140.npz,1,train
2703,data\raw\daisee\train\226051\2260510141\2260510141.npz,2260510141.npz,1,val
2704,data\raw\daisee\train\226051\2260510142\2260510142.npz,2260510142.npz,1,train
2705,data\raw\daisee\train\226051\2260510143\2260510143.npz,2260510143.npz,1,val
2706,data\raw\daisee\train\226051\2260510146\2260510146.npz,2260510146.npz,1,train
2707,data\raw\daisee\train\226051\2260510147\2260510147.npz,2260510147.npz,0,train
2708,data\raw\daisee\train\226051\2260510148\2260510148.npz,2260510148.npz,0,train
2709,data\raw\daisee\train\226051\2260510151\2260510151.npz,2260510151.npz,0,val
2710,data\raw\daisee\train\226051\2260510152\2260510152.npz,2260510152.npz,0,test
2711,data\raw\daisee\train\226051\2260510155\2260510155.npz,2260510155.npz,1,train
2712,data\raw\daisee\train\226051\2260510156\2260510156.npz,2260510156.npz,0,train
2713,data\raw\daisee\train\226051\2260510158\2260510158.npz,2260510158.npz,1,train
2714,data\raw\daisee\train\226051\2260510159\2260510159.npz,2260510159.npz,1,test
2715,data\raw\daisee\train\226051\226051016\226051016.npz,226051016.npz,1,train
2716,data\raw\daisee\train\226051\2260510160\2260510160.npz,2260510160.npz,1,train
2717,data\raw\daisee\train\226051\2260510162\2260510162.npz,2260510162.npz,1,test
2718,data\raw\daisee\train\226051\2260510163\2260510163.npz,2260510163.npz,1,train
2719,data\raw\daisee\train\226051\2260510167\2260510167.npz,2260510167.npz,1,train
2720,data\raw\daisee\train\226051\2260510168\2260510168.npz,2260510168.npz,0,train
2721,data\raw\daisee\train\226051\226051017\226051017.npz,226051017.npz,0,train
2722,data\raw\daisee\train\226051\2260510172\2260510172.npz,2260510172.npz,0,train
2723,data\raw\daisee\train\226051\2260510174\2260510174.npz,2260510174.npz,0,train
2724,data\raw\daisee\train\226051\2260510176\2260510176.npz,2260510176.npz,0,train
2725,data\raw\daisee\train\226051\2260510177\2260510177.npz,2260510177.npz,1,train
2726,data\raw\daisee\train\226051\2260510180\2260510180.npz,2260510180.npz,1,val
2727,data\raw\daisee\train\226051\2260510182\2260510182.npz,2260510182.npz,1,train
2728,data\raw\daisee\train\226051\2260510183\2260510183.npz,2260510183.npz,1,train
2729,data\raw\daisee\train\226051\2260510185\2260510185.npz,2260510185.npz,0,train
2730,data\raw\daisee\train\226051\226051019\226051019.npz,226051019.npz,1,train
2731,data\raw\daisee\train\226051\226051021\226051021.npz,226051021.npz,0,train
2732,data\raw\daisee\train\226051\2260510212\2260510212.npz,2260510212.npz,0,train
2733,data\raw\daisee\train\226051\2260510213\2260510213.npz,2260510213.npz,0,train
2734,data\raw\daisee\train\226051\2260510214\2260510214.npz,2260510214.npz,0,val
2735,data\raw\daisee\train\226051\2260510217\2260510217.npz,2260510217.npz,0,train
2736,data\raw\daisee\train\226051\226051022\226051022.npz,226051022.npz,0,val
2737,data\raw\daisee\train\226051\2260510220\2260510220.npz,2260510220.npz,0,train
2738,data\raw\daisee\train\226051\2260510221\2260510221.npz,2260510221.npz,0,val
2739,data\raw\daisee\train\226051\2260510222\2260510222.npz,2260510222.npz,0,train
2740,data\raw\daisee\train\226051\2260510223\2260510223.npz,2260510223.npz,0,train
2741,data\raw\daisee\train\226051\2260510227\2260510227.npz,2260510227.npz,0,train
2742,data\raw\daisee\train\226051\2260510228\2260510228.npz,2260510228.npz,0,train
2743,data\raw\daisee\train\226051\2260510229\2260510229.npz,2260510229.npz,0,train
2744,data\raw\daisee\train\226051\226051023\226051023.npz,226051023.npz,0,train
2745,data\raw\daisee\train\226051\2260510230\2260510230.npz,2260510230.npz,0,val
2746,data\raw\daisee\train\226051\2260510231\2260510231.npz,2260510231.npz,0,train
2747,data\raw\daisee\train\226051\2260510232\2260510232.npz,2260510232.npz,0,train
2748,data\raw\daisee\train\226051\2260510233\2260510233.npz,2260510233.npz,0,train
2749,data\raw\daisee\train\226051\2260510237\2260510237.npz,2260510237.npz,0,val
2750,data\raw\daisee\train\226051\2260510238\2260510238.npz,2260510238.npz,0,train
2751,data\raw\daisee\train\226051\2260510240\2260510240.npz,2260510240.npz,0,train
2752,data\raw\daisee\train\226051\2260510241\2260510241.npz,2260510241.npz,0,train
2753,data\raw\daisee\train\226051\2260510242\2260510242.npz,2260510242.npz,0,train
2754,data\raw\daisee\train\226051\2260510243\2260510243.npz,2260510243.npz,0,train
2755,data\raw\daisee\train\226051\2260510244\2260510244.npz,2260510244.npz,0,train
2756,data\raw\daisee\train\226051\2260510247\2260510247.npz,2260510247.npz,0,train
2757,data\raw\daisee\train\226051\2260510248\2260510248.npz,2260510248.npz,0,train
2758,data\raw\daisee\train\226051\226051025\226051025.npz,226051025.npz,0,val
2759,data\raw\daisee\train\226051\2260510250\2260510250.npz,2260510250.npz,0,test
2760,data\raw\daisee\train\226051\2260510252\2260510252.npz,2260510252.npz,0,val
2761,data\raw\daisee\train\226051\2260510253\2260510253.npz,2260510253.npz,0,train
2762,data\raw\daisee\train\226051\2260510254\2260510254.npz,2260510254.npz,0,test
2763,data\raw\daisee\train\226051\2260510257\2260510257.npz,2260510257.npz,0,train
2764,data\raw\daisee\train\226051\2260510258\2260510258.npz,2260510258.npz,0,train
2765,data\raw\daisee\train\226051\2260510259\2260510259.npz,2260510259.npz,0,train
2766,data\raw\daisee\train\226051\226051026\226051026.npz,226051026.npz,0,train
2767,data\raw\daisee\train\226051\2260510260\2260510260.npz,2260510260.npz,0,test
2768,data\raw\daisee\train\226051\2260510262\2260510262.npz,2260510262.npz,0,train
2769,data\raw\daisee\train\226051\2260510266\2260510266.npz,2260510266.npz,0,train
2770,data\raw\daisee\train\226051\2260510267\2260510267.npz,2260510267.npz,0,train
2771,data\raw\daisee\train\226051\226051027\226051027.npz,226051027.npz,0,train
2772,data\raw\daisee\train\226051\2260510270\2260510270.npz,2260510270.npz,0,test
2773,data\raw\daisee\train\226051\2260510271\2260510271.npz,2260510271.npz,0,train
2774,data\raw\daisee\train\226051\2260510272\2260510272.npz,2260510272.npz,0,test
2775,data\raw\daisee\train\226051\2260510276\2260510276.npz,2260510276.npz,0,test
2776,data\raw\daisee\train\226051\2260510277\2260510277.npz,2260510277.npz,0,train
2777,data\raw\daisee\train\226051\2260510278\2260510278.npz,2260510278.npz,0,train
2778,data\raw\daisee\train\240846\240846010\240846010.npz,240846010.npz,0,train
2779,data\raw\daisee\train\240846\240846011\240846011.npz,240846011.npz,0,train
2780,data\raw\daisee\train\240846\2408460110\2408460110.npz,2408460110.npz,0,val
2781,data\raw\daisee\train\240846\2408460111\2408460111.npz,2408460111.npz,0,train
2782,data\raw\daisee\train\240846\2408460118\2408460118.npz,2408460118.npz,1,train
2783,data\raw\daisee\train\240846\240846012\240846012.npz,240846012.npz,0,train
2784,data\raw\daisee\train\240846\2408460120\2408460120.npz,2408460120.npz,0,test
2785,data\raw\daisee\train\240846\2408460123\2408460123.npz,2408460123.npz,0,train
2786,data\raw\daisee\train\240846\2408460125\2408460125.npz,2408460125.npz,0,train
2787,data\raw\daisee\train\240846\2408460126\2408460126.npz,2408460126.npz,0,test
2788,data\raw\daisee\train\240846\2408460127\2408460127.npz,2408460127.npz,0,test
2789,data\raw\daisee\train\240846\2408460129\2408460129.npz,2408460129.npz,0,train
2790,data\raw\daisee\train\240846\240846013\240846013.npz,240846013.npz,0,train
2791,data\raw\daisee\train\240846\2408460130\2408460130.npz,2408460130.npz,1,train
2792,data\raw\daisee\train\240846\2408460131\2408460131.npz,2408460131.npz,0,train
2793,data\raw\daisee\train\240846\2408460132\2408460132.npz,2408460132.npz,1,train
2794,data\raw\daisee\train\240846\2408460133\2408460133.npz,2408460133.npz,0,train
2795,data\raw\daisee\train\240846\2408460134\2408460134.npz,2408460134.npz,0,train
2796,data\raw\daisee\train\240846\2408460135\2408460135.npz,2408460135.npz,0,train
2797,data\raw\daisee\train\240846\2408460139\2408460139.npz,2408460139.npz,0,train
2798,data\raw\daisee\train\240846\2408460143\2408460143.npz,2408460143.npz,0,train
2799,data\raw\daisee\train\240846\2408460145\2408460145.npz,2408460145.npz,1,test
2800,data\raw\daisee\train\240846\2408460146\2408460146.npz,2408460146.npz,0,test
2801,data\raw\daisee\train\240846\2408460148\2408460148.npz,2408460148.npz,0,train
2802,data\raw\daisee\train\240846\2408460149\2408460149.npz,2408460149.npz,0,train
2803,data\raw\daisee\train\240846\240846015\240846015.npz,240846015.npz,0,train
2804,data\raw\daisee\train\240846\2408460150\2408460150.npz,2408460150.npz,0,train
2805,data\raw\daisee\train\240846\2408460151\2408460151.npz,2408460151.npz,0,test
2806,data\raw\daisee\train\240846\2408460152\2408460152.npz,2408460152.npz,0,test
2807,data\raw\daisee\train\240846\2408460154\2408460154.npz,2408460154.npz,0,train
2808,data\raw\daisee\train\240846\2408460155\2408460155.npz,2408460155.npz,0,val
2809,data\raw\daisee\train\240846\2408460156\2408460156.npz,2408460156.npz,0,train
2810,data\raw\daisee\train\240846\2408460158\2408460158.npz,2408460158.npz,0,train
2811,data\raw\daisee\train\240846\2408460159\2408460159.npz,2408460159.npz,0,train
2812,data\raw\daisee\train\240846\240846016\240846016.npz,240846016.npz,0,train
2813,data\raw\daisee\train\240846\2408460163\2408460163.npz,2408460163.npz,0,test
2814,data\raw\daisee\train\240846\2408460166\2408460166.npz,2408460166.npz,0,test
2815,data\raw\daisee\train\240846\240846017\240846017.npz,240846017.npz,1,train
2816,data\raw\daisee\train\240846\240846018\240846018.npz,240846018.npz,0,train
2817,data\raw\daisee\train\240846\240846019\240846019.npz,240846019.npz,0,train
2818,data\raw\daisee\train\240846\2408460211\2408460211.npz,2408460211.npz,0,test
2819,data\raw\daisee\train\240846\2408460212\2408460212.npz,2408460212.npz,0,train
2820,data\raw\daisee\train\240846\2408460213\2408460213.npz,2408460213.npz,0,val
2821,data\raw\daisee\train\240846\2408460215\2408460215.npz,2408460215.npz,0,train
2822,data\raw\daisee\train\240846\2408460217\2408460217.npz,2408460217.npz,0,train
2823,data\raw\daisee\train\240846\2408460219\2408460219.npz,2408460219.npz,0,train
2824,data\raw\daisee\train\240846\240846022\240846022.npz,240846022.npz,0,train
2825,data\raw\daisee\train\240846\2408460220\2408460220.npz,2408460220.npz,0,train
2826,data\raw\daisee\train\240846\2408460221\2408460221.npz,2408460221.npz,0,train
2827,data\raw\daisee\train\240846\2408460222\2408460222.npz,2408460222.npz,0,train
2828,data\raw\daisee\train\240846\2408460223\2408460223.npz,2408460223.npz,1,train
2829,data\raw\daisee\train\240846\2408460225\2408460225.npz,2408460225.npz,0,train
2830,data\raw\daisee\train\240846\2408460226\2408460226.npz,2408460226.npz,0,train
2831,data\raw\daisee\train\240846\2408460227\2408460227.npz,2408460227.npz,0,train
2832,data\raw\daisee\train\240846\2408460229\2408460229.npz,2408460229.npz,0,train
2833,data\raw\daisee\train\240846\240846023\240846023.npz,240846023.npz,0,train
2834,data\raw\daisee\train\240846\2408460234\2408460234.npz,2408460234.npz,0,train
2835,data\raw\daisee\train\240846\2408460236\2408460236.npz,2408460236.npz,0,val
2836,data\raw\daisee\train\240846\2408460237\2408460237.npz,2408460237.npz,0,train
2837,data\raw\daisee\train\240846\2408460238\2408460238.npz,2408460238.npz,0,train
2838,data\raw\daisee\train\240846\240846024\240846024.npz,240846024.npz,1,test
2839,data\raw\daisee\train\240846\2408460240\2408460240.npz,2408460240.npz,1,train
2840,data\raw\daisee\train\240846\2408460242\2408460242.npz,2408460242.npz,0,val
2841,data\raw\daisee\train\240846\2408460243\2408460243.npz,2408460243.npz,0,train
2842,data\raw\daisee\train\240846\2408460244\2408460244.npz,2408460244.npz,0,train
2843,data\raw\daisee\train\240846\2408460246\2408460246.npz,2408460246.npz,0,train
2844,data\raw\daisee\train\240846\2408460247\2408460247.npz,2408460247.npz,0,test
2845,data\raw\daisee\train\240846\2408460249\2408460249.npz,2408460249.npz,0,train
2846,data\raw\daisee\train\240846\2408460252\2408460252.npz,2408460252.npz,0,train
2847,data\raw\daisee\train\240846\2408460254\2408460254.npz,2408460254.npz,0,train
2848,data\raw\daisee\train\240846\2408460255\2408460255.npz,2408460255.npz,0,test
2849,data\raw\daisee\train\240846\2408460257\2408460257.npz,2408460257.npz,0,train
2850,data\raw\daisee\train\240846\2408460260\2408460260.npz,2408460260.npz,0,train
2851,data\raw\daisee\train\240846\2408460261\2408460261.npz,2408460261.npz,0,train
2852,data\raw\daisee\train\240846\2408460265\2408460265.npz,2408460265.npz,0,train
2853,data\raw\daisee\train\240846\2408460266\2408460266.npz,2408460266.npz,0,val
2854,data\raw\daisee\train\240846\2408460268\2408460268.npz,2408460268.npz,0,test
2855,data\raw\daisee\train\240846\2408460269\2408460269.npz,2408460269.npz,0,val
2856,data\raw\daisee\train\240846\240846027\240846027.npz,240846027.npz,0,train
2857,data\raw\daisee\train\240846\2408460271\2408460271.npz,2408460271.npz,0,train
2858,data\raw\daisee\train\240846\2408460272\2408460272.npz,2408460272.npz,0,train
2859,data\raw\daisee\train\240846\2408460274\2408460274.npz,2408460274.npz,0,train
2860,data\raw\daisee\train\240846\2408460276\2408460276.npz,2408460276.npz,0,train
2861,data\raw\daisee\train\240846\2408460277\2408460277.npz,2408460277.npz,0,train
2862,data\raw\daisee\train\240846\2408460278\2408460278.npz,2408460278.npz,0,train
2863,data\raw\daisee\train\240846\240846028\240846028.npz,240846028.npz,0,train
2864,data\raw\daisee\train\240846\2408460280\2408460280.npz,2408460280.npz,0,test
2865,data\raw\daisee\train\240846\240846029\240846029.npz,240846029.npz,0,train
2866,data\raw\daisee\train\248510\24851011\24851011.npz,24851011.npz,0,train
2867,data\raw\daisee\train\248510\248510111\248510111.npz,248510111.npz,0,train
2868,data\raw\daisee\train\248510\248510112\248510112.npz,248510112.npz,0,test
2869,data\raw\daisee\train\248510\248510114\248510114.npz,248510114.npz,0,val
2870,data\raw\daisee\train\248510\248510116\248510116.npz,248510116.npz,0,train
2871,data\raw\daisee\train\248510\248510117\248510117.npz,248510117.npz,0,train
2872,data\raw\daisee\train\248510\248510118\248510118.npz,248510118.npz,0,train
2873,data\raw\daisee\train\248510\248510119\248510119.npz,248510119.npz,0,train
2874,data\raw\daisee\train\248510\248510120\248510120.npz,248510120.npz,0,train
2875,data\raw\daisee\train\248510\248510125\248510125.npz,248510125.npz,0,test
2876,data\raw\daisee\train\248510\248510127\248510127.npz,248510127.npz,0,val
2877,data\raw\daisee\train\248510\248510128\248510128.npz,248510128.npz,0,train
2878,data\raw\daisee\train\248510\248510129\248510129.npz,248510129.npz,0,train
2879,data\raw\daisee\train\248510\24851013\24851013.npz,24851013.npz,0,train
2880,data\raw\daisee\train\248510\248510131\248510131.npz,248510131.npz,0,train
2881,data\raw\daisee\train\248510\248510136\248510136.npz,248510136.npz,0,train
2882,data\raw\daisee\train\248510\248510137\248510137.npz,248510137.npz,0,val
2883,data\raw\daisee\train\248510\24851014\24851014.npz,24851014.npz,0,train
2884,data\raw\daisee\train\248510\248510142\248510142.npz,248510142.npz,0,train
2885,data\raw\daisee\train\248510\248510147\248510147.npz,248510147.npz,0,train
2886,data\raw\daisee\train\248510\248510148\248510148.npz,248510148.npz,0,train
2887,data\raw\daisee\train\248510\24851015\24851015.npz,24851015.npz,0,train
2888,data\raw\daisee\train\248510\248510150\248510150.npz,248510150.npz,0,train
2889,data\raw\daisee\train\248510\248510151\248510151.npz,248510151.npz,0,train
2890,data\raw\daisee\train\248510\248510153\248510153.npz,248510153.npz,0,train
2891,data\raw\daisee\train\248510\248510155\248510155.npz,248510155.npz,0,test
2892,data\raw\daisee\train\248510\248510156\248510156.npz,248510156.npz,0,train
2893,data\raw\daisee\train\248510\248510157\248510157.npz,248510157.npz,0,train
2894,data\raw\daisee\train\248510\248510160\248510160.npz,248510160.npz,0,train
2895,data\raw\daisee\train\248510\248510161\248510161.npz,248510161.npz,0,train
2896,data\raw\daisee\train\248510\248510163\248510163.npz,248510163.npz,0,train
2897,data\raw\daisee\train\248510\248510164\248510164.npz,248510164.npz,0,train
2898,data\raw\daisee\train\248510\248510167\248510167.npz,248510167.npz,0,train
2899,data\raw\daisee\train\248510\248510170\248510170.npz,248510170.npz,0,train
2900,data\raw\daisee\train\248510\24851018\24851018.npz,24851018.npz,0,train
2901,data\raw\daisee\train\248510\24851019\24851019.npz,24851019.npz,0,train
2902,data\raw\daisee\train\248510\248510211\248510211.npz,248510211.npz,0,train
2903,data\raw\daisee\train\248510\248510212\248510212.npz,248510212.npz,0,train
2904,data\raw\daisee\train\248510\248510213\248510213.npz,248510213.npz,0,train
2905,data\raw\daisee\train\248510\248510214\248510214.npz,248510214.npz,0,val
2906,data\raw\daisee\train\248510\248510215\248510215.npz,248510215.npz,0,train
2907,data\raw\daisee\train\248510\248510216\248510216.npz,248510216.npz,0,train
2908,data\raw\daisee\train\248510\24851022\24851022.npz,24851022.npz,0,test
2909,data\raw\daisee\train\248510\248510220\248510220.npz,248510220.npz,0,test
2910,data\raw\daisee\train\248510\248510223\248510223.npz,248510223.npz,0,train
2911,data\raw\daisee\train\248510\248510225\248510225.npz,248510225.npz,0,train
2912,data\raw\daisee\train\248510\248510227\248510227.npz,248510227.npz,0,train
2913,data\raw\daisee\train\248510\248510229\248510229.npz,248510229.npz,0,train
2914,data\raw\daisee\train\248510\248510230\248510230.npz,248510230.npz,0,train
2915,data\raw\daisee\train\248510\248510232\248510232.npz,248510232.npz,0,train
2916,data\raw\daisee\train\248510\248510233\248510233.npz,248510233.npz,0,train
2917,data\raw\daisee\train\248510\248510235\248510235.npz,248510235.npz,0,train
2918,data\raw\daisee\train\248510\248510236\248510236.npz,248510236.npz,0,val
2919,data\raw\daisee\train\248510\24851024\24851024.npz,24851024.npz,0,test
2920,data\raw\daisee\train\248510\248510241\248510241.npz,248510241.npz,0,train
2921,data\raw\daisee\train\248510\248510242\248510242.npz,248510242.npz,0,train
2922,data\raw\daisee\train\248510\248510245\248510245.npz,248510245.npz,0,test
2923,data\raw\daisee\train\248510\248510246\248510246.npz,248510246.npz,0,test
2924,data\raw\daisee\train\248510\248510248\248510248.npz,248510248.npz,0,train
2925,data\raw\daisee\train\248510\248510249\248510249.npz,248510249.npz,0,test
2926,data\raw\daisee\train\248510\248510250\248510250.npz,248510250.npz,0,val
2927,data\raw\daisee\train\248510\248510251\248510251.npz,248510251.npz,0,train
2928,data\raw\daisee\train\248510\248510253\248510253.npz,248510253.npz,0,train
2929,data\raw\daisee\train\248510\248510255\248510255.npz,248510255.npz,0,train
2930,data\raw\daisee\train\248510\248510256\248510256.npz,248510256.npz,0,val
2931,data\raw\daisee\train\248510\248510259\248510259.npz,248510259.npz,0,test
2932,data\raw\daisee\train\248510\24851026\24851026.npz,24851026.npz,0,train
2933,data\raw\daisee\train\248510\248510260\248510260.npz,248510260.npz,0,train
2934,data\raw\daisee\train\248510\248510262\248510262.npz,248510262.npz,0,train
2935,data\raw\daisee\train\248510\248510264\248510264.npz,248510264.npz,0,train
2936,data\raw\daisee\train\248510\248510265\248510265.npz,248510265.npz,0,train
2937,data\raw\daisee\train\248510\248510267\248510267.npz,248510267.npz,0,train
2938,data\raw\daisee\train\248510\248510268\248510268.npz,248510268.npz,0,test
2939,data\raw\daisee\train\248510\24851027\24851027.npz,24851027.npz,0,train
2940,data\raw\daisee\train\248510\248510271\248510271.npz,248510271.npz,0,train
2941,data\raw\daisee\train\248510\248510272\248510272.npz,248510272.npz,0,train
2942,data\raw\daisee\train\248510\248510273\248510273.npz,248510273.npz,0,test
2943,data\raw\daisee\train\248510\248510276\248510276.npz,248510276.npz,0,train
2944,data\raw\daisee\train\248510\248510278\248510278.npz,248510278.npz,0,train
2945,data\raw\daisee\train\248510\24851028\24851028.npz,24851028.npz,0,train
2946,data\raw\daisee\train\290428\2904280110\2904280110.npz,2904280110.npz,0,train
2947,data\raw\daisee\train\290428\29042801110\29042801110.npz,29042801110.npz,0,train
2948,data\raw\daisee\train\290428\29042801170\29042801170.npz,29042801170.npz,0,train
2949,data\raw\daisee\train\290428\29042801180\29042801180.npz,29042801180.npz,0,train
2950,data\raw\daisee\train\290428\2904280120\2904280120.npz,2904280120.npz,0,train
2951,data\raw\daisee\train\290428\29042801220\29042801220.npz,29042801220.npz,0,test
2952,data\raw\daisee\train\290428\29042801230\29042801230.npz,29042801230.npz,1,train
2953,data\raw\daisee\train\290428\29042801250\29042801250.npz,29042801250.npz,0,train
2954,data\raw\daisee\train\290428\29042801260\29042801260.npz,29042801260.npz,0,test
2955,data\raw\daisee\train\290428\29042801290\29042801290.npz,29042801290.npz,0,test
2956,data\raw\daisee\train\290428\29042801300\29042801300.npz,29042801300.npz,0,train
2957,data\raw\daisee\train\290428\29042801320\29042801320.npz,29042801320.npz,0,test
2958,data\raw\daisee\train\290428\29042801340\29042801340.npz,29042801340.npz,0,train
2959,data\raw\daisee\train\290428\29042801350\29042801350.npz,29042801350.npz,0,train
2960,data\raw\daisee\train\290428\29042801370\29042801370.npz,29042801370.npz,1,train
2961,data\raw\daisee\train\290428\29042801390\29042801390.npz,29042801390.npz,1,val
2962,data\raw\daisee\train\290428\2904280140\2904280140.npz,2904280140.npz,0,train
2963,data\raw\daisee\train\290428\29042801440\29042801440.npz,29042801440.npz,0,train
2964,data\raw\daisee\train\290428\29042801450\29042801450.npz,29042801450.npz,0,train
2965,data\raw\daisee\train\290428\29042801470\29042801470.npz,29042801470.npz,1,val
2966,data\raw\daisee\train\290428\29042801480\29042801480.npz,29042801480.npz,0,train
2967,data\raw\daisee\train\290428\2904280150\2904280150.npz,2904280150.npz,0,train
2968,data\raw\daisee\train\290428\29042801500\29042801500.npz,29042801500.npz,0,train
2969,data\raw\daisee\train\290428\29042801550\29042801550.npz,29042801550.npz,1,train
2970,data\raw\daisee\train\290428\29042801570\29042801570.npz,29042801570.npz,0,train
2971,data\raw\daisee\train\290428\29042801580\29042801580.npz,29042801580.npz,0,train
2972,data\raw\daisee\train\290428\2904280160\2904280160.npz,2904280160.npz,0,train
2973,data\raw\daisee\train\290428\29042801600\29042801600.npz,29042801600.npz,0,train
2974,data\raw\daisee\train\290428\29042801630\29042801630.npz,29042801630.npz,0,val
2975,data\raw\daisee\train\290428\29042801640\29042801640.npz,29042801640.npz,0,train
2976,data\raw\daisee\train\290428\29042801650\29042801650.npz,29042801650.npz,0,val
2977,data\raw\daisee\train\290428\29042801680\29042801680.npz,29042801680.npz,0,test
2978,data\raw\daisee\train\290428\29042801690\29042801690.npz,29042801690.npz,0,test
2979,data\raw\daisee\train\290428\2904280170\2904280170.npz,2904280170.npz,0,train
2980,data\raw\daisee\train\290428\29042801710\29042801710.npz,29042801710.npz,0,val
2981,data\raw\daisee\train\290428\29042801740\29042801740.npz,29042801740.npz,0,train
2982,data\raw\daisee\train\290428\29042801750\29042801750.npz,29042801750.npz,0,train
2983,data\raw\daisee\train\290428\29042801770\29042801770.npz,29042801770.npz,1,train
2984,data\raw\daisee\train\290428\29042801780\29042801780.npz,29042801780.npz,0,train
2985,data\raw\daisee\train\290428\29042801790\29042801790.npz,29042801790.npz,0,val
2986,data\raw\daisee\train\290428\2904280180\2904280180.npz,2904280180.npz,0,test
2987,data\raw\daisee\train\290428\2904280190\2904280190.npz,2904280190.npz,0,val
2988,data\raw\daisee\train\290428\29042802110\29042802110.npz,29042802110.npz,0,train
2989,data\raw\daisee\train\290428\29042802140\29042802140.npz,29042802140.npz,0,train
2990,data\raw\daisee\train\290428\29042802150\29042802150.npz,29042802150.npz,0,train
2991,data\raw\daisee\train\290428\29042802180\29042802180.npz,29042802180.npz,0,train
2992,data\raw\daisee\train\290428\29042802200\29042802200.npz,29042802200.npz,0,train
2993,data\raw\daisee\train\290428\29042802220\29042802220.npz,29042802220.npz,0,train
2994,data\raw\daisee\train\290428\29042802240\29042802240.npz,29042802240.npz,0,val
2995,data\raw\daisee\train\290428\29042802260\29042802260.npz,29042802260.npz,0,train
2996,data\raw\daisee\train\290428\29042802280\29042802280.npz,29042802280.npz,0,train
2997,data\raw\daisee\train\290428\2904280230\2904280230.npz,2904280230.npz,0,train
2998,data\raw\daisee\train\290428\29042802310\29042802310.npz,29042802310.npz,0,val
2999,data\raw\daisee\train\290428\29042802320\29042802320.npz,29042802320.npz,0,test
3000,data\raw\daisee\train\290428\29042802340\29042802340.npz,29042802340.npz,0,train
3001,data\raw\daisee\train\290428\29042802350\29042802350.npz,29042802350.npz,0,test
3002,data\raw\daisee\train\290428\29042802380\29042802380.npz,29042802380.npz,0,train
3003,data\raw\daisee\train\290428\29042802390\29042802390.npz,29042802390.npz,0,train
3004,data\raw\daisee\train\290428\29042802410\29042802410.npz,29042802410.npz,0,val
3005,data\raw\daisee\train\290428\29042802420\29042802420.npz,29042802420.npz,0,val
3006,data\raw\daisee\train\290428\29042802430\29042802430.npz,29042802430.npz,0,train
3007,data\raw\daisee\train\290428\29042802440\29042802440.npz,29042802440.npz,0,val
3008,data\raw\daisee\train\290428\29042802450\29042802450.npz,29042802450.npz,0,train
3009,data\raw\daisee\train\290428\29042802460\29042802460.npz,29042802460.npz,0,train
3010,data\raw\daisee\train\290428\29042802470\29042802470.npz,29042802470.npz,0,val
3011,data\raw\daisee\train\290428\29042802480\29042802480.npz,29042802480.npz,0,train
3012,data\raw\daisee\train\290428\2904280250\2904280250.npz,2904280250.npz,0,test
3013,data\raw\daisee\train\290428\29042802500\29042802500.npz,29042802500.npz,0,train
3014,data\raw\daisee\train\290428\29042802510\29042802510.npz,29042802510.npz,0,train
3015,data\raw\daisee\train\290428\29042802520\29042802520.npz,29042802520.npz,0,test
3016,data\raw\daisee\train\290428\29042802530\29042802530.npz,29042802530.npz,0,train
3017,data\raw\daisee\train\290428\29042802560\29042802560.npz,29042802560.npz,0,train
3018,data\raw\daisee\train\290428\29042802570\29042802570.npz,29042802570.npz,0,val
3019,data\raw\daisee\train\290428\2904280260\2904280260.npz,2904280260.npz,1,train
3020,data\raw\daisee\train\290428\29042802600\29042802600.npz,29042802600.npz,0,val
3021,data\raw\daisee\train\290428\29042802640\29042802640.npz,29042802640.npz,0,train
3022,data\raw\daisee\train\290428\29042802660\29042802660.npz,29042802660.npz,0,train
3023,data\raw\daisee\train\290428\29042802670\29042802670.npz,29042802670.npz,0,train
3024,data\raw\daisee\train\290428\29042802680\29042802680.npz,29042802680.npz,0,test
3025,data\raw\daisee\train\290428\29042802690\29042802690.npz,29042802690.npz,0,train
3026,data\raw\daisee\train\290428\2904280270\2904280270.npz,2904280270.npz,1,train
3027,data\raw\daisee\train\290428\29042802700\29042802700.npz,29042802700.npz,0,train
3028,data\raw\daisee\train\290428\29042802720\29042802720.npz,29042802720.npz,0,train
3029,data\raw\daisee\train\290428\29042802740\29042802740.npz,29042802740.npz,0,train
3030,data\raw\daisee\train\290428\29042802750\29042802750.npz,29042802750.npz,0,test
3031,data\raw\daisee\train\290428\29042802760\29042802760.npz,29042802760.npz,0,train
3032,data\raw\daisee\train\290428\29042802770\29042802770.npz,29042802770.npz,0,train
3033,data\raw\daisee\train\290428\29042802790\29042802790.npz,29042802790.npz,0,train
3034,data\raw\daisee\train\290428\2904280280\2904280280.npz,2904280280.npz,0,train
3035,data\raw\daisee\train\290428\29042802800\29042802800.npz,29042802800.npz,0,val
3036,data\raw\daisee\train\290428\29042802830\29042802830.npz,29042802830.npz,0,train
3037,data\raw\daisee\train\290428\29042802860\29042802860.npz,29042802860.npz,0,train
3038,data\raw\daisee\train\290428\2904280290\2904280290.npz,2904280290.npz,0,train
3039,data\raw\daisee\train\303830\303830110\303830110.npz,303830110.npz,0,train
3040,data\raw\daisee\train\303830\303830113\303830113.npz,303830113.npz,1,train
3041,data\raw\daisee\train\303830\303830115\303830115.npz,303830115.npz,1,test
3042,data\raw\daisee\train\303830\303830117\303830117.npz,303830117.npz,0,train
3043,data\raw\daisee\train\303830\303830118\303830118.npz,303830118.npz,0,train
3044,data\raw\daisee\train\303830\303830121\303830121.npz,303830121.npz,0,test
3045,data\raw\daisee\train\303830\303830122\303830122.npz,303830122.npz,0,test
3046,data\raw\daisee\train\303830\303830123\303830123.npz,303830123.npz,0,val
3047,data\raw\daisee\train\303830\303830126\303830126.npz,303830126.npz,1,train
3048,data\raw\daisee\train\303830\303830127\303830127.npz,303830127.npz,0,val
3049,data\raw\daisee\train\303830\303830128\303830128.npz,303830128.npz,0,val
3050,data\raw\daisee\train\303830\30383013\30383013.npz,30383013.npz,0,train
3051,data\raw\daisee\train\303830\303830131\303830131.npz,303830131.npz,1,train
3052,data\raw\daisee\train\303830\303830132\303830132.npz,303830132.npz,0,test
3053,data\raw\daisee\train\303830\303830133\303830133.npz,303830133.npz,1,test
3054,data\raw\daisee\train\303830\303830138\303830138.npz,303830138.npz,1,train
3055,data\raw\daisee\train\303830\303830139\303830139.npz,303830139.npz,1,train
3056,data\raw\daisee\train\303830\30383014\30383014.npz,30383014.npz,0,train
3057,data\raw\daisee\train\303830\303830141\303830141.npz,303830141.npz,1,test
3058,data\raw\daisee\train\303830\303830143\303830143.npz,303830143.npz,1,val
3059,data\raw\daisee\train\303830\303830144\303830144.npz,303830144.npz,1,val
3060,data\raw\daisee\train\303830\303830146\303830146.npz,303830146.npz,1,train
3061,data\raw\daisee\train\303830\303830147\303830147.npz,303830147.npz,0,train
3062,data\raw\daisee\train\303830\303830148\303830148.npz,303830148.npz,1,train
3063,data\raw\daisee\train\303830\303830149\303830149.npz,303830149.npz,1,train
3064,data\raw\daisee\train\303830\30383015\30383015.npz,30383015.npz,0,train
3065,data\raw\daisee\train\303830\303830151\303830151.npz,303830151.npz,0,val
3066,data\raw\daisee\train\303830\303830156\303830156.npz,303830156.npz,0,train
3067,data\raw\daisee\train\303830\303830157\303830157.npz,303830157.npz,0,val
3068,data\raw\daisee\train\303830\303830158\303830158.npz,303830158.npz,1,val
3069,data\raw\daisee\train\303830\303830159\303830159.npz,303830159.npz,1,train
3070,data\raw\daisee\train\303830\30383016\30383016.npz,30383016.npz,0,train
3071,data\raw\daisee\train\303830\303830160\303830160.npz,303830160.npz,1,test
3072,data\raw\daisee\train\303830\303830161\303830161.npz,303830161.npz,0,val
3073,data\raw\daisee\train\303830\303830162\303830162.npz,303830162.npz,1,train
3074,data\raw\daisee\train\303830\303830166\303830166.npz,303830166.npz,0,train
3075,data\raw\daisee\train\303830\303830167\303830167.npz,303830167.npz,0,train
3076,data\raw\daisee\train\303830\303830169\303830169.npz,303830169.npz,0,train
3077,data\raw\daisee\train\303830\303830171\303830171.npz,303830171.npz,0,test
3078,data\raw\daisee\train\303830\303830174\303830174.npz,303830174.npz,0,val
3079,data\raw\daisee\train\303830\303830175\303830175.npz,303830175.npz,0,test
3080,data\raw\daisee\train\303830\303830178\303830178.npz,303830178.npz,0,train
3081,data\raw\daisee\train\303830\303830182\303830182.npz,303830182.npz,0,train
3082,data\raw\daisee\train\303830\303830183\303830183.npz,303830183.npz,0,train
3083,data\raw\daisee\train\303830\303830184\303830184.npz,303830184.npz,0,train
3084,data\raw\daisee\train\303830\303830210\303830210.npz,303830210.npz,0,train
3085,data\raw\daisee\train\303830\303830211\303830211.npz,303830211.npz,0,train
3086,data\raw\daisee\train\303830\303830212\303830212.npz,303830212.npz,0,train
3087,data\raw\daisee\train\303830\303830216\303830216.npz,303830216.npz,0,train
3088,data\raw\daisee\train\303830\303830217\303830217.npz,303830217.npz,0,train
3089,data\raw\daisee\train\303830\303830218\303830218.npz,303830218.npz,0,train
3090,data\raw\daisee\train\303830\30383022\30383022.npz,30383022.npz,0,train
3091,data\raw\daisee\train\303830\303830220\303830220.npz,303830220.npz,0,train
3092,data\raw\daisee\train\303830\303830221\303830221.npz,303830221.npz,0,train
3093,data\raw\daisee\train\303830\303830223\303830223.npz,303830223.npz,0,test
3094,data\raw\daisee\train\303830\303830224\303830224.npz,303830224.npz,0,val
3095,data\raw\daisee\train\303830\303830225\303830225.npz,303830225.npz,0,train
3096,data\raw\daisee\train\303830\303830227\303830227.npz,303830227.npz,0,test
3097,data\raw\daisee\train\303830\303830229\303830229.npz,303830229.npz,0,train
3098,data\raw\daisee\train\303830\30383023\30383023.npz,30383023.npz,1,train
3099,data\raw\daisee\train\303830\303830234\303830234.npz,303830234.npz,0,val
3100,data\raw\daisee\train\303830\303830236\303830236.npz,303830236.npz,0,val
3101,data\raw\daisee\train\303830\303830239\303830239.npz,303830239.npz,0,val
3102,data\raw\daisee\train\303830\303830240\303830240.npz,303830240.npz,0,val
3103,data\raw\daisee\train\303830\303830241\303830241.npz,303830241.npz,0,train
3104,data\raw\daisee\train\303830\303830242\303830242.npz,303830242.npz,0,train
3105,data\raw\daisee\train\303830\303830245\303830245.npz,303830245.npz,0,test
3106,data\raw\daisee\train\303830\303830246\303830246.npz,303830246.npz,0,val
3107,data\raw\daisee\train\303830\303830247\303830247.npz,303830247.npz,0,val
3108,data\raw\daisee\train\303830\303830249\303830249.npz,303830249.npz,0,test
3109,data\raw\daisee\train\303830\30383025\30383025.npz,30383025.npz,0,train
3110,data\raw\daisee\train\303830\303830250\303830250.npz,303830250.npz,0,test
3111,data\raw\daisee\train\303830\303830255\303830255.npz,303830255.npz,0,train
3112,data\raw\daisee\train\303830\303830258\303830258.npz,303830258.npz,0,train
3113,data\raw\daisee\train\303830\303830259\303830259.npz,303830259.npz,0,train
3114,data\raw\daisee\train\303830\303830263\303830263.npz,303830263.npz,0,train
3115,data\raw\daisee\train\303830\303830269\303830269.npz,303830269.npz,0,train
3116,data\raw\daisee\train\303830\303830270\303830270.npz,303830270.npz,0,train
3117,data\raw\daisee\train\303830\303830273\303830273.npz,303830273.npz,0,train
3118,data\raw\daisee\train\303830\303830274\303830274.npz,303830274.npz,0,test
3119,data\raw\daisee\train\303830\303830278\303830278.npz,303830278.npz,0,train
3120,data\raw\daisee\train\303830\30383028\30383028.npz,30383028.npz,1,train
3121,data\raw\daisee\train\310062\3100621001\3100621001.npz,3100621001.npz,0,train
3122,data\raw\daisee\train\310062\3100621002\3100621002.npz,3100621002.npz,0,train
3123,data\raw\daisee\train\310062\3100621003\3100621003.npz,3100621003.npz,0,train
3124,data\raw\daisee\train\310062\3100621004\3100621004.npz,3100621004.npz,0,test
3125,data\raw\daisee\train\310062\3100621005\3100621005.npz,3100621005.npz,0,val
3126,data\raw\daisee\train\310062\3100621007\3100621007.npz,3100621007.npz,0,train
3127,data\raw\daisee\train\310062\3100621009\3100621009.npz,3100621009.npz,0,train
3128,data\raw\daisee\train\310062\3100621010\3100621010.npz,3100621010.npz,0,train
3129,data\raw\daisee\train\310062\3100621011\3100621011.npz,3100621011.npz,0,val
3130,data\raw\daisee\train\310062\3100621012\3100621012.npz,3100621012.npz,0,train
3131,data\raw\daisee\train\310062\3100621013\3100621013.npz,3100621013.npz,1,test
3132,data\raw\daisee\train\310062\3100621014\3100621014.npz,3100621014.npz,0,train
3133,data\raw\daisee\train\310062\3100621016\3100621016.npz,3100621016.npz,0,val
3134,data\raw\daisee\train\310062\3100621018\3100621018.npz,3100621018.npz,0,train
3135,data\raw\daisee\train\310062\3100621019\3100621019.npz,3100621019.npz,0,train
3136,data\raw\daisee\train\310062\3100621020\3100621020.npz,3100621020.npz,0,train
3137,data\raw\daisee\train\310062\3100621022\3100621022.npz,3100621022.npz,0,train
3138,data\raw\daisee\train\310062\3100621023\3100621023.npz,3100621023.npz,0,train
3139,data\raw\daisee\train\310062\3100621024\3100621024.npz,3100621024.npz,0,train
3140,data\raw\daisee\train\310062\3100621025\3100621025.npz,3100621025.npz,0,train
3141,data\raw\daisee\train\310062\3100621026\3100621026.npz,3100621026.npz,0,train
3142,data\raw\daisee\train\310062\3100621027\3100621027.npz,3100621027.npz,0,test
3143,data\raw\daisee\train\310062\3100621028\3100621028.npz,3100621028.npz,0,train
3144,data\raw\daisee\train\310062\3100621030\3100621030.npz,3100621030.npz,0,train
3145,data\raw\daisee\train\310062\3100621031\3100621031.npz,3100621031.npz,0,val
3146,data\raw\daisee\train\310062\3100621032\3100621032.npz,3100621032.npz,0,train
3147,data\raw\daisee\train\310062\3100621033\3100621033.npz,3100621033.npz,0,val
3148,data\raw\daisee\train\310062\3100621034\3100621034.npz,3100621034.npz,0,train
3149,data\raw\daisee\train\310062\3100621035\3100621035.npz,3100621035.npz,0,train
3150,data\raw\daisee\train\310062\3100621039\3100621039.npz,3100621039.npz,0,val
3151,data\raw\daisee\train\310062\3100621040\3100621040.npz,3100621040.npz,0,train
3152,data\raw\daisee\train\310062\3100621041\3100621041.npz,3100621041.npz,0,train
3153,data\raw\daisee\train\310062\3100621042\3100621042.npz,3100621042.npz,0,train
3154,data\raw\daisee\train\310062\3100621043\3100621043.npz,3100621043.npz,0,val
3155,data\raw\daisee\train\310062\3100621045\3100621045.npz,3100621045.npz,0,test
3156,data\raw\daisee\train\310062\3100621046\3100621046.npz,3100621046.npz,0,train
3157,data\raw\daisee\train\310062\3100621047\3100621047.npz,3100621047.npz,0,train
3158,data\raw\daisee\train\310062\3100621048\3100621048.npz,3100621048.npz,0,train
3159,data\raw\daisee\train\310062\3100621049\3100621049.npz,3100621049.npz,0,test
3160,data\raw\daisee\train\310062\3100621051\3100621051.npz,3100621051.npz,0,test
3161,data\raw\daisee\train\310062\3100621052\3100621052.npz,3100621052.npz,0,test
3162,data\raw\daisee\train\310062\3100621053\3100621053.npz,3100621053.npz,0,train
3163,data\raw\daisee\train\310062\3100621055\3100621055.npz,3100621055.npz,0,train
3164,data\raw\daisee\train\310062\3100621057\3100621057.npz,3100621057.npz,0,train
3165,data\raw\daisee\train\310062\3100621058\3100621058.npz,3100621058.npz,0,train
3166,data\raw\daisee\train\310062\3100621059\3100621059.npz,3100621059.npz,0,test
3167,data\raw\daisee\train\310062\3100621061\3100621061.npz,3100621061.npz,0,train
3168,data\raw\daisee\train\310062\3100621062\3100621062.npz,3100621062.npz,0,train
3169,data\raw\daisee\train\310062\3100621063\3100621063.npz,3100621063.npz,0,test
3170,data\raw\daisee\train\310062\3100621064\3100621064.npz,3100621064.npz,0,train
3171,data\raw\daisee\train\310062\3100622001\3100622001.npz,3100622001.npz,0,val
3172,data\raw\daisee\train\310062\3100622002\3100622002.npz,3100622002.npz,0,train
3173,data\raw\daisee\train\310062\3100622003\3100622003.npz,3100622003.npz,0,val
3174,data\raw\daisee\train\310062\3100622006\3100622006.npz,3100622006.npz,1,train
3175,data\raw\daisee\train\310062\3100622007\3100622007.npz,3100622007.npz,1,train
3176,data\raw\daisee\train\310062\3100622008\3100622008.npz,3100622008.npz,0,train
3177,data\raw\daisee\train\310062\3100622009\3100622009.npz,3100622009.npz,1,train
3178,data\raw\daisee\train\310062\3100622011\3100622011.npz,3100622011.npz,0,train
3179,data\raw\daisee\train\310062\3100622013\3100622013.npz,3100622013.npz,0,train
3180,data\raw\daisee\train\310062\3100622015\3100622015.npz,3100622015.npz,0,train
3181,data\raw\daisee\train\310062\3100622019\3100622019.npz,3100622019.npz,0,train
3182,data\raw\daisee\train\310062\3100622020\3100622020.npz,3100622020.npz,0,val
3183,data\raw\daisee\train\310062\3100622021\3100622021.npz,3100622021.npz,0,train
3184,data\raw\daisee\train\310062\3100622023\3100622023.npz,3100622023.npz,0,train
3185,data\raw\daisee\train\310062\3100622024\3100622024.npz,3100622024.npz,0,val
3186,data\raw\daisee\train\310062\3100622026\3100622026.npz,3100622026.npz,0,train
3187,data\raw\daisee\train\310062\3100622027\3100622027.npz,3100622027.npz,0,train
3188,data\raw\daisee\train\310062\3100622033\3100622033.npz,3100622033.npz,1,train
3189,data\raw\daisee\train\310062\3100622034\3100622034.npz,3100622034.npz,0,test
3190,data\raw\daisee\train\310062\3100622036\3100622036.npz,3100622036.npz,0,train
3191,data\raw\daisee\train\310062\3100622037\3100622037.npz,3100622037.npz,0,train
3192,data\raw\daisee\train\310062\3100622038\3100622038.npz,3100622038.npz,0,test
3193,data\raw\daisee\train\310062\3100622040\3100622040.npz,3100622040.npz,0,train
3194,data\raw\daisee\train\310062\3100622041\3100622041.npz,3100622041.npz,0,train
3195,data\raw\daisee\train\310062\3100622042\3100622042.npz,3100622042.npz,0,test
3196,data\raw\daisee\train\310062\3100622043\3100622043.npz,3100622043.npz,0,train
3197,data\raw\daisee\train\310062\3100622044\3100622044.npz,3100622044.npz,0,train
3198,data\raw\daisee\train\310062\3100622045\3100622045.npz,3100622045.npz,0,train
3199,data\raw\daisee\train\310062\3100622047\3100622047.npz,3100622047.npz,0,train
3200,data\raw\daisee\train\310062\3100622048\3100622048.npz,3100622048.npz,0,train
3201,data\raw\daisee\train\310062\3100622049\3100622049.npz,3100622049.npz,0,train
3202,data\raw\daisee\train\310062\3100622051\3100622051.npz,3100622051.npz,0,train
3203,data\raw\daisee\train\310062\3100622053\3100622053.npz,3100622053.npz,0,train
3204,data\raw\daisee\train\310062\3100622054\3100622054.npz,3100622054.npz,0,test
3205,data\raw\daisee\train\310062\3100622057\3100622057.npz,3100622057.npz,0,test
3206,data\raw\daisee\train\310063\3100631001\3100631001.npz,3100631001.npz,0,train
3207,data\raw\daisee\train\310063\3100631002\3100631002.npz,3100631002.npz,0,train
3208,data\raw\daisee\train\310063\3100631003\3100631003.npz,3100631003.npz,0,train
3209,data\raw\daisee\train\310063\3100631004\3100631004.npz,3100631004.npz,0,train
3210,data\raw\daisee\train\310063\3100631005\3100631005.npz,3100631005.npz,0,test
3211,data\raw\daisee\train\310063\3100631006\3100631006.npz,3100631006.npz,0,train
3212,data\raw\daisee\train\310063\3100631008\3100631008.npz,3100631008.npz,0,test
3213,data\raw\daisee\train\310063\3100631009\3100631009.npz,3100631009.npz,0,train
3214,data\raw\daisee\train\310063\3100631010\3100631010.npz,3100631010.npz,0,train
3215,data\raw\daisee\train\310063\3100631011\3100631011.npz,3100631011.npz,0,train
3216,data\raw\daisee\train\310063\3100631013\3100631013.npz,3100631013.npz,1,val
3217,data\raw\daisee\train\310063\3100631014\3100631014.npz,3100631014.npz,0,test
3218,data\raw\daisee\train\310063\3100631015\3100631015.npz,3100631015.npz,0,train
3219,data\raw\daisee\train\310063\3100631016\3100631016.npz,3100631016.npz,0,val
3220,data\raw\daisee\train\310063\3100631018\3100631018.npz,3100631018.npz,0,val
3221,data\raw\daisee\train\310063\3100631019\3100631019.npz,3100631019.npz,0,train
3222,data\raw\daisee\train\310063\3100631022\3100631022.npz,3100631022.npz,0,train
3223,data\raw\daisee\train\310063\3100631023\3100631023.npz,3100631023.npz,0,train
3224,data\raw\daisee\train\310063\3100631025\3100631025.npz,3100631025.npz,0,train
3225,data\raw\daisee\train\310063\3100631026\3100631026.npz,3100631026.npz,0,val
3226,data\raw\daisee\train\310063\3100631027\3100631027.npz,3100631027.npz,0,train
3227,data\raw\daisee\train\310063\3100631029\3100631029.npz,3100631029.npz,0,val
3228,data\raw\daisee\train\310063\3100631032\3100631032.npz,3100631032.npz,0,train
3229,data\raw\daisee\train\310063\3100631035\3100631035.npz,3100631035.npz,0,test
3230,data\raw\daisee\train\310063\3100631037\3100631037.npz,3100631037.npz,0,train
3231,data\raw\daisee\train\310063\3100631042\3100631042.npz,3100631042.npz,0,val
3232,data\raw\daisee\train\310063\3100631043\3100631043.npz,3100631043.npz,0,val
3233,data\raw\daisee\train\310063\3100631044\3100631044.npz,3100631044.npz,0,val
3234,data\raw\daisee\train\310063\3100631045\3100631045.npz,3100631045.npz,0,train
3235,data\raw\daisee\train\310063\3100631046\3100631046.npz,3100631046.npz,0,train
3236,data\raw\daisee\train\310063\3100631047\3100631047.npz,3100631047.npz,0,test
3237,data\raw\daisee\train\310063\3100631048\3100631048.npz,3100631048.npz,0,train
3238,data\raw\daisee\train\310063\3100631049\3100631049.npz,3100631049.npz,0,train
3239,data\raw\daisee\train\310063\3100631051\3100631051.npz,3100631051.npz,0,test
3240,data\raw\daisee\train\310063\3100631052\3100631052.npz,3100631052.npz,0,train
3241,data\raw\daisee\train\310063\3100631053\3100631053.npz,3100631053.npz,0,train
3242,data\raw\daisee\train\310063\3100631054\3100631054.npz,3100631054.npz,1,train
3243,data\raw\daisee\train\310063\3100631055\3100631055.npz,3100631055.npz,0,train
3244,data\raw\daisee\train\310063\3100631056\3100631056.npz,3100631056.npz,0,test
3245,data\raw\daisee\train\310063\3100631057\3100631057.npz,3100631057.npz,0,test
3246,data\raw\daisee\train\310063\3100631058\3100631058.npz,3100631058.npz,0,train
3247,data\raw\daisee\train\310063\3100631059\3100631059.npz,3100631059.npz,0,train
3248,data\raw\daisee\train\310063\3100631062\3100631062.npz,3100631062.npz,0,train
3249,data\raw\daisee\train\310063\3100632001\3100632001.npz,3100632001.npz,0,train
3250,data\raw\daisee\train\310063\3100632002\3100632002.npz,3100632002.npz,0,train
3251,data\raw\daisee\train\310063\3100632003\3100632003.npz,3100632003.npz,0,val
3252,data\raw\daisee\train\310063\3100632004\3100632004.npz,3100632004.npz,0,train
3253,data\raw\daisee\train\310063\3100632007\3100632007.npz,3100632007.npz,0,train
3254,data\raw\daisee\train\310063\3100632008\3100632008.npz,3100632008.npz,0,train
3255,data\raw\daisee\train\310063\3100632011\3100632011.npz,3100632011.npz,0,train
3256,data\raw\daisee\train\310063\3100632012\3100632012.npz,3100632012.npz,0,val
3257,data\raw\daisee\train\310063\3100632015\3100632015.npz,3100632015.npz,0,val
3258,data\raw\daisee\train\310063\3100632016\3100632016.npz,3100632016.npz,1,train
3259,data\raw\daisee\train\310063\3100632017\3100632017.npz,3100632017.npz,0,val
3260,data\raw\daisee\train\310063\3100632018\3100632018.npz,3100632018.npz,0,test
3261,data\raw\daisee\train\310063\3100632019\3100632019.npz,3100632019.npz,0,train
3262,data\raw\daisee\train\310063\3100632021\3100632021.npz,3100632021.npz,0,train
3263,data\raw\daisee\train\310063\3100632023\3100632023.npz,3100632023.npz,0,val
3264,data\raw\daisee\train\310063\3100632024\3100632024.npz,3100632024.npz,0,train
3265,data\raw\daisee\train\310063\3100632025\3100632025.npz,3100632025.npz,0,test
3266,data\raw\daisee\train\310063\3100632026\3100632026.npz,3100632026.npz,0,val
3267,data\raw\daisee\train\310063\3100632027\3100632027.npz,3100632027.npz,0,train
3268,data\raw\daisee\train\310063\3100632030\3100632030.npz,3100632030.npz,0,train
3269,data\raw\daisee\train\310063\3100632031\3100632031.npz,3100632031.npz,0,test
3270,data\raw\daisee\train\310063\3100632039\3100632039.npz,3100632039.npz,1,train
3271,data\raw\daisee\train\310063\3100632041\3100632041.npz,3100632041.npz,0,train
3272,data\raw\daisee\train\310063\3100632042\3100632042.npz,3100632042.npz,0,train
3273,data\raw\daisee\train\310063\3100632043\3100632043.npz,3100632043.npz,1,train
3274,data\raw\daisee\train\310063\3100632044\3100632044.npz,3100632044.npz,0,train
3275,data\raw\daisee\train\310063\3100632045\3100632045.npz,3100632045.npz,0,train
3276,data\raw\daisee\train\310064\3100641002\3100641002.npz,3100641002.npz,1,val
3277,data\raw\daisee\train\310064\3100641003\3100641003.npz,3100641003.npz,1,train
3278,data\raw\daisee\train\310064\3100641004\3100641004.npz,3100641004.npz,1,train
3279,data\raw\daisee\train\310064\3100641006\3100641006.npz,3100641006.npz,1,train
3280,data\raw\daisee\train\310064\3100641007\3100641007.npz,3100641007.npz,1,test
3281,data\raw\daisee\train\310064\3100641008\3100641008.npz,3100641008.npz,1,train
3282,data\raw\daisee\train\310064\3100641023\3100641023.npz,3100641023.npz,1,train
3283,data\raw\daisee\train\310064\3100642002\3100642002.npz,3100642002.npz,0,train
3284,data\raw\daisee\train\310064\3100642003\3100642003.npz,3100642003.npz,1,test
3285,data\raw\daisee\train\310064\3100642005\3100642005.npz,3100642005.npz,0,train
3286,data\raw\daisee\train\310064\3100642006\3100642006.npz,3100642006.npz,1,val
3287,data\raw\daisee\train\310064\3100642007\3100642007.npz,3100642007.npz,1,train
3288,data\raw\daisee\train\310064\3100642008\3100642008.npz,3100642008.npz,0,train
3289,data\raw\daisee\train\310064\3100642009\3100642009.npz,3100642009.npz,0,train
3290,data\raw\daisee\train\310064\3100642011\3100642011.npz,3100642011.npz,0,train
3291,data\raw\daisee\train\310064\3100642012\3100642012.npz,3100642012.npz,0,train
3292,data\raw\daisee\train\310064\3100642013\3100642013.npz,3100642013.npz,0,train
3293,data\raw\daisee\train\310064\3100642015\3100642015.npz,3100642015.npz,1,train
3294,data\raw\daisee\train\310064\3100642017\3100642017.npz,3100642017.npz,1,train
3295,data\raw\daisee\train\310064\3100642019\3100642019.npz,3100642019.npz,1,train
3296,data\raw\daisee\train\310064\3100642020\3100642020.npz,3100642020.npz,1,val
3297,data\raw\daisee\train\310064\3100642021\3100642021.npz,3100642021.npz,0,val
3298,data\raw\daisee\train\310064\3100642022\3100642022.npz,3100642022.npz,0,val
3299,data\raw\daisee\train\310064\3100642024\3100642024.npz,3100642024.npz,0,val
3300,data\raw\daisee\train\310064\3100642025\3100642025.npz,3100642025.npz,0,train
3301,data\raw\daisee\train\310064\3100642026\3100642026.npz,3100642026.npz,1,train
3302,data\raw\daisee\train\310064\3100642027\3100642027.npz,3100642027.npz,1,train
3303,data\raw\daisee\train\310064\3100642028\3100642028.npz,3100642028.npz,0,train
3304,data\raw\daisee\train\310064\3100642030\3100642030.npz,3100642030.npz,0,train
3305,data\raw\daisee\train\310064\3100642031\3100642031.npz,3100642031.npz,1,train
3306,data\raw\daisee\train\310064\3100642032\3100642032.npz,3100642032.npz,0,val
3307,data\raw\daisee\train\310064\3100642033\3100642033.npz,3100642033.npz,1,val
3308,data\raw\daisee\train\310064\3100642034\3100642034.npz,3100642034.npz,0,train
3309,data\raw\daisee\train\310064\3100642035\3100642035.npz,3100642035.npz,1,train
3310,data\raw\daisee\train\310064\3100642036\3100642036.npz,3100642036.npz,1,train
3311,data\raw\daisee\train\310064\3100642037\3100642037.npz,3100642037.npz,1,val
3312,data\raw\daisee\train\310064\3100642038\3100642038.npz,3100642038.npz,1,train
3313,data\raw\daisee\train\310064\3100642040\3100642040.npz,3100642040.npz,1,train
3314,data\raw\daisee\train\310064\3100642045\3100642045.npz,3100642045.npz,0,val
3315,data\raw\daisee\train\310064\3100642047\3100642047.npz,3100642047.npz,0,train
3316,data\raw\daisee\train\310064\3100642052\3100642052.npz,3100642052.npz,0,val
3317,data\raw\daisee\train\310064\3100642054\3100642054.npz,3100642054.npz,0,train
3318,data\raw\daisee\train\310064\3100642055\3100642055.npz,3100642055.npz,1,train
3319,data\raw\daisee\train\310064\3100642056\3100642056.npz,3100642056.npz,0,train
3320,data\raw\daisee\train\310064\3100642057\3100642057.npz,3100642057.npz,0,train
3321,data\raw\daisee\train\310064\3100642058\3100642058.npz,3100642058.npz,0,train
3322,data\raw\daisee\train\310064\3100642060\3100642060.npz,3100642060.npz,1,train
3323,data\raw\daisee\train\310064\3100642061\3100642061.npz,3100642061.npz,0,val
3324,data\raw\daisee\train\310064\3100642063\3100642063.npz,3100642063.npz,1,train
3325,data\raw\daisee\train\310064\3100642064\3100642064.npz,3100642064.npz,0,train
3326,data\raw\daisee\train\310064\3100642066\3100642066.npz,3100642066.npz,0,test
3327,data\raw\daisee\train\310064\3100642069\3100642069.npz,3100642069.npz,0,val
3328,data\raw\daisee\train\310064\3100642070\3100642070.npz,3100642070.npz,0,train
3329,data\raw\daisee\train\310066\3100661002\3100661002.npz,3100661002.npz,0,train
3330,data\raw\daisee\train\310066\3100661007\3100661007.npz,3100661007.npz,0,test
3331,data\raw\daisee\train\310066\3100661009\3100661009.npz,3100661009.npz,1,train
3332,data\raw\daisee\train\310066\3100661015\3100661015.npz,3100661015.npz,1,val
3333,data\raw\daisee\train\310066\3100661016\3100661016.npz,3100661016.npz,0,val
3334,data\raw\daisee\train\310066\3100661022\3100661022.npz,3100661022.npz,1,train
3335,data\raw\daisee\train\310066\3100661023\3100661023.npz,3100661023.npz,0,val
3336,data\raw\daisee\train\310066\3100661024\3100661024.npz,3100661024.npz,0,test
3337,data\raw\daisee\train\310066\3100661025\3100661025.npz,3100661025.npz,0,train
3338,data\raw\daisee\train\310066\3100661027\3100661027.npz,3100661027.npz,0,train
3339,data\raw\daisee\train\310066\3100661028\3100661028.npz,3100661028.npz,1,train
3340,data\raw\daisee\train\310066\3100661029\3100661029.npz,3100661029.npz,0,val
3341,data\raw\daisee\train\310066\3100661031\3100661031.npz,3100661031.npz,1,train
3342,data\raw\daisee\train\310066\3100661032\3100661032.npz,3100661032.npz,1,test
3343,data\raw\daisee\train\310066\3100661033\3100661033.npz,3100661033.npz,0,val
3344,data\raw\daisee\train\310066\3100661036\3100661036.npz,3100661036.npz,0,train
3345,data\raw\daisee\train\310066\3100661037\3100661037.npz,3100661037.npz,0,train
3346,data\raw\daisee\train\310066\3100661038\3100661038.npz,3100661038.npz,0,val
3347,data\raw\daisee\train\310066\3100661040\3100661040.npz,3100661040.npz,1,train
3348,data\raw\daisee\train\310066\3100661043\3100661043.npz,3100661043.npz,1,test
3349,data\raw\daisee\train\310066\3100661044\3100661044.npz,3100661044.npz,0,train
3350,data\raw\daisee\train\310066\3100661046\3100661046.npz,3100661046.npz,1,train
3351,data\raw\daisee\train\310066\3100661049\3100661049.npz,3100661049.npz,0,train
3352,data\raw\daisee\train\310066\3100661050\3100661050.npz,3100661050.npz,1,test
3353,data\raw\daisee\train\310066\3100662014\3100662014.npz,3100662014.npz,0,test
3354,data\raw\daisee\train\310066\3100662015\3100662015.npz,3100662015.npz,1,train
3355,data\raw\daisee\train\310066\3100662016\3100662016.npz,3100662016.npz,0,train
3356,data\raw\daisee\train\310066\3100662017\3100662017.npz,3100662017.npz,0,train
3357,data\raw\daisee\train\310066\3100662020\3100662020.npz,3100662020.npz,0,train
3358,data\raw\daisee\train\310066\3100662022\3100662022.npz,3100662022.npz,0,train
3359,data\raw\daisee\train\310066\3100662023\3100662023.npz,3100662023.npz,0,val
3360,data\raw\daisee\train\310066\3100662026\3100662026.npz,3100662026.npz,0,test
3361,data\raw\daisee\train\310066\3100662029\3100662029.npz,3100662029.npz,1,train
3362,data\raw\daisee\train\310066\3100662032\3100662032.npz,3100662032.npz,1,train
3363,data\raw\daisee\train\310066\3100662035\3100662035.npz,3100662035.npz,0,train
3364,data\raw\daisee\train\310066\3100662036\3100662036.npz,3100662036.npz,0,train
3365,data\raw\daisee\train\310066\3100662037\3100662037.npz,3100662037.npz,1,val
3366,data\raw\daisee\train\310066\3100662045\3100662045.npz,3100662045.npz,0,train
3367,data\raw\daisee\train\310066\3100662046\3100662046.npz,3100662046.npz,1,train
3368,data\raw\daisee\train\310066\3100662048\3100662048.npz,3100662048.npz,1,val
3369,data\raw\daisee\train\310066\3100662049\3100662049.npz,3100662049.npz,0,train
3370,data\raw\daisee\train\310066\3100662050\3100662050.npz,3100662050.npz,1,test
3371,data\raw\daisee\train\310066\3100662052\3100662052.npz,3100662052.npz,1,train
3372,data\raw\daisee\train\310066\3100662053\3100662053.npz,3100662053.npz,0,train
3373,data\raw\daisee\train\310066\3100662055\3100662055.npz,3100662055.npz,1,train
3374,data\raw\daisee\train\310068\3100681001\3100681001.npz,3100681001.npz,1,train
3375,data\raw\daisee\train\310068\3100681002\3100681002.npz,3100681002.npz,1,test
3376,data\raw\daisee\train\310068\3100681005\3100681005.npz,3100681005.npz,0,test
3377,data\raw\daisee\train\310068\3100681006\3100681006.npz,3100681006.npz,0,test
3378,data\raw\daisee\train\310068\3100681015\3100681015.npz,3100681015.npz,1,train
3379,data\raw\daisee\train\310068\3100681017\3100681017.npz,3100681017.npz,1,val
3380,data\raw\daisee\train\310068\3100681018\3100681018.npz,3100681018.npz,1,train
3381,data\raw\daisee\train\310068\3100681042\3100681042.npz,3100681042.npz,1,val
3382,data\raw\daisee\train\310068\3100681043\3100681043.npz,3100681043.npz,1,val
3383,data\raw\daisee\train\310068\3100681044\3100681044.npz,3100681044.npz,1,val
3384,data\raw\daisee\train\310068\3100681045\3100681045.npz,3100681045.npz,1,train
3385,data\raw\daisee\train\310068\3100681046\3100681046.npz,3100681046.npz,0,train
3386,data\raw\daisee\train\310068\3100682001\3100682001.npz,3100682001.npz,0,train
3387,data\raw\daisee\train\310068\3100682002\3100682002.npz,3100682002.npz,0,train
3388,data\raw\daisee\train\310068\3100682003\3100682003.npz,3100682003.npz,0,train
3389,data\raw\daisee\train\310068\3100682007\3100682007.npz,3100682007.npz,0,train
3390,data\raw\daisee\train\310068\3100682008\3100682008.npz,3100682008.npz,0,train
3391,data\raw\daisee\train\310068\3100682030\3100682030.npz,3100682030.npz,0,train
3392,data\raw\daisee\train\310068\3100682040\3100682040.npz,3100682040.npz,1,test
3393,data\raw\daisee\train\310069\3100691005\3100691005.npz,3100691005.npz,1,train
3394,data\raw\daisee\train\310069\3100691006\3100691006.npz,3100691006.npz,0,train
3395,data\raw\daisee\train\310069\3100691007\3100691007.npz,3100691007.npz,0,train
3396,data\raw\daisee\train\310069\3100691011\3100691011.npz,3100691011.npz,1,test
3397,data\raw\daisee\train\310069\3100691012\3100691012.npz,3100691012.npz,1,train
3398,data\raw\daisee\train\310069\3100691021\3100691021.npz,3100691021.npz,0,val
3399,data\raw\daisee\train\310069\3100691026\3100691026.npz,3100691026.npz,0,train
3400,data\raw\daisee\train\310069\3100691042\3100691042.npz,3100691042.npz,0,val
3401,data\raw\daisee\train\310069\3100691045\3100691045.npz,3100691045.npz,0,val
3402,data\raw\daisee\train\310069\3100691048\3100691048.npz,3100691048.npz,0,train
3403,data\raw\daisee\train\310069\3100692002\3100692002.npz,3100692002.npz,0,test
3404,data\raw\daisee\train\310069\3100692005\3100692005.npz,3100692005.npz,0,train
3405,data\raw\daisee\train\310069\3100692006\3100692006.npz,3100692006.npz,1,val
3406,data\raw\daisee\train\310069\3100692007\3100692007.npz,3100692007.npz,0,test
3407,data\raw\daisee\train\310069\3100692009\3100692009.npz,3100692009.npz,0,train
3408,data\raw\daisee\train\310069\3100692010\3100692010.npz,3100692010.npz,0,train
3409,data\raw\daisee\train\310069\3100692011\3100692011.npz,3100692011.npz,0,train
3410,data\raw\daisee\train\310069\3100692012\3100692012.npz,3100692012.npz,0,train
3411,data\raw\daisee\train\310069\3100692013\3100692013.npz,3100692013.npz,0,train
3412,data\raw\daisee\train\310069\3100692015\3100692015.npz,3100692015.npz,1,train
3413,data\raw\daisee\train\310069\3100692016\3100692016.npz,3100692016.npz,1,val
3414,data\raw\daisee\train\310069\3100692020\3100692020.npz,3100692020.npz,0,test
3415,data\raw\daisee\train\310069\3100692022\3100692022.npz,3100692022.npz,1,train
3416,data\raw\daisee\train\310069\3100692023\3100692023.npz,3100692023.npz,0,train
3417,data\raw\daisee\train\310069\3100692024\3100692024.npz,3100692024.npz,0,test
3418,data\raw\daisee\train\310069\3100692025\3100692025.npz,3100692025.npz,0,train
3419,data\raw\daisee\train\310069\3100692028\3100692028.npz,3100692028.npz,0,train
3420,data\raw\daisee\train\310069\3100692029\3100692029.npz,3100692029.npz,1,test
3421,data\raw\daisee\train\310069\3100692032\3100692032.npz,3100692032.npz,0,train
3422,data\raw\daisee\train\310069\3100692034\3100692034.npz,3100692034.npz,0,train
3423,data\raw\daisee\train\310069\3100692035\3100692035.npz,3100692035.npz,1,train
3424,data\raw\daisee\train\310069\3100692038\3100692038.npz,3100692038.npz,0,test
3425,data\raw\daisee\train\310069\3100692039\3100692039.npz,3100692039.npz,1,test
3426,data\raw\daisee\train\310069\3100692045\3100692045.npz,3100692045.npz,0,train
3427,data\raw\daisee\train\310069\3100692052\3100692052.npz,3100692052.npz,0,train
3428,data\raw\daisee\train\310069\3100692054\3100692054.npz,3100692054.npz,0,test
3429,data\raw\daisee\train\310069\3100692055\3100692055.npz,3100692055.npz,0,train
3430,data\raw\daisee\train\310069\3100692056\3100692056.npz,3100692056.npz,1,val
3431,data\raw\daisee\train\310070\3100701001\3100701001.npz,3100701001.npz,1,test
3432,data\raw\daisee\train\310070\3100701002\3100701002.npz,3100701002.npz,1,train
3433,data\raw\daisee\train\310070\3100701004\3100701004.npz,3100701004.npz,0,test
3434,data\raw\daisee\train\310070\3100701005\3100701005.npz,3100701005.npz,0,train
3435,data\raw\daisee\train\310070\3100701008\3100701008.npz,3100701008.npz,0,train
3436,data\raw\daisee\train\310070\3100701009\3100701009.npz,3100701009.npz,0,train
3437,data\raw\daisee\train\310070\3100701010\3100701010.npz,3100701010.npz,1,train
3438,data\raw\daisee\train\310070\3100701011\3100701011.npz,3100701011.npz,0,test
3439,data\raw\daisee\train\310070\3100701012\3100701012.npz,3100701012.npz,0,train
3440,data\raw\daisee\train\310070\3100701013\3100701013.npz,3100701013.npz,0,train
3441,data\raw\daisee\train\310070\3100701014\3100701014.npz,3100701014.npz,0,train
3442,data\raw\daisee\train\310070\3100701015\3100701015.npz,3100701015.npz,0,train
3443,data\raw\daisee\train\310070\3100701016\3100701016.npz,3100701016.npz,0,train
3444,data\raw\daisee\train\310070\3100701019\3100701019.npz,3100701019.npz,1,train
3445,data\raw\daisee\train\310070\3100701021\3100701021.npz,3100701021.npz,0,train
3446,data\raw\daisee\train\310070\3100701022\3100701022.npz,3100701022.npz,1,test
3447,data\raw\daisee\train\310070\3100701023\3100701023.npz,3100701023.npz,1,train
3448,data\raw\daisee\train\310070\3100701024\3100701024.npz,3100701024.npz,1,train
3449,data\raw\daisee\train\310070\3100701029\3100701029.npz,3100701029.npz,1,train
3450,data\raw\daisee\train\310070\3100701031\3100701031.npz,3100701031.npz,0,val
3451,data\raw\daisee\train\310070\3100701032\3100701032.npz,3100701032.npz,0,train
3452,data\raw\daisee\train\310070\3100701036\3100701036.npz,3100701036.npz,0,test
3453,data\raw\daisee\train\310070\3100701043\3100701043.npz,3100701043.npz,1,train
3454,data\raw\daisee\train\310070\3100701044\3100701044.npz,3100701044.npz,1,val
3455,data\raw\daisee\train\310070\3100701050\3100701050.npz,3100701050.npz,0,train
3456,data\raw\daisee\train\310070\3100701051\3100701051.npz,3100701051.npz,0,val
3457,data\raw\daisee\train\310070\3100701056\3100701056.npz,3100701056.npz,0,train
3458,data\raw\daisee\train\310070\3100701057\3100701057.npz,3100701057.npz,0,train
3459,data\raw\daisee\train\310070\3100701058\3100701058.npz,3100701058.npz,0,train
3460,data\raw\daisee\train\310070\3100701061\3100701061.npz,3100701061.npz,0,train
3461,data\raw\daisee\train\310070\3100701063\3100701063.npz,3100701063.npz,1,train
3462,data\raw\daisee\train\310070\3100701072\3100701072.npz,3100701072.npz,0,train
3463,data\raw\daisee\train\310070\3100701073\3100701073.npz,3100701073.npz,1,test
3464,data\raw\daisee\train\310070\3100702004\3100702004.npz,3100702004.npz,0,val
3465,data\raw\daisee\train\310070\3100702005\3100702005.npz,3100702005.npz,0,val
3466,data\raw\daisee\train\310070\3100702006\3100702006.npz,3100702006.npz,0,train
3467,data\raw\daisee\train\310070\3100702010\3100702010.npz,3100702010.npz,1,train
3468,data\raw\daisee\train\310070\3100702012\3100702012.npz,3100702012.npz,0,val
3469,data\raw\daisee\train\310070\3100702013\3100702013.npz,3100702013.npz,0,train
3470,data\raw\daisee\train\310070\3100702016\3100702016.npz,3100702016.npz,1,train
3471,data\raw\daisee\train\310070\3100702017\3100702017.npz,3100702017.npz,0,train
3472,data\raw\daisee\train\310070\3100702019\3100702019.npz,3100702019.npz,1,train
3473,data\raw\daisee\train\310070\3100702020\3100702020.npz,3100702020.npz,0,train
3474,data\raw\daisee\train\310070\3100702021\3100702021.npz,3100702021.npz,1,train
3475,data\raw\daisee\train\310070\3100702022\3100702022.npz,3100702022.npz,0,test
3476,data\raw\daisee\train\310070\3100702023\3100702023.npz,3100702023.npz,1,train
3477,data\raw\daisee\train\310070\3100702024\3100702024.npz,3100702024.npz,0,val
3478,data\raw\daisee\train\310070\3100702025\3100702025.npz,3100702025.npz,0,train
3479,data\raw\daisee\train\310070\3100702026\3100702026.npz,3100702026.npz,0,train
3480,data\raw\daisee\train\310070\3100702027\3100702027.npz,3100702027.npz,1,val
3481,data\raw\daisee\train\310070\3100702028\3100702028.npz,3100702028.npz,0,train
3482,data\raw\daisee\train\310070\3100702029\3100702029.npz,3100702029.npz,0,val
3483,data\raw\daisee\train\310070\3100702030\3100702030.npz,3100702030.npz,0,train
3484,data\raw\daisee\train\310070\3100702031\3100702031.npz,3100702031.npz,0,test
3485,data\raw\daisee\train\310070\3100702033\3100702033.npz,3100702033.npz,0,train
3486,data\raw\daisee\train\310070\3100702034\3100702034.npz,3100702034.npz,0,train
3487,data\raw\daisee\train\310070\3100702035\3100702035.npz,3100702035.npz,0,train
3488,data\raw\daisee\train\310070\3100702036\3100702036.npz,3100702036.npz,0,train
3489,data\raw\daisee\train\310070\3100702037\3100702037.npz,3100702037.npz,0,test
3490,data\raw\daisee\train\310070\3100702038\3100702038.npz,3100702038.npz,1,train
3491,data\raw\daisee\train\310070\3100702039\3100702039.npz,3100702039.npz,1,train
3492,data\raw\daisee\train\310070\3100702040\3100702040.npz,3100702040.npz,0,train
3493,data\raw\daisee\train\310070\3100702041\3100702041.npz,3100702041.npz,0,train
3494,data\raw\daisee\train\310070\3100702043\3100702043.npz,3100702043.npz,0,train
3495,data\raw\daisee\train\310070\3100702044\3100702044.npz,3100702044.npz,0,val
3496,data\raw\daisee\train\310070\3100702045\3100702045.npz,3100702045.npz,0,train
3497,data\raw\daisee\train\310070\3100702046\3100702046.npz,3100702046.npz,0,test
3498,data\raw\daisee\train\310070\3100702047\3100702047.npz,3100702047.npz,0,train
3499,data\raw\daisee\train\310070\3100702048\3100702048.npz,3100702048.npz,0,train
3500,data\raw\daisee\train\310070\3100702051\3100702051.npz,3100702051.npz,0,train
3501,data\raw\daisee\train\310070\3100702052\3100702052.npz,3100702052.npz,0,test
3502,data\raw\daisee\train\310070\3100702054\3100702054.npz,3100702054.npz,0,train
3503,data\raw\daisee\train\310070\3100702055\3100702055.npz,3100702055.npz,0,train
3504,data\raw\daisee\train\310070\3100702059\3100702059.npz,3100702059.npz,0,val
3505,data\raw\daisee\train\310070\3100702060\3100702060.npz,3100702060.npz,0,test
3506,data\raw\daisee\train\310070\3100702061\3100702061.npz,3100702061.npz,0,train
3507,data\raw\daisee\train\310070\3100702062\3100702062.npz,3100702062.npz,0,train
3508,data\raw\daisee\train\310070\3100702063\3100702063.npz,3100702063.npz,0,train
3509,data\raw\daisee\train\310070\3100702064\3100702064.npz,3100702064.npz,1,train
3510,data\raw\daisee\train\310070\3100702065\3100702065.npz,3100702065.npz,0,train
3511,data\raw\daisee\train\310070\3100702066\3100702066.npz,3100702066.npz,0,train
3512,data\raw\daisee\train\310070\3100702067\3100702067.npz,3100702067.npz,0,train
3513,data\raw\daisee\train\310070\3100702068\3100702068.npz,3100702068.npz,0,train
3514,data\raw\daisee\train\310071\3100711007\3100711007.npz,3100711007.npz,1,test
3515,data\raw\daisee\train\310071\3100711009\3100711009.npz,3100711009.npz,0,val
3516,data\raw\daisee\train\310071\3100711042\3100711042.npz,3100711042.npz,0,train
3517,data\raw\daisee\train\310071\3100711043\3100711043.npz,3100711043.npz,1,test
3518,data\raw\daisee\train\310071\3100711049\3100711049.npz,3100711049.npz,0,train
3519,data\raw\daisee\train\310071\3100711050\3100711050.npz,3100711050.npz,0,train
3520,data\raw\daisee\train\310071\3100711051\3100711051.npz,3100711051.npz,0,train
3521,data\raw\daisee\train\310071\3100711052\3100711052.npz,3100711052.npz,1,train
3522,data\raw\daisee\train\310071\3100712014\3100712014.npz,3100712014.npz,0,train
3523,data\raw\daisee\train\310072\3100721002\3100721002.npz,3100721002.npz,0,test
3524,data\raw\daisee\train\310072\3100721003\3100721003.npz,3100721003.npz,0,train
3525,data\raw\daisee\train\310072\3100721004\3100721004.npz,3100721004.npz,0,train
3526,data\raw\daisee\train\310072\3100721005\3100721005.npz,3100721005.npz,0,train
3527,data\raw\daisee\train\310072\3100721006\3100721006.npz,3100721006.npz,0,train
3528,data\raw\daisee\train\310072\3100721007\3100721007.npz,3100721007.npz,0,train
3529,data\raw\daisee\train\310072\3100721008\3100721008.npz,3100721008.npz,0,train
3530,data\raw\daisee\train\310072\3100721011\3100721011.npz,3100721011.npz,0,train
3531,data\raw\daisee\train\310072\3100721012\3100721012.npz,3100721012.npz,0,train
3532,data\raw\daisee\train\310072\3100721013\3100721013.npz,3100721013.npz,0,train
3533,data\raw\daisee\train\310072\3100721014\3100721014.npz,3100721014.npz,0,train
3534,data\raw\daisee\train\310072\3100721015\3100721015.npz,3100721015.npz,0,train
3535,data\raw\daisee\train\310072\3100721016\3100721016.npz,3100721016.npz,0,train
3536,data\raw\daisee\train\310072\3100721018\3100721018.npz,3100721018.npz,0,test
3537,data\raw\daisee\train\310072\3100721019\3100721019.npz,3100721019.npz,0,train
3538,data\raw\daisee\train\310072\3100721020\3100721020.npz,3100721020.npz,0,val
3539,data\raw\daisee\train\310072\3100721021\3100721021.npz,3100721021.npz,1,train
3540,data\raw\daisee\train\310072\3100721022\3100721022.npz,3100721022.npz,0,train
3541,data\raw\daisee\train\310072\3100721023\3100721023.npz,3100721023.npz,0,train
3542,data\raw\daisee\train\310072\3100721024\3100721024.npz,3100721024.npz,0,val
3543,data\raw\daisee\train\310072\3100721028\3100721028.npz,3100721028.npz,0,train
3544,data\raw\daisee\train\310072\3100721029\3100721029.npz,3100721029.npz,0,val
3545,data\raw\daisee\train\310072\3100721030\3100721030.npz,3100721030.npz,0,train
3546,data\raw\daisee\train\310072\3100721032\3100721032.npz,3100721032.npz,0,test
3547,data\raw\daisee\train\310072\3100721033\3100721033.npz,3100721033.npz,0,train
3548,data\raw\daisee\train\310072\3100721034\3100721034.npz,3100721034.npz,0,train
3549,data\raw\daisee\train\310072\3100721036\3100721036.npz,3100721036.npz,0,train
3550,data\raw\daisee\train\310072\3100721038\3100721038.npz,3100721038.npz,0,train
3551,data\raw\daisee\train\310072\3100721039\3100721039.npz,3100721039.npz,0,train
3552,data\raw\daisee\train\310072\3100721040\3100721040.npz,3100721040.npz,0,train
3553,data\raw\daisee\train\310072\3100721041\3100721041.npz,3100721041.npz,0,val
3554,data\raw\daisee\train\310072\3100721042\3100721042.npz,3100721042.npz,0,train
3555,data\raw\daisee\train\310072\3100721044\3100721044.npz,3100721044.npz,0,val
3556,data\raw\daisee\train\310072\3100721045\3100721045.npz,3100721045.npz,0,train
3557,data\raw\daisee\train\310072\3100721046\3100721046.npz,3100721046.npz,0,val
3558,data\raw\daisee\train\310072\3100721047\3100721047.npz,3100721047.npz,0,train
3559,data\raw\daisee\train\310072\3100721048\3100721048.npz,3100721048.npz,1,train
3560,data\raw\daisee\train\310072\3100721049\3100721049.npz,3100721049.npz,0,train
3561,data\raw\daisee\train\310072\3100721050\3100721050.npz,3100721050.npz,0,train
3562,data\raw\daisee\train\310072\3100721051\3100721051.npz,3100721051.npz,0,val
3563,data\raw\daisee\train\310072\3100721052\3100721052.npz,3100721052.npz,0,train
3564,data\raw\daisee\train\310072\3100721053\3100721053.npz,3100721053.npz,0,train
3565,data\raw\daisee\train\310072\3100721054\3100721054.npz,3100721054.npz,0,train
3566,data\raw\daisee\train\310072\3100721055\3100721055.npz,3100721055.npz,0,val
3567,data\raw\daisee\train\310072\3100721056\3100721056.npz,3100721056.npz,0,test
3568,data\raw\daisee\train\310072\3100721057\3100721057.npz,3100721057.npz,0,train
3569,data\raw\daisee\train\310072\3100721058\3100721058.npz,3100721058.npz,0,test
3570,data\raw\daisee\train\310072\3100721059\3100721059.npz,3100721059.npz,0,train
3571,data\raw\daisee\train\310072\3100721060\3100721060.npz,3100721060.npz,0,val
3572,data\raw\daisee\train\310072\3100721062\3100721062.npz,3100721062.npz,0,train
3573,data\raw\daisee\train\310072\3100721063\3100721063.npz,3100721063.npz,0,test
3574,data\raw\daisee\train\310072\3100721064\3100721064.npz,3100721064.npz,0,train
3575,data\raw\daisee\train\310072\3100721065\3100721065.npz,3100721065.npz,0,train
3576,data\raw\daisee\train\310072\3100721066\3100721066.npz,3100721066.npz,0,train
3577,data\raw\daisee\train\310072\3100721068\3100721068.npz,3100721068.npz,0,train
3578,data\raw\daisee\train\310072\3100721070\3100721070.npz,3100721070.npz,0,train
3579,data\raw\daisee\train\310072\3100721071\3100721071.npz,3100721071.npz,1,train
3580,data\raw\daisee\train\310072\3100721072\3100721072.npz,3100721072.npz,1,test
3581,data\raw\daisee\train\310072\3100722003\3100722003.npz,3100722003.npz,0,train
3582,data\raw\daisee\train\310072\3100722004\3100722004.npz,3100722004.npz,0,train
3583,data\raw\daisee\train\310072\3100722005\3100722005.npz,3100722005.npz,0,test
3584,data\raw\daisee\train\310072\3100722006\3100722006.npz,3100722006.npz,0,train
3585,data\raw\daisee\train\310072\3100722007\3100722007.npz,3100722007.npz,0,train
3586,data\raw\daisee\train\310072\3100722012\3100722012.npz,3100722012.npz,0,train
3587,data\raw\daisee\train\310072\3100722013\3100722013.npz,3100722013.npz,0,train
3588,data\raw\daisee\train\310072\3100722014\3100722014.npz,3100722014.npz,0,train
3589,data\raw\daisee\train\310072\3100722016\3100722016.npz,3100722016.npz,0,val
3590,data\raw\daisee\train\310072\3100722017\3100722017.npz,3100722017.npz,0,train
3591,data\raw\daisee\train\310072\3100722020\3100722020.npz,3100722020.npz,0,train
3592,data\raw\daisee\train\310072\3100722021\3100722021.npz,3100722021.npz,0,train
3593,data\raw\daisee\train\310072\3100722022\3100722022.npz,3100722022.npz,0,train
3594,data\raw\daisee\train\310072\3100722023\3100722023.npz,3100722023.npz,0,train
3595,data\raw\daisee\train\310072\3100722024\3100722024.npz,3100722024.npz,0,train
3596,data\raw\daisee\train\310072\3100722025\3100722025.npz,3100722025.npz,0,train
3597,data\raw\daisee\train\310072\3100722026\3100722026.npz,3100722026.npz,0,train
3598,data\raw\daisee\train\310072\3100722027\3100722027.npz,3100722027.npz,0,train
3599,data\raw\daisee\train\310072\3100722030\3100722030.npz,3100722030.npz,0,train
3600,data\raw\daisee\train\310072\3100722031\3100722031.npz,3100722031.npz,0,train
3601,data\raw\daisee\train\310072\3100722032\3100722032.npz,3100722032.npz,0,train
3602,data\raw\daisee\train\310072\3100722033\3100722033.npz,3100722033.npz,0,train
3603,data\raw\daisee\train\310072\3100722034\3100722034.npz,3100722034.npz,0,train
3604,data\raw\daisee\train\310072\3100722036\3100722036.npz,3100722036.npz,0,train
3605,data\raw\daisee\train\310072\3100722038\3100722038.npz,3100722038.npz,0,test
3606,data\raw\daisee\train\310072\3100722039\3100722039.npz,3100722039.npz,0,train
3607,data\raw\daisee\train\310072\3100722040\3100722040.npz,3100722040.npz,0,train
3608,data\raw\daisee\train\310072\3100722042\3100722042.npz,3100722042.npz,0,train
3609,data\raw\daisee\train\310072\3100722044\3100722044.npz,3100722044.npz,0,train
3610,data\raw\daisee\train\310072\3100722045\3100722045.npz,3100722045.npz,0,train
3611,data\raw\daisee\train\310072\3100722046\3100722046.npz,3100722046.npz,0,test
3612,data\raw\daisee\train\310072\3100722047\3100722047.npz,3100722047.npz,0,val
3613,data\raw\daisee\train\310072\3100722048\3100722048.npz,3100722048.npz,0,val
3614,data\raw\daisee\train\310072\3100722054\3100722054.npz,3100722054.npz,0,train
3615,data\raw\daisee\train\310072\3100722055\3100722055.npz,3100722055.npz,0,val
3616,data\raw\daisee\train\310072\3100722057\3100722057.npz,3100722057.npz,0,train
3617,data\raw\daisee\train\310072\3100722059\3100722059.npz,3100722059.npz,0,train
3618,data\raw\daisee\train\310072\3100722061\3100722061.npz,3100722061.npz,0,train
3619,data\raw\daisee\train\310072\3100722062\3100722062.npz,3100722062.npz,0,train
3620,data\raw\daisee\train\310072\3100722063\3100722063.npz,3100722063.npz,0,train
3621,data\raw\daisee\train\310072\3100722064\3100722064.npz,3100722064.npz,0,train
3622,data\raw\daisee\train\310072\3100722065\3100722065.npz,3100722065.npz,0,test
3623,data\raw\daisee\train\310072\3100722066\3100722066.npz,3100722066.npz,0,val
3624,data\raw\daisee\train\310072\3100722067\3100722067.npz,3100722067.npz,0,train
3625,data\raw\daisee\train\310072\3100722068\3100722068.npz,3100722068.npz,0,train
3626,data\raw\daisee\train\310072\3100722069\3100722069.npz,3100722069.npz,0,val
3627,data\raw\daisee\train\310072\3100722070\3100722070.npz,3100722070.npz,0,train
3628,data\raw\daisee\train\310072\3100722072\3100722072.npz,3100722072.npz,0,train
3629,data\raw\daisee\train\310072\3100722073\3100722073.npz,3100722073.npz,0,train
3630,data\raw\daisee\train\310072\3100722074\3100722074.npz,3100722074.npz,0,train
3631,data\raw\daisee\train\310072\3100722076\3100722076.npz,3100722076.npz,0,train
3632,data\raw\daisee\train\310072\3100722077\3100722077.npz,3100722077.npz,0,train
3633,data\raw\daisee\train\310072\3100722078\3100722078.npz,3100722078.npz,0,train
3634,data\raw\daisee\train\310072\3100722079\3100722079.npz,3100722079.npz,0,val
3635,data\raw\daisee\train\310073\3100731001\3100731001.npz,3100731001.npz,1,train
3636,data\raw\daisee\train\310073\3100731006\3100731006.npz,3100731006.npz,0,train
3637,data\raw\daisee\train\310073\3100731007\3100731007.npz,3100731007.npz,0,train
3638,data\raw\daisee\train\310073\3100731008\3100731008.npz,3100731008.npz,0,train
3639,data\raw\daisee\train\310073\3100731009\3100731009.npz,3100731009.npz,0,train
3640,data\raw\daisee\train\310073\3100731011\3100731011.npz,3100731011.npz,0,train
3641,data\raw\daisee\train\310073\3100731012\3100731012.npz,3100731012.npz,0,train
3642,data\raw\daisee\train\310073\3100731013\3100731013.npz,3100731013.npz,0,train
3643,data\raw\daisee\train\310073\3100731014\3100731014.npz,3100731014.npz,0,train
3644,data\raw\daisee\train\310073\3100731025\3100731025.npz,3100731025.npz,0,train
3645,data\raw\daisee\train\310073\3100731026\3100731026.npz,3100731026.npz,0,test
3646,data\raw\daisee\train\310073\3100731028\3100731028.npz,3100731028.npz,0,train
3647,data\raw\daisee\train\310073\3100731029\3100731029.npz,3100731029.npz,0,val
3648,data\raw\daisee\train\310073\3100731030\3100731030.npz,3100731030.npz,0,train
3649,data\raw\daisee\train\310073\3100731031\3100731031.npz,3100731031.npz,0,train
3650,data\raw\daisee\train\310073\3100731037\3100731037.npz,3100731037.npz,0,test
3651,data\raw\daisee\train\310073\3100731038\3100731038.npz,3100731038.npz,0,train
3652,data\raw\daisee\train\310073\3100731050\3100731050.npz,3100731050.npz,0,train
3653,data\raw\daisee\train\310073\3100731052\3100731052.npz,3100731052.npz,0,train
3654,data\raw\daisee\train\310073\3100731054\3100731054.npz,3100731054.npz,0,val
3655,data\raw\daisee\train\310073\3100731056\3100731056.npz,3100731056.npz,0,val
3656,data\raw\daisee\train\310073\3100731057\3100731057.npz,3100731057.npz,0,train
3657,data\raw\daisee\train\310073\3100731058\3100731058.npz,3100731058.npz,0,train
3658,data\raw\daisee\train\310073\3100732001\3100732001.npz,3100732001.npz,0,val
3659,data\raw\daisee\train\310073\3100732002\3100732002.npz,3100732002.npz,0,val
3660,data\raw\daisee\train\310073\3100732003\3100732003.npz,3100732003.npz,0,train
3661,data\raw\daisee\train\310073\3100732006\3100732006.npz,3100732006.npz,0,val
3662,data\raw\daisee\train\310073\3100732013\3100732013.npz,3100732013.npz,0,train
3663,data\raw\daisee\train\310073\3100732014\3100732014.npz,3100732014.npz,0,test
3664,data\raw\daisee\train\310073\3100732015\3100732015.npz,3100732015.npz,0,train
3665,data\raw\daisee\train\310073\3100732017\3100732017.npz,3100732017.npz,1,train
3666,data\raw\daisee\train\310073\3100732018\3100732018.npz,3100732018.npz,0,train
3667,data\raw\daisee\train\310073\3100732020\3100732020.npz,3100732020.npz,0,train
3668,data\raw\daisee\train\310073\3100732021\3100732021.npz,3100732021.npz,0,test
3669,data\raw\daisee\train\310073\3100732022\3100732022.npz,3100732022.npz,0,train
3670,data\raw\daisee\train\310073\3100732023\3100732023.npz,3100732023.npz,0,train
3671,data\raw\daisee\train\310073\3100732025\3100732025.npz,3100732025.npz,0,train
3672,data\raw\daisee\train\310073\3100732027\3100732027.npz,3100732027.npz,0,train
3673,data\raw\daisee\train\310073\3100732028\3100732028.npz,3100732028.npz,0,train
3674,data\raw\daisee\train\310073\3100732029\3100732029.npz,3100732029.npz,0,train
3675,data\raw\daisee\train\310073\3100732031\3100732031.npz,3100732031.npz,1,val
3676,data\raw\daisee\train\310073\3100732036\3100732036.npz,3100732036.npz,0,train
3677,data\raw\daisee\train\310073\3100732040\3100732040.npz,3100732040.npz,0,test
3678,data\raw\daisee\train\310073\3100732041\3100732041.npz,3100732041.npz,1,train
3679,data\raw\daisee\train\310073\3100732042\3100732042.npz,3100732042.npz,0,val
3680,data\raw\daisee\train\310073\3100732067\3100732067.npz,3100732067.npz,1,train
3681,data\raw\daisee\train\310074\3100741001\3100741001.npz,3100741001.npz,0,test
3682,data\raw\daisee\train\310074\3100741002\3100741002.npz,3100741002.npz,0,train
3683,data\raw\daisee\train\310074\3100741003\3100741003.npz,3100741003.npz,0,val
3684,data\raw\daisee\train\310074\3100741004\3100741004.npz,3100741004.npz,0,train
3685,data\raw\daisee\train\310074\3100741011\3100741011.npz,3100741011.npz,0,val
3686,data\raw\daisee\train\310074\3100741012\3100741012.npz,3100741012.npz,0,train
3687,data\raw\daisee\train\310074\3100741013\3100741013.npz,3100741013.npz,0,train
3688,data\raw\daisee\train\310074\3100741014\3100741014.npz,3100741014.npz,0,train
3689,data\raw\daisee\train\310074\3100741016\3100741016.npz,3100741016.npz,0,test
3690,data\raw\daisee\train\310074\3100741017\3100741017.npz,3100741017.npz,0,train
3691,data\raw\daisee\train\310074\3100741018\3100741018.npz,3100741018.npz,0,train
3692,data\raw\daisee\train\310074\3100741019\3100741019.npz,3100741019.npz,0,train
3693,data\raw\daisee\train\310074\3100741020\3100741020.npz,3100741020.npz,0,val
3694,data\raw\daisee\train\310074\3100741022\3100741022.npz,3100741022.npz,0,train
3695,data\raw\daisee\train\310074\3100741023\3100741023.npz,3100741023.npz,0,train
3696,data\raw\daisee\train\310074\3100741024\3100741024.npz,3100741024.npz,0,train
3697,data\raw\daisee\train\310074\3100741025\3100741025.npz,3100741025.npz,0,train
3698,data\raw\daisee\train\310074\3100741026\3100741026.npz,3100741026.npz,0,train
3699,data\raw\daisee\train\310074\3100741027\3100741027.npz,3100741027.npz,0,train
3700,data\raw\daisee\train\310074\3100741028\3100741028.npz,3100741028.npz,0,train
3701,data\raw\daisee\train\310074\3100741029\3100741029.npz,3100741029.npz,0,train
3702,data\raw\daisee\train\310074\3100741030\3100741030.npz,3100741030.npz,0,val
3703,data\raw\daisee\train\310074\3100741032\3100741032.npz,3100741032.npz,0,train
3704,data\raw\daisee\train\310074\3100741034\3100741034.npz,3100741034.npz,0,train
3705,data\raw\daisee\train\310074\3100741035\3100741035.npz,3100741035.npz,0,train
3706,data\raw\daisee\train\310074\3100741036\3100741036.npz,3100741036.npz,0,test
3707,data\raw\daisee\train\310074\3100741037\3100741037.npz,3100741037.npz,0,train
3708,data\raw\daisee\train\310074\3100741038\3100741038.npz,3100741038.npz,0,test
3709,data\raw\daisee\train\310074\3100741039\3100741039.npz,3100741039.npz,1,train
3710,data\raw\daisee\train\310074\3100741042\3100741042.npz,3100741042.npz,0,train
3711,data\raw\daisee\train\310074\3100741043\3100741043.npz,3100741043.npz,0,train
3712,data\raw\daisee\train\310074\3100741044\3100741044.npz,3100741044.npz,0,train
3713,data\raw\daisee\train\310074\3100741045\3100741045.npz,3100741045.npz,0,train
3714,data\raw\daisee\train\310074\3100741047\3100741047.npz,3100741047.npz,0,train
3715,data\raw\daisee\train\310074\3100741049\3100741049.npz,3100741049.npz,0,train
3716,data\raw\daisee\train\310074\3100741053\3100741053.npz,3100741053.npz,0,train
3717,data\raw\daisee\train\310074\3100741054\3100741054.npz,3100741054.npz,0,test
3718,data\raw\daisee\train\310074\3100741056\3100741056.npz,3100741056.npz,0,train
3719,data\raw\daisee\train\310074\3100741057\3100741057.npz,3100741057.npz,0,train
3720,data\raw\daisee\train\310074\3100741058\3100741058.npz,3100741058.npz,0,train
3721,data\raw\daisee\train\310074\3100741059\3100741059.npz,3100741059.npz,0,train
3722,data\raw\daisee\train\310074\3100741060\3100741060.npz,3100741060.npz,0,test
3723,data\raw\daisee\train\310074\3100741061\3100741061.npz,3100741061.npz,0,train
3724,data\raw\daisee\train\310074\3100741063\3100741063.npz,3100741063.npz,0,train
3725,data\raw\daisee\train\310074\3100741064\3100741064.npz,3100741064.npz,0,train
3726,data\raw\daisee\train\310074\3100741065\3100741065.npz,3100741065.npz,0,train
3727,data\raw\daisee\train\310074\3100741066\3100741066.npz,3100741066.npz,1,train
3728,data\raw\daisee\train\310074\3100741068\3100741068.npz,3100741068.npz,0,val
3729,data\raw\daisee\train\310074\3100741069\3100741069.npz,3100741069.npz,0,train
3730,data\raw\daisee\train\310074\3100741070\3100741070.npz,3100741070.npz,0,train
3731,data\raw\daisee\train\310074\3100741071\3100741071.npz,3100741071.npz,0,train
3732,data\raw\daisee\train\310074\3100741072\3100741072.npz,3100741072.npz,0,train
3733,data\raw\daisee\train\310074\3100741073\3100741073.npz,3100741073.npz,0,train
3734,data\raw\daisee\train\310074\3100741074\3100741074.npz,3100741074.npz,0,train
3735,data\raw\daisee\train\310074\3100741075\3100741075.npz,3100741075.npz,0,test
3736,data\raw\daisee\train\310074\3100741076\3100741076.npz,3100741076.npz,0,val
3737,data\raw\daisee\train\310074\3100741077\3100741077.npz,3100741077.npz,0,val
3738,data\raw\daisee\train\310074\3100741079\3100741079.npz,3100741079.npz,0,train
3739,data\raw\daisee\train\310074\3100742001\3100742001.npz,3100742001.npz,0,train
3740,data\raw\daisee\train\310074\3100742003\3100742003.npz,3100742003.npz,0,train
3741,data\raw\daisee\train\310074\3100742004\3100742004.npz,3100742004.npz,1,train
3742,data\raw\daisee\train\310074\3100742005\3100742005.npz,3100742005.npz,0,train
3743,data\raw\daisee\train\310074\3100742007\3100742007.npz,3100742007.npz,0,train
3744,data\raw\daisee\train\310074\3100742010\3100742010.npz,3100742010.npz,0,train
3745,data\raw\daisee\train\310074\3100742011\3100742011.npz,3100742011.npz,0,train
3746,data\raw\daisee\train\310074\3100742012\3100742012.npz,3100742012.npz,0,train
3747,data\raw\daisee\train\310074\3100742013\3100742013.npz,3100742013.npz,0,val
3748,data\raw\daisee\train\310074\3100742014\3100742014.npz,3100742014.npz,0,train
3749,data\raw\daisee\train\310074\3100742015\3100742015.npz,3100742015.npz,1,train
3750,data\raw\daisee\train\310074\3100742016\3100742016.npz,3100742016.npz,0,val
3751,data\raw\daisee\train\310074\3100742018\3100742018.npz,3100742018.npz,0,train
3752,data\raw\daisee\train\310074\3100742020\3100742020.npz,3100742020.npz,0,train
3753,data\raw\daisee\train\310074\3100742021\3100742021.npz,3100742021.npz,0,train
3754,data\raw\daisee\train\310074\3100742022\3100742022.npz,3100742022.npz,0,train
3755,data\raw\daisee\train\310074\3100742023\3100742023.npz,3100742023.npz,0,train
3756,data\raw\daisee\train\310074\3100742024\3100742024.npz,3100742024.npz,0,train
3757,data\raw\daisee\train\310074\3100742025\3100742025.npz,3100742025.npz,0,train
3758,data\raw\daisee\train\310074\3100742027\3100742027.npz,3100742027.npz,0,train
3759,data\raw\daisee\train\310074\3100742028\3100742028.npz,3100742028.npz,0,val
3760,data\raw\daisee\train\310074\3100742033\3100742033.npz,3100742033.npz,0,train
3761,data\raw\daisee\train\310074\3100742034\3100742034.npz,3100742034.npz,0,val
3762,data\raw\daisee\train\310074\3100742037\3100742037.npz,3100742037.npz,0,val
3763,data\raw\daisee\train\310074\3100742038\3100742038.npz,3100742038.npz,0,train
3764,data\raw\daisee\train\310074\3100742041\3100742041.npz,3100742041.npz,0,train
3765,data\raw\daisee\train\310074\3100742042\3100742042.npz,3100742042.npz,0,train
3766,data\raw\daisee\train\310074\3100742044\3100742044.npz,3100742044.npz,0,train
3767,data\raw\daisee\train\310074\3100742045\3100742045.npz,3100742045.npz,0,train
3768,data\raw\daisee\train\310074\3100742046\3100742046.npz,3100742046.npz,0,train
3769,data\raw\daisee\train\310074\3100742047\3100742047.npz,3100742047.npz,1,train
3770,data\raw\daisee\train\310074\3100742048\3100742048.npz,3100742048.npz,0,train
3771,data\raw\daisee\train\310074\3100742050\3100742050.npz,3100742050.npz,0,val
3772,data\raw\daisee\train\310074\3100742051\3100742051.npz,3100742051.npz,0,train
3773,data\raw\daisee\train\310074\3100742052\3100742052.npz,3100742052.npz,1,train
3774,data\raw\daisee\train\310074\3100742053\3100742053.npz,3100742053.npz,0,train
3775,data\raw\daisee\train\310074\3100742054\3100742054.npz,3100742054.npz,1,train
3776,data\raw\daisee\train\310074\3100742055\3100742055.npz,3100742055.npz,0,train
3777,data\raw\daisee\train\310074\3100742056\3100742056.npz,3100742056.npz,0,test
3778,data\raw\daisee\train\310074\3100742057\3100742057.npz,3100742057.npz,0,train
3779,data\raw\daisee\train\310074\3100742058\3100742058.npz,3100742058.npz,1,train
3780,data\raw\daisee\train\310074\3100742059\3100742059.npz,3100742059.npz,0,train
3781,data\raw\daisee\train\310074\3100742060\3100742060.npz,3100742060.npz,0,train
3782,data\raw\daisee\train\310074\3100742061\3100742061.npz,3100742061.npz,0,train
3783,data\raw\daisee\train\310074\3100742062\3100742062.npz,3100742062.npz,0,train
3784,data\raw\daisee\train\310074\3100742063\3100742063.npz,3100742063.npz,0,train
3785,data\raw\daisee\train\310074\3100742065\3100742065.npz,3100742065.npz,1,train
3786,data\raw\daisee\train\310074\3100742067\3100742067.npz,3100742067.npz,0,train
3787,data\raw\daisee\train\310074\3100742068\3100742068.npz,3100742068.npz,0,train
3788,data\raw\daisee\train\310075\3100751003\3100751003.npz,3100751003.npz,1,train
3789,data\raw\daisee\train\310075\3100751004\3100751004.npz,3100751004.npz,1,train
3790,data\raw\daisee\train\310075\3100751005\3100751005.npz,3100751005.npz,0,val
3791,data\raw\daisee\train\310075\3100751006\3100751006.npz,3100751006.npz,1,train
3792,data\raw\daisee\train\310075\3100751007\3100751007.npz,3100751007.npz,1,train
3793,data\raw\daisee\train\310075\3100751008\3100751008.npz,3100751008.npz,1,test
3794,data\raw\daisee\train\310075\3100751009\3100751009.npz,3100751009.npz,0,train
3795,data\raw\daisee\train\310075\3100751010\3100751010.npz,3100751010.npz,1,val
3796,data\raw\daisee\train\310075\3100751011\3100751011.npz,3100751011.npz,0,val
3797,data\raw\daisee\train\310075\3100751012\3100751012.npz,3100751012.npz,1,val
3798,data\raw\daisee\train\310075\3100751014\3100751014.npz,3100751014.npz,1,train
3799,data\raw\daisee\train\310075\3100751015\3100751015.npz,3100751015.npz,0,test
3800,data\raw\daisee\train\310075\3100751016\3100751016.npz,3100751016.npz,1,train
3801,data\raw\daisee\train\310075\3100751017\3100751017.npz,3100751017.npz,1,train
3802,data\raw\daisee\train\310075\3100751018\3100751018.npz,3100751018.npz,0,train
3803,data\raw\daisee\train\310075\3100751020\3100751020.npz,3100751020.npz,1,train
3804,data\raw\daisee\train\310075\3100751021\3100751021.npz,3100751021.npz,0,train
3805,data\raw\daisee\train\310075\3100751022\3100751022.npz,3100751022.npz,0,train
3806,data\raw\daisee\train\310075\3100751024\3100751024.npz,3100751024.npz,0,train
3807,data\raw\daisee\train\310075\3100751026\3100751026.npz,3100751026.npz,0,train
3808,data\raw\daisee\train\310075\3100751027\3100751027.npz,3100751027.npz,0,test
3809,data\raw\daisee\train\310075\3100751028\3100751028.npz,3100751028.npz,1,test
3810,data\raw\daisee\train\310075\3100751032\3100751032.npz,3100751032.npz,0,train
3811,data\raw\daisee\train\310075\3100751033\3100751033.npz,3100751033.npz,0,val
3812,data\raw\daisee\train\310075\3100751034\3100751034.npz,3100751034.npz,1,train
3813,data\raw\daisee\train\310075\3100751035\3100751035.npz,3100751035.npz,0,test
3814,data\raw\daisee\train\310075\3100751037\3100751037.npz,3100751037.npz,1,train
3815,data\raw\daisee\train\310075\3100751039\3100751039.npz,3100751039.npz,1,train
3816,data\raw\daisee\train\310075\3100751040\3100751040.npz,3100751040.npz,0,train
3817,data\raw\daisee\train\310075\3100751041\3100751041.npz,3100751041.npz,1,train
3818,data\raw\daisee\train\310075\3100751043\3100751043.npz,3100751043.npz,1,train
3819,data\raw\daisee\train\310075\3100751044\3100751044.npz,3100751044.npz,1,train
3820,data\raw\daisee\train\310075\3100751045\3100751045.npz,3100751045.npz,0,train
3821,data\raw\daisee\train\310075\3100751048\3100751048.npz,3100751048.npz,0,train
3822,data\raw\daisee\train\310075\3100751050\3100751050.npz,3100751050.npz,1,train
3823,data\raw\daisee\train\310075\3100751055\3100751055.npz,3100751055.npz,1,val
3824,data\raw\daisee\train\310075\3100751056\3100751056.npz,3100751056.npz,1,train
3825,data\raw\daisee\train\310075\3100751057\3100751057.npz,3100751057.npz,1,val
3826,data\raw\daisee\train\310075\3100751058\3100751058.npz,3100751058.npz,0,train
3827,data\raw\daisee\train\310075\3100751059\3100751059.npz,3100751059.npz,0,train
3828,data\raw\daisee\train\310075\3100751063\3100751063.npz,3100751063.npz,0,train
3829,data\raw\daisee\train\310075\3100751064\3100751064.npz,3100751064.npz,0,test
3830,data\raw\daisee\train\310075\3100751065\3100751065.npz,3100751065.npz,0,train
3831,data\raw\daisee\train\310075\3100751068\3100751068.npz,3100751068.npz,0,test
3832,data\raw\daisee\train\310075\3100751069\3100751069.npz,3100751069.npz,0,train
3833,data\raw\daisee\train\310075\3100751070\3100751070.npz,3100751070.npz,0,train
3834,data\raw\daisee\train\310075\3100751072\3100751072.npz,3100751072.npz,1,val
3835,data\raw\daisee\train\310075\3100751073\3100751073.npz,3100751073.npz,0,val
3836,data\raw\daisee\train\310075\3100751074\3100751074.npz,3100751074.npz,0,train
3837,data\raw\daisee\train\310075\3100751075\3100751075.npz,3100751075.npz,1,train
3838,data\raw\daisee\train\310075\3100751076\3100751076.npz,3100751076.npz,0,val
3839,data\raw\daisee\train\310075\3100751077\3100751077.npz,3100751077.npz,1,train
3840,data\raw\daisee\train\310075\3100751078\3100751078.npz,3100751078.npz,0,train
3841,data\raw\daisee\train\310075\3100751079\3100751079.npz,3100751079.npz,0,test
3842,data\raw\daisee\train\310075\3100752001\3100752001.npz,3100752001.npz,1,train
3843,data\raw\daisee\train\310075\3100752002\3100752002.npz,3100752002.npz,0,train
3844,data\raw\daisee\train\310075\3100752003\3100752003.npz,3100752003.npz,1,test
3845,data\raw\daisee\train\310075\3100752004\3100752004.npz,3100752004.npz,1,train
3846,data\raw\daisee\train\310075\3100752005\3100752005.npz,3100752005.npz,1,val
3847,data\raw\daisee\train\310075\3100752007\3100752007.npz,3100752007.npz,1,train
3848,data\raw\daisee\train\310075\3100752008\3100752008.npz,3100752008.npz,1,train
3849,data\raw\daisee\train\310075\3100752009\3100752009.npz,3100752009.npz,0,train
3850,data\raw\daisee\train\310075\3100752010\3100752010.npz,3100752010.npz,0,train
3851,data\raw\daisee\train\310075\3100752012\3100752012.npz,3100752012.npz,1,train
3852,data\raw\daisee\train\310075\3100752014\3100752014.npz,3100752014.npz,1,train
3853,data\raw\daisee\train\310075\3100752015\3100752015.npz,3100752015.npz,0,train
3854,data\raw\daisee\train\310075\3100752016\3100752016.npz,3100752016.npz,0,train
3855,data\raw\daisee\train\310075\3100752017\3100752017.npz,3100752017.npz,0,train
3856,data\raw\daisee\train\310075\3100752018\3100752018.npz,3100752018.npz,0,val
3857,data\raw\daisee\train\310075\3100752019\3100752019.npz,3100752019.npz,0,test
3858,data\raw\daisee\train\310075\3100752020\3100752020.npz,3100752020.npz,0,train
3859,data\raw\daisee\train\310075\3100752021\3100752021.npz,3100752021.npz,1,test
3860,data\raw\daisee\train\310075\3100752022\3100752022.npz,3100752022.npz,1,val
3861,data\raw\daisee\train\310075\3100752023\3100752023.npz,3100752023.npz,0,train
3862,data\raw\daisee\train\310075\3100752026\3100752026.npz,3100752026.npz,1,train
3863,data\raw\daisee\train\310075\3100752027\3100752027.npz,3100752027.npz,1,val
3864,data\raw\daisee\train\310075\3100752029\3100752029.npz,3100752029.npz,1,train
3865,data\raw\daisee\train\310075\3100752030\3100752030.npz,3100752030.npz,1,train
3866,data\raw\daisee\train\310075\3100752032\3100752032.npz,3100752032.npz,0,val
3867,data\raw\daisee\train\310075\3100752034\3100752034.npz,3100752034.npz,0,test
3868,data\raw\daisee\train\310075\3100752035\3100752035.npz,3100752035.npz,1,train
3869,data\raw\daisee\train\310075\3100752036\3100752036.npz,3100752036.npz,0,train
3870,data\raw\daisee\train\310075\3100752037\3100752037.npz,3100752037.npz,1,test
3871,data\raw\daisee\train\310075\3100752038\3100752038.npz,3100752038.npz,1,train
3872,data\raw\daisee\train\310075\3100752039\3100752039.npz,3100752039.npz,1,train
3873,data\raw\daisee\train\310075\3100752040\3100752040.npz,3100752040.npz,0,train
3874,data\raw\daisee\train\310075\3100752041\3100752041.npz,3100752041.npz,0,train
3875,data\raw\daisee\train\310075\3100752042\3100752042.npz,3100752042.npz,1,val
3876,data\raw\daisee\train\310075\3100752043\3100752043.npz,3100752043.npz,1,test
3877,data\raw\daisee\train\310075\3100752044\3100752044.npz,3100752044.npz,0,train
3878,data\raw\daisee\train\310075\3100752045\3100752045.npz,3100752045.npz,0,train
3879,data\raw\daisee\train\310075\3100752046\3100752046.npz,3100752046.npz,1,train
3880,data\raw\daisee\train\310075\3100752047\3100752047.npz,3100752047.npz,1,train
3881,data\raw\daisee\train\310075\3100752048\3100752048.npz,3100752048.npz,1,val
3882,data\raw\daisee\train\310075\3100752049\3100752049.npz,3100752049.npz,1,test
3883,data\raw\daisee\train\310075\3100752050\3100752050.npz,3100752050.npz,1,val
3884,data\raw\daisee\train\310075\3100752051\3100752051.npz,3100752051.npz,1,val
3885,data\raw\daisee\train\310075\3100752052\3100752052.npz,3100752052.npz,1,train
3886,data\raw\daisee\train\310075\3100752054\3100752054.npz,3100752054.npz,1,train
3887,data\raw\daisee\train\310075\3100752055\3100752055.npz,3100752055.npz,1,train
3888,data\raw\daisee\train\310075\3100752056\3100752056.npz,3100752056.npz,1,train
3889,data\raw\daisee\train\310075\3100752057\3100752057.npz,3100752057.npz,1,train
3890,data\raw\daisee\train\310075\3100752058\3100752058.npz,3100752058.npz,1,test
3891,data\raw\daisee\train\310075\3100752059\3100752059.npz,3100752059.npz,1,train
3892,data\raw\daisee\train\310075\3100752060\3100752060.npz,3100752060.npz,1,train
3893,data\raw\daisee\train\310075\3100752061\3100752061.npz,3100752061.npz,1,train
3894,data\raw\daisee\train\310075\3100752063\3100752063.npz,3100752063.npz,0,train
3895,data\raw\daisee\train\310075\3100752068\3100752068.npz,3100752068.npz,0,test
3896,data\raw\daisee\train\310076\3100761003\3100761003.npz,3100761003.npz,1,train
3897,data\raw\daisee\train\310076\3100761004\3100761004.npz,3100761004.npz,0,train
3898,data\raw\daisee\train\310076\3100761005\3100761005.npz,3100761005.npz,1,val
3899,data\raw\daisee\train\310076\3100761007\3100761007.npz,3100761007.npz,0,train
3900,data\raw\daisee\train\310076\3100761008\3100761008.npz,3100761008.npz,1,train
3901,data\raw\daisee\train\310076\3100761013\3100761013.npz,3100761013.npz,0,train
3902,data\raw\daisee\train\310076\3100761014\3100761014.npz,3100761014.npz,1,train
3903,data\raw\daisee\train\310076\3100761015\3100761015.npz,3100761015.npz,0,train
3904,data\raw\daisee\train\310076\3100761016\3100761016.npz,3100761016.npz,0,train
3905,data\raw\daisee\train\310076\3100761017\3100761017.npz,3100761017.npz,1,train
3906,data\raw\daisee\train\310076\3100761019\3100761019.npz,3100761019.npz,0,train
3907,data\raw\daisee\train\310076\3100761020\3100761020.npz,3100761020.npz,0,train
3908,data\raw\daisee\train\310076\3100761021\3100761021.npz,3100761021.npz,0,train
3909,data\raw\daisee\train\310076\3100761023\3100761023.npz,3100761023.npz,0,train
3910,data\raw\daisee\train\310076\3100761027\3100761027.npz,3100761027.npz,0,train
3911,data\raw\daisee\train\310076\3100761028\3100761028.npz,3100761028.npz,1,train
3912,data\raw\daisee\train\310076\3100761029\3100761029.npz,3100761029.npz,0,train
3913,data\raw\daisee\train\310076\3100761030\3100761030.npz,3100761030.npz,1,test
3914,data\raw\daisee\train\310076\3100761031\3100761031.npz,3100761031.npz,1,test
3915,data\raw\daisee\train\310076\3100761034\3100761034.npz,3100761034.npz,1,train
3916,data\raw\daisee\train\310076\3100761042\3100761042.npz,3100761042.npz,0,val
3917,data\raw\daisee\train\310076\3100761046\3100761046.npz,3100761046.npz,1,train
3918,data\raw\daisee\train\310076\3100761047\3100761047.npz,3100761047.npz,1,val
3919,data\raw\daisee\train\310076\3100761048\3100761048.npz,3100761048.npz,1,train
3920,data\raw\daisee\train\310076\3100761049\3100761049.npz,3100761049.npz,1,train
3921,data\raw\daisee\train\310076\3100761050\3100761050.npz,3100761050.npz,1,train
3922,data\raw\daisee\train\310076\3100761051\3100761051.npz,3100761051.npz,1,train
3923,data\raw\daisee\train\310076\3100761056\3100761056.npz,3100761056.npz,1,train
3924,data\raw\daisee\train\310076\3100761062\3100761062.npz,3100761062.npz,0,val
3925,data\raw\daisee\train\310076\3100761063\3100761063.npz,3100761063.npz,0,train
3926,data\raw\daisee\train\310076\3100762003\3100762003.npz,3100762003.npz,0,train
3927,data\raw\daisee\train\310076\3100762005\3100762005.npz,3100762005.npz,0,train
3928,data\raw\daisee\train\310076\3100762007\3100762007.npz,3100762007.npz,1,train
3929,data\raw\daisee\train\310076\3100762012\3100762012.npz,3100762012.npz,0,train
3930,data\raw\daisee\train\310076\3100762013\3100762013.npz,3100762013.npz,1,train
3931,data\raw\daisee\train\310076\3100762016\3100762016.npz,3100762016.npz,0,val
3932,data\raw\daisee\train\310076\3100762027\3100762027.npz,3100762027.npz,1,train
3933,data\raw\daisee\train\310076\3100762029\3100762029.npz,3100762029.npz,1,test
3934,data\raw\daisee\train\310076\3100762030\3100762030.npz,3100762030.npz,1,test
3935,data\raw\daisee\train\310076\3100762052\3100762052.npz,3100762052.npz,1,val
3936,data\raw\daisee\train\310076\3100762053\3100762053.npz,3100762053.npz,1,train
3937,data\raw\daisee\train\310076\3100762055\3100762055.npz,3100762055.npz,1,train
3938,data\raw\daisee\train\310077\3100771002\3100771002.npz,3100771002.npz,0,train
3939,data\raw\daisee\train\310077\3100771003\3100771003.npz,3100771003.npz,0,train
3940,data\raw\daisee\train\310077\3100771005\3100771005.npz,3100771005.npz,1,test
3941,data\raw\daisee\train\310077\3100771008\3100771008.npz,3100771008.npz,0,train
3942,data\raw\daisee\train\310077\3100771009\3100771009.npz,3100771009.npz,0,test
3943,data\raw\daisee\train\310077\3100771012\3100771012.npz,3100771012.npz,0,val
3944,data\raw\daisee\train\310077\3100771014\3100771014.npz,3100771014.npz,1,train
3945,data\raw\daisee\train\310077\3100771016\3100771016.npz,3100771016.npz,0,train
3946,data\raw\daisee\train\310077\3100771018\3100771018.npz,3100771018.npz,0,train
3947,data\raw\daisee\train\310077\3100771019\3100771019.npz,3100771019.npz,1,train
3948,data\raw\daisee\train\310077\3100771020\3100771020.npz,3100771020.npz,0,train
3949,data\raw\daisee\train\310077\3100771021\3100771021.npz,3100771021.npz,1,train
3950,data\raw\daisee\train\310077\3100771022\3100771022.npz,3100771022.npz,0,train
3951,data\raw\daisee\train\310077\3100771024\3100771024.npz,3100771024.npz,0,test
3952,data\raw\daisee\train\310077\3100771027\3100771027.npz,3100771027.npz,0,train
3953,data\raw\daisee\train\310077\3100771028\3100771028.npz,3100771028.npz,0,train
3954,data\raw\daisee\train\310077\3100771029\3100771029.npz,3100771029.npz,0,train
3955,data\raw\daisee\train\310077\3100771030\3100771030.npz,3100771030.npz,1,train
3956,data\raw\daisee\train\310077\3100771031\3100771031.npz,3100771031.npz,1,train
3957,data\raw\daisee\train\310077\3100771032\3100771032.npz,3100771032.npz,0,val
3958,data\raw\daisee\train\310077\3100771033\3100771033.npz,3100771033.npz,1,train
3959,data\raw\daisee\train\310077\3100771034\3100771034.npz,3100771034.npz,0,test
3960,data\raw\daisee\train\310077\3100771036\3100771036.npz,3100771036.npz,1,train
3961,data\raw\daisee\train\310077\3100771037\3100771037.npz,3100771037.npz,1,train
3962,data\raw\daisee\train\310077\3100771039\3100771039.npz,3100771039.npz,0,train
3963,data\raw\daisee\train\310077\3100771040\3100771040.npz,3100771040.npz,0,train
3964,data\raw\daisee\train\310077\3100771041\3100771041.npz,3100771041.npz,0,train
3965,data\raw\daisee\train\310077\3100771042\3100771042.npz,3100771042.npz,0,train
3966,data\raw\daisee\train\310077\3100771043\3100771043.npz,3100771043.npz,0,train
3967,data\raw\daisee\train\310077\3100771046\3100771046.npz,3100771046.npz,0,train
3968,data\raw\daisee\train\310077\3100771047\3100771047.npz,3100771047.npz,0,test
3969,data\raw\daisee\train\310077\3100771048\3100771048.npz,3100771048.npz,0,train
3970,data\raw\daisee\train\310077\3100771049\3100771049.npz,3100771049.npz,0,val
3971,data\raw\daisee\train\310077\3100771050\3100771050.npz,3100771050.npz,0,train
3972,data\raw\daisee\train\310077\3100771052\3100771052.npz,3100771052.npz,0,train
3973,data\raw\daisee\train\310077\3100771054\3100771054.npz,3100771054.npz,0,train
3974,data\raw\daisee\train\310077\3100771055\3100771055.npz,3100771055.npz,0,train
3975,data\raw\daisee\train\310077\3100771056\3100771056.npz,3100771056.npz,0,train
3976,data\raw\daisee\train\310077\3100771057\3100771057.npz,3100771057.npz,0,train
3977,data\raw\daisee\train\310077\3100771058\3100771058.npz,3100771058.npz,0,train
3978,data\raw\daisee\train\310077\3100771059\3100771059.npz,3100771059.npz,0,train
3979,data\raw\daisee\train\310077\3100771062\3100771062.npz,3100771062.npz,0,train
3980,data\raw\daisee\train\310077\3100771063\3100771063.npz,3100771063.npz,0,val
3981,data\raw\daisee\train\310077\3100771064\3100771064.npz,3100771064.npz,1,train
3982,data\raw\daisee\train\310077\3100771065\3100771065.npz,3100771065.npz,1,train
3983,data\raw\daisee\train\310077\3100771066\3100771066.npz,3100771066.npz,0,train
3984,data\raw\daisee\train\310077\3100771067\3100771067.npz,3100771067.npz,0,train
3985,data\raw\daisee\train\310077\3100771068\3100771068.npz,3100771068.npz,0,train
3986,data\raw\daisee\train\310077\3100771069\3100771069.npz,3100771069.npz,0,train
3987,data\raw\daisee\train\310077\3100771071\3100771071.npz,3100771071.npz,0,val
3988,data\raw\daisee\train\310077\3100771072\3100771072.npz,3100771072.npz,0,train
3989,data\raw\daisee\train\310077\3100771073\3100771073.npz,3100771073.npz,0,train
3990,data\raw\daisee\train\310077\3100771075\3100771075.npz,3100771075.npz,0,val
3991,data\raw\daisee\train\310077\3100771076\3100771076.npz,3100771076.npz,0,train
3992,data\raw\daisee\train\310077\3100771077\3100771077.npz,3100771077.npz,0,train
3993,data\raw\daisee\train\310077\3100771078\3100771078.npz,3100771078.npz,0,val
3994,data\raw\daisee\train\310077\3100771080\3100771080.npz,3100771080.npz,1,train
3995,data\raw\daisee\train\310077\3100771081\3100771081.npz,3100771081.npz,0,train
3996,data\raw\daisee\train\310077\3100772002\3100772002.npz,3100772002.npz,0,test
3997,data\raw\daisee\train\310077\3100772004\3100772004.npz,3100772004.npz,0,train
3998,data\raw\daisee\train\310077\3100772005\3100772005.npz,3100772005.npz,1,test
3999,data\raw\daisee\train\310077\3100772006\3100772006.npz,3100772006.npz,1,train
4000,data\raw\daisee\train\310077\3100772007\3100772007.npz,3100772007.npz,0,train
4001,data\raw\daisee\train\310077\3100772008\3100772008.npz,3100772008.npz,0,val
4002,data\raw\daisee\train\310077\3100772009\3100772009.npz,3100772009.npz,0,train
4003,data\raw\daisee\train\310077\3100772010\3100772010.npz,3100772010.npz,1,train
4004,data\raw\daisee\train\310077\3100772011\3100772011.npz,3100772011.npz,0,train
4005,data\raw\daisee\train\310077\3100772013\3100772013.npz,3100772013.npz,0,test
4006,data\raw\daisee\train\310077\3100772014\3100772014.npz,3100772014.npz,0,test
4007,data\raw\daisee\train\310077\3100772015\3100772015.npz,3100772015.npz,0,train
4008,data\raw\daisee\train\310077\3100772018\3100772018.npz,3100772018.npz,0,train
4009,data\raw\daisee\train\310077\3100772019\3100772019.npz,3100772019.npz,0,train
4010,data\raw\daisee\train\310077\3100772020\3100772020.npz,3100772020.npz,1,train
4011,data\raw\daisee\train\310077\3100772021\3100772021.npz,3100772021.npz,0,test
4012,data\raw\daisee\train\310077\3100772022\3100772022.npz,3100772022.npz,0,test
4013,data\raw\daisee\train\310077\3100772023\3100772023.npz,3100772023.npz,0,test
4014,data\raw\daisee\train\310077\3100772024\3100772024.npz,3100772024.npz,0,train
4015,data\raw\daisee\train\310077\3100772025\3100772025.npz,3100772025.npz,0,val
4016,data\raw\daisee\train\310077\3100772026\3100772026.npz,3100772026.npz,0,train
4017,data\raw\daisee\train\310077\3100772027\3100772027.npz,3100772027.npz,0,train
4018,data\raw\daisee\train\310077\3100772028\3100772028.npz,3100772028.npz,0,train
4019,data\raw\daisee\train\310077\3100772029\3100772029.npz,3100772029.npz,0,train
4020,data\raw\daisee\train\310077\3100772031\3100772031.npz,3100772031.npz,0,val
4021,data\raw\daisee\train\310077\3100772032\3100772032.npz,3100772032.npz,0,val
4022,data\raw\daisee\train\310077\3100772033\3100772033.npz,3100772033.npz,0,train
4023,data\raw\daisee\train\310077\3100772034\3100772034.npz,3100772034.npz,0,val
4024,data\raw\daisee\train\310077\3100772035\3100772035.npz,3100772035.npz,0,train
4025,data\raw\daisee\train\310077\3100772036\3100772036.npz,3100772036.npz,0,val
4026,data\raw\daisee\train\310077\3100772037\3100772037.npz,3100772037.npz,1,train
4027,data\raw\daisee\train\310077\3100772039\3100772039.npz,3100772039.npz,0,train
4028,data\raw\daisee\train\310077\3100772040\3100772040.npz,3100772040.npz,0,test
4029,data\raw\daisee\train\310077\3100772041\3100772041.npz,3100772041.npz,0,train
4030,data\raw\daisee\train\310077\3100772042\3100772042.npz,3100772042.npz,0,train
4031,data\raw\daisee\train\310077\3100772043\3100772043.npz,3100772043.npz,0,train
4032,data\raw\daisee\train\310077\3100772045\3100772045.npz,3100772045.npz,0,train
4033,data\raw\daisee\train\310077\3100772046\3100772046.npz,3100772046.npz,0,train
4034,data\raw\daisee\train\310077\3100772048\3100772048.npz,3100772048.npz,0,train
4035,data\raw\daisee\train\310077\3100772050\3100772050.npz,3100772050.npz,0,train
4036,data\raw\daisee\train\310077\3100772051\3100772051.npz,3100772051.npz,1,train
4037,data\raw\daisee\train\310077\3100772052\3100772052.npz,3100772052.npz,1,test
4038,data\raw\daisee\train\310077\3100772053\3100772053.npz,3100772053.npz,0,train
4039,data\raw\daisee\train\310077\3100772054\3100772054.npz,3100772054.npz,0,train
4040,data\raw\daisee\train\310077\3100772055\3100772055.npz,3100772055.npz,0,train
4041,data\raw\daisee\train\310077\3100772056\3100772056.npz,3100772056.npz,0,train
4042,data\raw\daisee\train\310077\3100772058\3100772058.npz,3100772058.npz,0,train
4043,data\raw\daisee\train\310077\3100772059\3100772059.npz,3100772059.npz,0,train
4044,data\raw\daisee\train\310077\3100772063\3100772063.npz,3100772063.npz,1,train
4045,data\raw\daisee\train\310077\3100772065\3100772065.npz,3100772065.npz,0,train
4046,data\raw\daisee\train\310077\3100772066\3100772066.npz,3100772066.npz,0,train
4047,data\raw\daisee\train\310077\3100772067\3100772067.npz,3100772067.npz,0,train
4048,data\raw\daisee\train\310077\3100772068\3100772068.npz,3100772068.npz,1,test
4049,data\raw\daisee\train\310077\3100772069\3100772069.npz,3100772069.npz,0,train
4050,data\raw\daisee\train\310078\3100781001\3100781001.npz,3100781001.npz,0,train
4051,data\raw\daisee\train\310078\3100781002\3100781002.npz,3100781002.npz,1,test
4052,data\raw\daisee\train\310078\3100781004\3100781004.npz,3100781004.npz,0,val
4053,data\raw\daisee\train\310078\3100781006\3100781006.npz,3100781006.npz,0,val
4054,data\raw\daisee\train\310078\3100781008\3100781008.npz,3100781008.npz,0,train
4055,data\raw\daisee\train\310078\3100781009\3100781009.npz,3100781009.npz,0,train
4056,data\raw\daisee\train\310078\3100781010\3100781010.npz,3100781010.npz,0,val
4057,data\raw\daisee\train\310078\3100781011\3100781011.npz,3100781011.npz,0,train
4058,data\raw\daisee\train\310078\3100781013\3100781013.npz,3100781013.npz,0,val
4059,data\raw\daisee\train\310078\3100781015\3100781015.npz,3100781015.npz,0,train
4060,data\raw\daisee\train\310078\3100781016\3100781016.npz,3100781016.npz,0,train
4061,data\raw\daisee\train\310078\3100781017\3100781017.npz,3100781017.npz,0,val
4062,data\raw\daisee\train\310078\3100781019\3100781019.npz,3100781019.npz,0,val
4063,data\raw\daisee\train\310078\3100781020\3100781020.npz,3100781020.npz,0,val
4064,data\raw\daisee\train\310078\3100781021\3100781021.npz,3100781021.npz,0,test
4065,data\raw\daisee\train\310078\3100781023\3100781023.npz,3100781023.npz,0,val
4066,data\raw\daisee\train\310078\3100781024\3100781024.npz,3100781024.npz,0,test
4067,data\raw\daisee\train\310078\3100781027\3100781027.npz,3100781027.npz,0,train
4068,data\raw\daisee\train\310078\3100781029\3100781029.npz,3100781029.npz,0,train
4069,data\raw\daisee\train\310078\3100781030\3100781030.npz,3100781030.npz,0,val
4070,data\raw\daisee\train\310078\3100781031\3100781031.npz,3100781031.npz,0,train
4071,data\raw\daisee\train\310078\3100781032\3100781032.npz,3100781032.npz,0,train
4072,data\raw\daisee\train\310078\3100781033\3100781033.npz,3100781033.npz,0,train
4073,data\raw\daisee\train\310078\3100781034\3100781034.npz,3100781034.npz,1,val
4074,data\raw\daisee\train\310078\3100781036\3100781036.npz,3100781036.npz,0,train
4075,data\raw\daisee\train\310078\3100781038\3100781038.npz,3100781038.npz,0,val
4076,data\raw\daisee\train\310078\3100781040\3100781040.npz,3100781040.npz,0,train
4077,data\raw\daisee\train\310078\3100781041\3100781041.npz,3100781041.npz,0,test
4078,data\raw\daisee\train\310078\3100781043\3100781043.npz,3100781043.npz,0,train
4079,data\raw\daisee\train\310078\3100781044\3100781044.npz,3100781044.npz,0,train
4080,data\raw\daisee\train\310078\3100781046\3100781046.npz,3100781046.npz,0,train
4081,data\raw\daisee\train\310078\3100781047\3100781047.npz,3100781047.npz,0,train
4082,data\raw\daisee\train\310078\3100781048\3100781048.npz,3100781048.npz,0,train
4083,data\raw\daisee\train\310078\3100781051\3100781051.npz,3100781051.npz,0,train
4084,data\raw\daisee\train\310078\3100781052\3100781052.npz,3100781052.npz,0,train
4085,data\raw\daisee\train\310078\3100781053\3100781053.npz,3100781053.npz,0,val
4086,data\raw\daisee\train\310078\3100781054\3100781054.npz,3100781054.npz,0,train
4087,data\raw\daisee\train\310078\3100781055\3100781055.npz,3100781055.npz,0,test
4088,data\raw\daisee\train\310078\3100781056\3100781056.npz,3100781056.npz,0,test
4089,data\raw\daisee\train\310078\3100781057\3100781057.npz,3100781057.npz,0,train
4090,data\raw\daisee\train\310078\3100781058\3100781058.npz,3100781058.npz,0,train
4091,data\raw\daisee\train\310078\3100781059\3100781059.npz,3100781059.npz,0,test
4092,data\raw\daisee\train\310078\3100781061\3100781061.npz,3100781061.npz,0,train
4093,data\raw\daisee\train\310078\3100781062\3100781062.npz,3100781062.npz,0,train
4094,data\raw\daisee\train\310078\3100781064\3100781064.npz,3100781064.npz,0,train
4095,data\raw\daisee\train\310078\3100781065\3100781065.npz,3100781065.npz,0,val
4096,data\raw\daisee\train\310078\3100781066\3100781066.npz,3100781066.npz,0,train
4097,data\raw\daisee\train\310078\3100781068\3100781068.npz,3100781068.npz,0,train
4098,data\raw\daisee\train\310078\3100781069\3100781069.npz,3100781069.npz,0,val
4099,data\raw\daisee\train\310078\3100781070\3100781070.npz,3100781070.npz,0,train
4100,data\raw\daisee\train\310078\3100781071\3100781071.npz,3100781071.npz,0,train
4101,data\raw\daisee\train\310078\3100781073\3100781073.npz,3100781073.npz,0,val
4102,data\raw\daisee\train\310078\3100781074\3100781074.npz,3100781074.npz,0,train
4103,data\raw\daisee\train\310078\3100781075\3100781075.npz,3100781075.npz,0,test
4104,data\raw\daisee\train\310078\3100781076\3100781076.npz,3100781076.npz,0,train
4105,data\raw\daisee\train\310078\3100781078\3100781078.npz,3100781078.npz,0,train
4106,data\raw\daisee\train\310078\3100781079\3100781079.npz,3100781079.npz,0,train
4107,data\raw\daisee\train\310078\3100781080\3100781080.npz,3100781080.npz,0,train
4108,data\raw\daisee\train\310078\3100781081\3100781081.npz,3100781081.npz,0,train
4109,data\raw\daisee\train\310078\3100782001\3100782001.npz,3100782001.npz,0,test
4110,data\raw\daisee\train\310078\3100782003\3100782003.npz,3100782003.npz,0,train
4111,data\raw\daisee\train\310078\3100782004\3100782004.npz,3100782004.npz,0,train
4112,data\raw\daisee\train\310078\3100782005\3100782005.npz,3100782005.npz,0,train
4113,data\raw\daisee\train\310078\3100782006\3100782006.npz,3100782006.npz,0,train
4114,data\raw\daisee\train\310078\3100782008\3100782008.npz,3100782008.npz,0,test
4115,data\raw\daisee\train\310078\3100782010\3100782010.npz,3100782010.npz,0,val
4116,data\raw\daisee\train\310078\3100782011\3100782011.npz,3100782011.npz,0,train
4117,data\raw\daisee\train\310078\3100782012\3100782012.npz,3100782012.npz,0,train
4118,data\raw\daisee\train\310078\3100782013\3100782013.npz,3100782013.npz,0,train
4119,data\raw\daisee\train\310078\3100782014\3100782014.npz,3100782014.npz,0,train
4120,data\raw\daisee\train\310078\3100782015\3100782015.npz,3100782015.npz,0,train
4121,data\raw\daisee\train\310078\3100782016\3100782016.npz,3100782016.npz,0,val
4122,data\raw\daisee\train\310078\3100782017\3100782017.npz,3100782017.npz,0,train
4123,data\raw\daisee\train\310078\3100782018\3100782018.npz,3100782018.npz,1,val
4124,data\raw\daisee\train\310078\3100782019\3100782019.npz,3100782019.npz,0,test
4125,data\raw\daisee\train\310078\3100782021\3100782021.npz,3100782021.npz,0,train
4126,data\raw\daisee\train\310078\3100782022\3100782022.npz,3100782022.npz,0,test
4127,data\raw\daisee\train\310078\3100782023\3100782023.npz,3100782023.npz,0,train
4128,data\raw\daisee\train\310078\3100782024\3100782024.npz,3100782024.npz,0,test
4129,data\raw\daisee\train\310078\3100782025\3100782025.npz,3100782025.npz,0,train
4130,data\raw\daisee\train\310078\3100782026\3100782026.npz,3100782026.npz,0,train
4131,data\raw\daisee\train\310078\3100782027\3100782027.npz,3100782027.npz,0,train
4132,data\raw\daisee\train\310078\3100782028\3100782028.npz,3100782028.npz,0,val
4133,data\raw\daisee\train\310078\3100782031\3100782031.npz,3100782031.npz,0,train
4134,data\raw\daisee\train\310078\3100782032\3100782032.npz,3100782032.npz,0,train
4135,data\raw\daisee\train\310078\3100782033\3100782033.npz,3100782033.npz,1,val
4136,data\raw\daisee\train\310078\3100782035\3100782035.npz,3100782035.npz,0,train
4137,data\raw\daisee\train\310078\3100782036\3100782036.npz,3100782036.npz,0,test
4138,data\raw\daisee\train\310078\3100782037\3100782037.npz,3100782037.npz,0,train
4139,data\raw\daisee\train\310078\3100782038\3100782038.npz,3100782038.npz,0,test
4140,data\raw\daisee\train\310078\3100782039\3100782039.npz,3100782039.npz,1,train
4141,data\raw\daisee\train\310078\3100782042\3100782042.npz,3100782042.npz,0,train
4142,data\raw\daisee\train\310078\3100782043\3100782043.npz,3100782043.npz,0,train
4143,data\raw\daisee\train\310078\3100782045\3100782045.npz,3100782045.npz,0,train
4144,data\raw\daisee\train\310078\3100782046\3100782046.npz,3100782046.npz,0,test
4145,data\raw\daisee\train\310078\3100782047\3100782047.npz,3100782047.npz,0,val
4146,data\raw\daisee\train\310078\3100782049\3100782049.npz,3100782049.npz,0,test
4147,data\raw\daisee\train\310078\3100782050\3100782050.npz,3100782050.npz,0,train
4148,data\raw\daisee\train\310078\3100782053\3100782053.npz,3100782053.npz,0,test
4149,data\raw\daisee\train\310078\3100782054\3100782054.npz,3100782054.npz,0,test
4150,data\raw\daisee\train\310078\3100782055\3100782055.npz,3100782055.npz,0,train
4151,data\raw\daisee\train\310078\3100782057\3100782057.npz,3100782057.npz,0,train
4152,data\raw\daisee\train\310078\3100782058\3100782058.npz,3100782058.npz,0,train
4153,data\raw\daisee\train\310078\3100782059\3100782059.npz,3100782059.npz,0,val
4154,data\raw\daisee\train\310078\3100782061\3100782061.npz,3100782061.npz,0,train
4155,data\raw\daisee\train\310078\3100782062\3100782062.npz,3100782062.npz,0,train
4156,data\raw\daisee\train\310078\3100782063\3100782063.npz,3100782063.npz,0,train
4157,data\raw\daisee\train\310078\3100782064\3100782064.npz,3100782064.npz,0,train
4158,data\raw\daisee\train\310078\3100782065\3100782065.npz,3100782065.npz,0,val
4159,data\raw\daisee\train\310078\3100782066\3100782066.npz,3100782066.npz,0,train
4160,data\raw\daisee\train\310078\3100782067\3100782067.npz,3100782067.npz,1,train
4161,data\raw\daisee\train\310078\3100782068\3100782068.npz,3100782068.npz,0,train
4162,data\raw\daisee\train\310078\3100782069\3100782069.npz,3100782069.npz,0,train
4163,data\raw\daisee\train\310078\3100782071\3100782071.npz,3100782071.npz,0,train
4164,data\raw\daisee\train\310078\3100782072\3100782072.npz,3100782072.npz,0,train
4165,data\raw\daisee\train\310079\3100791004\3100791004.npz,3100791004.npz,0,val
4166,data\raw\daisee\train\310079\3100791006\3100791006.npz,3100791006.npz,0,val
4167,data\raw\daisee\train\310079\3100791007\3100791007.npz,3100791007.npz,1,train
4168,data\raw\daisee\train\310079\3100791008\3100791008.npz,3100791008.npz,1,val
4169,data\raw\daisee\train\310079\3100791016\3100791016.npz,3100791016.npz,0,train
4170,data\raw\daisee\train\310079\3100791018\3100791018.npz,3100791018.npz,0,train
4171,data\raw\daisee\train\310079\3100791020\3100791020.npz,3100791020.npz,1,test
4172,data\raw\daisee\train\310079\3100791021\3100791021.npz,3100791021.npz,0,train
4173,data\raw\daisee\train\310079\3100791026\3100791026.npz,3100791026.npz,0,train
4174,data\raw\daisee\train\310079\3100791028\3100791028.npz,3100791028.npz,1,val
4175,data\raw\daisee\train\310079\3100791031\3100791031.npz,3100791031.npz,0,train
4176,data\raw\daisee\train\310079\3100791033\3100791033.npz,3100791033.npz,0,train
4177,data\raw\daisee\train\310079\3100791034\3100791034.npz,3100791034.npz,0,val
4178,data\raw\daisee\train\310079\3100791035\3100791035.npz,3100791035.npz,1,train
4179,data\raw\daisee\train\310079\3100791042\3100791042.npz,3100791042.npz,0,train
4180,data\raw\daisee\train\310079\3100791044\3100791044.npz,3100791044.npz,0,train
4181,data\raw\daisee\train\310079\3100791045\3100791045.npz,3100791045.npz,0,test
4182,data\raw\daisee\train\310079\3100791046\3100791046.npz,3100791046.npz,0,val
4183,data\raw\daisee\train\310079\3100791047\3100791047.npz,3100791047.npz,0,train
4184,data\raw\daisee\train\310079\3100791049\3100791049.npz,3100791049.npz,1,test
4185,data\raw\daisee\train\310079\3100791050\3100791050.npz,3100791050.npz,0,train
4186,data\raw\daisee\train\310079\3100791052\3100791052.npz,3100791052.npz,0,test
4187,data\raw\daisee\train\310079\3100791054\3100791054.npz,3100791054.npz,0,train
4188,data\raw\daisee\train\310079\3100791056\3100791056.npz,3100791056.npz,0,train
4189,data\raw\daisee\train\310079\3100791058\3100791058.npz,3100791058.npz,1,train
4190,data\raw\daisee\train\310079\3100791059\3100791059.npz,3100791059.npz,0,train
4191,data\raw\daisee\train\310079\3100791060\3100791060.npz,3100791060.npz,0,train
4192,data\raw\daisee\train\310079\3100791061\3100791061.npz,3100791061.npz,0,train
4193,data\raw\daisee\train\310079\3100791062\3100791062.npz,3100791062.npz,0,train
4194,data\raw\daisee\train\310079\3100791063\3100791063.npz,3100791063.npz,0,train
4195,data\raw\daisee\train\310079\3100791064\3100791064.npz,3100791064.npz,0,train
4196,data\raw\daisee\train\310079\3100791065\3100791065.npz,3100791065.npz,0,train
4197,data\raw\daisee\train\310079\3100791066\3100791066.npz,3100791066.npz,0,train
4198,data\raw\daisee\train\310079\3100791067\3100791067.npz,3100791067.npz,1,val
4199,data\raw\daisee\train\310079\3100791069\3100791069.npz,3100791069.npz,1,train
4200,data\raw\daisee\train\310079\3100791070\3100791070.npz,3100791070.npz,0,val
4201,data\raw\daisee\train\310079\3100791071\3100791071.npz,3100791071.npz,0,val
4202,data\raw\daisee\train\310079\3100791072\3100791072.npz,3100791072.npz,0,train
4203,data\raw\daisee\train\310079\3100791073\3100791073.npz,3100791073.npz,0,test
4204,data\raw\daisee\train\310079\3100792002\3100792002.npz,3100792002.npz,1,val
4205,data\raw\daisee\train\310079\3100792003\3100792003.npz,3100792003.npz,0,train
4206,data\raw\daisee\train\310079\3100792004\3100792004.npz,3100792004.npz,0,val
4207,data\raw\daisee\train\310079\3100792005\3100792005.npz,3100792005.npz,0,val
4208,data\raw\daisee\train\310079\3100792006\3100792006.npz,3100792006.npz,0,val
4209,data\raw\daisee\train\310079\3100792007\3100792007.npz,3100792007.npz,0,train
4210,data\raw\daisee\train\310079\3100792008\3100792008.npz,3100792008.npz,0,train
4211,data\raw\daisee\train\310079\3100792009\3100792009.npz,3100792009.npz,0,train
4212,data\raw\daisee\train\310079\3100792010\3100792010.npz,3100792010.npz,0,train
4213,data\raw\daisee\train\310079\3100792011\3100792011.npz,3100792011.npz,0,train
4214,data\raw\daisee\train\310079\3100792013\3100792013.npz,3100792013.npz,0,train
4215,data\raw\daisee\train\310079\3100792014\3100792014.npz,3100792014.npz,0,train
4216,data\raw\daisee\train\310079\3100792015\3100792015.npz,3100792015.npz,0,test
4217,data\raw\daisee\train\310079\3100792016\3100792016.npz,3100792016.npz,0,train
4218,data\raw\daisee\train\310079\3100792019\3100792019.npz,3100792019.npz,0,train
4219,data\raw\daisee\train\310079\3100792020\3100792020.npz,3100792020.npz,0,train
4220,data\raw\daisee\train\310079\3100792021\3100792021.npz,3100792021.npz,0,train
4221,data\raw\daisee\train\310079\3100792022\3100792022.npz,3100792022.npz,0,train
4222,data\raw\daisee\train\310079\3100792023\3100792023.npz,3100792023.npz,0,train
4223,data\raw\daisee\train\310079\3100792024\3100792024.npz,3100792024.npz,0,train
4224,data\raw\daisee\train\310079\3100792025\3100792025.npz,3100792025.npz,0,train
4225,data\raw\daisee\train\310079\3100792027\3100792027.npz,3100792027.npz,0,train
4226,data\raw\daisee\train\310079\3100792028\3100792028.npz,3100792028.npz,0,test
4227,data\raw\daisee\train\310079\3100792030\3100792030.npz,3100792030.npz,1,train
4228,data\raw\daisee\train\310079\3100792031\3100792031.npz,3100792031.npz,0,val
4229,data\raw\daisee\train\310079\3100792032\3100792032.npz,3100792032.npz,0,train
4230,data\raw\daisee\train\310079\3100792033\3100792033.npz,3100792033.npz,0,test
4231,data\raw\daisee\train\310079\3100792035\3100792035.npz,3100792035.npz,0,train
4232,data\raw\daisee\train\310079\3100792036\3100792036.npz,3100792036.npz,1,train
4233,data\raw\daisee\train\310079\3100792037\3100792037.npz,3100792037.npz,0,val
4234,data\raw\daisee\train\310079\3100792038\3100792038.npz,3100792038.npz,1,train
4235,data\raw\daisee\train\310079\3100792039\3100792039.npz,3100792039.npz,0,test
4236,data\raw\daisee\train\310079\3100792040\3100792040.npz,3100792040.npz,1,val
4237,data\raw\daisee\train\310079\3100792041\3100792041.npz,3100792041.npz,0,train
4238,data\raw\daisee\train\310079\3100792042\3100792042.npz,3100792042.npz,0,train
4239,data\raw\daisee\train\310079\3100792043\3100792043.npz,3100792043.npz,0,train
4240,data\raw\daisee\train\310079\3100792044\3100792044.npz,3100792044.npz,0,train
4241,data\raw\daisee\train\310079\3100792045\3100792045.npz,3100792045.npz,1,test
4242,data\raw\daisee\train\310079\3100792046\3100792046.npz,3100792046.npz,0,train
4243,data\raw\daisee\train\310079\3100792048\3100792048.npz,3100792048.npz,0,val
4244,data\raw\daisee\train\310079\3100792050\3100792050.npz,3100792050.npz,0,test
4245,data\raw\daisee\train\310079\3100792051\3100792051.npz,3100792051.npz,0,train
4246,data\raw\daisee\train\310079\3100792052\3100792052.npz,3100792052.npz,1,val
4247,data\raw\daisee\train\310079\3100792053\3100792053.npz,3100792053.npz,0,train
4248,data\raw\daisee\train\310079\3100792057\3100792057.npz,3100792057.npz,1,train
4249,data\raw\daisee\train\310079\3100792058\3100792058.npz,3100792058.npz,0,train
4250,data\raw\daisee\train\310079\3100792060\3100792060.npz,3100792060.npz,0,train
4251,data\raw\daisee\train\310079\3100792069\3100792069.npz,3100792069.npz,0,train
4252,data\raw\daisee\train\310080\3100801006\3100801006.npz,3100801006.npz,1,train
4253,data\raw\daisee\train\310080\3100802001\3100802001.npz,3100802001.npz,0,train
4254,data\raw\daisee\train\310080\3100802028\3100802028.npz,3100802028.npz,0,val
4255,data\raw\daisee\train\310081\3100811002\3100811002.npz,3100811002.npz,0,test
4256,data\raw\daisee\train\310081\3100811018\3100811018.npz,3100811018.npz,1,train
4257,data\raw\daisee\train\310081\3100811027\3100811027.npz,3100811027.npz,0,val
4258,data\raw\daisee\train\310081\3100811034\3100811034.npz,3100811034.npz,0,test
4259,data\raw\daisee\train\310081\3100811035\3100811035.npz,3100811035.npz,1,train
4260,data\raw\daisee\train\310081\3100811036\3100811036.npz,3100811036.npz,0,train
4261,data\raw\daisee\train\310081\3100811037\3100811037.npz,3100811037.npz,1,test
4262,data\raw\daisee\train\310081\3100811038\3100811038.npz,3100811038.npz,1,train
4263,data\raw\daisee\train\310081\3100811039\3100811039.npz,3100811039.npz,1,val
4264,data\raw\daisee\train\310081\3100811040\3100811040.npz,3100811040.npz,0,train
4265,data\raw\daisee\train\310081\3100811041\3100811041.npz,3100811041.npz,0,train
4266,data\raw\daisee\train\310081\3100811042\3100811042.npz,3100811042.npz,1,train
4267,data\raw\daisee\train\310081\3100811043\3100811043.npz,3100811043.npz,0,val
4268,data\raw\daisee\train\310081\3100811045\3100811045.npz,3100811045.npz,0,train
4269,data\raw\daisee\train\310081\3100811046\3100811046.npz,3100811046.npz,0,train
4270,data\raw\daisee\train\310081\3100811047\3100811047.npz,3100811047.npz,1,train
4271,data\raw\daisee\train\310081\3100811050\3100811050.npz,3100811050.npz,0,train
4272,data\raw\daisee\train\310081\3100811051\3100811051.npz,3100811051.npz,0,test
4273,data\raw\daisee\train\310081\3100811053\3100811053.npz,3100811053.npz,1,train
4274,data\raw\daisee\train\310081\3100811054\3100811054.npz,3100811054.npz,0,train
4275,data\raw\daisee\train\310081\3100811055\3100811055.npz,3100811055.npz,1,train
4276,data\raw\daisee\train\310081\3100811056\3100811056.npz,3100811056.npz,0,train
4277,data\raw\daisee\train\310081\3100811059\3100811059.npz,3100811059.npz,0,test
4278,data\raw\daisee\train\310081\3100811060\3100811060.npz,3100811060.npz,0,train
4279,data\raw\daisee\train\310081\3100811061\3100811061.npz,3100811061.npz,1,val
4280,data\raw\daisee\train\310081\3100811063\3100811063.npz,3100811063.npz,0,val
4281,data\raw\daisee\train\310081\3100811068\3100811068.npz,3100811068.npz,0,train
4282,data\raw\daisee\train\310081\3100811075\3100811075.npz,3100811075.npz,0,train
4283,data\raw\daisee\train\310081\3100812003\3100812003.npz,3100812003.npz,0,train
4284,data\raw\daisee\train\310081\3100812004\3100812004.npz,3100812004.npz,0,train
4285,data\raw\daisee\train\310081\3100812005\3100812005.npz,3100812005.npz,0,train
4286,data\raw\daisee\train\310081\3100812006\3100812006.npz,3100812006.npz,1,train
4287,data\raw\daisee\train\310081\3100812007\3100812007.npz,3100812007.npz,0,test
4288,data\raw\daisee\train\310081\3100812008\3100812008.npz,3100812008.npz,0,train
4289,data\raw\daisee\train\310081\3100812013\3100812013.npz,3100812013.npz,0,train
4290,data\raw\daisee\train\310081\3100812014\3100812014.npz,3100812014.npz,0,val
4291,data\raw\daisee\train\310081\3100812016\3100812016.npz,3100812016.npz,0,train
4292,data\raw\daisee\train\310081\3100812017\3100812017.npz,3100812017.npz,0,train
4293,data\raw\daisee\train\310081\3100812018\3100812018.npz,3100812018.npz,0,test
4294,data\raw\daisee\train\310081\3100812019\3100812019.npz,3100812019.npz,0,train
4295,data\raw\daisee\train\310081\3100812020\3100812020.npz,3100812020.npz,0,train
4296,data\raw\daisee\train\310081\3100812021\3100812021.npz,3100812021.npz,0,test
4297,data\raw\daisee\train\310081\3100812026\3100812026.npz,3100812026.npz,1,test
4298,data\raw\daisee\train\310081\3100812027\3100812027.npz,3100812027.npz,1,test
4299,data\raw\daisee\train\310081\3100812028\3100812028.npz,3100812028.npz,1,train
4300,data\raw\daisee\train\310081\3100812040\3100812040.npz,3100812040.npz,1,train
4301,data\raw\daisee\train\310082\3100821004\3100821004.npz,3100821004.npz,0,val
4302,data\raw\daisee\train\310082\3100821015\3100821015.npz,3100821015.npz,0,train
4303,data\raw\daisee\train\310082\3100821016\3100821016.npz,3100821016.npz,0,train
4304,data\raw\daisee\train\310082\3100821019\3100821019.npz,3100821019.npz,0,train
4305,data\raw\daisee\train\310082\3100821020\3100821020.npz,3100821020.npz,0,train
4306,data\raw\daisee\train\310082\3100821021\3100821021.npz,3100821021.npz,0,train
4307,data\raw\daisee\train\310082\3100821022\3100821022.npz,3100821022.npz,1,train
4308,data\raw\daisee\train\310082\3100821030\3100821030.npz,3100821030.npz,0,train
4309,data\raw\daisee\train\310082\3100821031\3100821031.npz,3100821031.npz,0,test
4310,data\raw\daisee\train\310082\3100821032\3100821032.npz,3100821032.npz,1,train
4311,data\raw\daisee\train\310082\3100821034\3100821034.npz,3100821034.npz,0,train
4312,data\raw\daisee\train\310082\3100821035\3100821035.npz,3100821035.npz,0,val
4313,data\raw\daisee\train\310082\3100821036\3100821036.npz,3100821036.npz,0,test
4314,data\raw\daisee\train\310082\3100821037\3100821037.npz,3100821037.npz,0,val
4315,data\raw\daisee\train\310082\3100821039\3100821039.npz,3100821039.npz,0,train
4316,data\raw\daisee\train\310082\3100821040\3100821040.npz,3100821040.npz,0,val
4317,data\raw\daisee\train\310082\3100821041\3100821041.npz,3100821041.npz,1,test
4318,data\raw\daisee\train\310082\3100821042\3100821042.npz,3100821042.npz,0,val
4319,data\raw\daisee\train\310082\3100821045\3100821045.npz,3100821045.npz,1,train
4320,data\raw\daisee\train\310082\3100821046\3100821046.npz,3100821046.npz,0,train
4321,data\raw\daisee\train\310082\3100821047\3100821047.npz,3100821047.npz,0,train
4322,data\raw\daisee\train\310082\3100821049\3100821049.npz,3100821049.npz,0,train
4323,data\raw\daisee\train\310082\3100821051\3100821051.npz,3100821051.npz,1,train
4324,data\raw\daisee\train\310082\3100821054\3100821054.npz,3100821054.npz,0,train
4325,data\raw\daisee\train\310082\3100821055\3100821055.npz,3100821055.npz,0,train
4326,data\raw\daisee\train\310082\3100821057\3100821057.npz,3100821057.npz,1,train
4327,data\raw\daisee\train\310082\3100821067\3100821067.npz,3100821067.npz,0,train
4328,data\raw\daisee\train\310082\3100821068\3100821068.npz,3100821068.npz,0,train
4329,data\raw\daisee\train\310082\3100821075\3100821075.npz,3100821075.npz,1,val
4330,data\raw\daisee\train\310082\3100822001\3100822001.npz,3100822001.npz,0,train
4331,data\raw\daisee\train\310082\3100822011\3100822011.npz,3100822011.npz,1,train
4332,data\raw\daisee\train\310082\3100822012\3100822012.npz,3100822012.npz,1,train
4333,data\raw\daisee\train\310082\3100822014\3100822014.npz,3100822014.npz,1,train
4334,data\raw\daisee\train\310082\3100822030\3100822030.npz,3100822030.npz,0,train
4335,data\raw\daisee\train\310082\3100822031\3100822031.npz,3100822031.npz,1,train
4336,data\raw\daisee\train\310082\3100822044\3100822044.npz,3100822044.npz,0,train
4337,data\raw\daisee\train\310082\3100822050\3100822050.npz,3100822050.npz,0,train
4338,data\raw\daisee\train\310082\3100822051\3100822051.npz,3100822051.npz,0,train
4339,data\raw\daisee\train\310082\3100822057\3100822057.npz,3100822057.npz,0,train
4340,data\raw\daisee\train\310082\3100822058\3100822058.npz,3100822058.npz,0,train
4341,data\raw\daisee\train\310082\3100822059\3100822059.npz,3100822059.npz,1,train
4342,data\raw\daisee\train\310082\3100822064\3100822064.npz,3100822064.npz,0,train
4343,data\raw\daisee\train\310082\3100822065\3100822065.npz,3100822065.npz,1,train
4344,data\raw\daisee\train\310082\3100822066\3100822066.npz,3100822066.npz,1,test
4345,data\raw\daisee\train\310082\3100822067\3100822067.npz,3100822067.npz,1,train
4346,data\raw\daisee\train\310082\3100822068\3100822068.npz,3100822068.npz,1,test
4347,data\raw\daisee\train\310082\3100822069\3100822069.npz,3100822069.npz,0,train
4348,data\raw\daisee\train\310082\3100822070\3100822070.npz,3100822070.npz,0,train
4349,data\raw\daisee\train\310082\3100822075\3100822075.npz,3100822075.npz,0,train
4350,data\raw\daisee\train\310082\3100822080\3100822080.npz,3100822080.npz,0,test
4351,data\raw\daisee\train\310083\3100831003\3100831003.npz,3100831003.npz,0,train
4352,data\raw\daisee\train\310083\3100831004\3100831004.npz,3100831004.npz,0,train
4353,data\raw\daisee\train\310083\3100831006\3100831006.npz,3100831006.npz,1,test
4354,data\raw\daisee\train\310083\3100831007\3100831007.npz,3100831007.npz,0,train
4355,data\raw\daisee\train\310083\3100831008\3100831008.npz,3100831008.npz,0,train
4356,data\raw\daisee\train\310083\3100831010\3100831010.npz,3100831010.npz,0,train
4357,data\raw\daisee\train\310083\3100831011\3100831011.npz,3100831011.npz,0,train
4358,data\raw\daisee\train\310083\3100831013\3100831013.npz,3100831013.npz,0,val
4359,data\raw\daisee\train\310083\3100831014\3100831014.npz,3100831014.npz,0,test
4360,data\raw\daisee\train\310083\3100831015\3100831015.npz,3100831015.npz,1,train
4361,data\raw\daisee\train\310083\3100831016\3100831016.npz,3100831016.npz,0,train
4362,data\raw\daisee\train\310083\3100831018\3100831018.npz,3100831018.npz,1,train
4363,data\raw\daisee\train\310083\3100831019\3100831019.npz,3100831019.npz,1,train
4364,data\raw\daisee\train\310083\3100831020\3100831020.npz,3100831020.npz,0,train
4365,data\raw\daisee\train\310083\3100831022\3100831022.npz,3100831022.npz,0,val
4366,data\raw\daisee\train\310083\3100831024\3100831024.npz,3100831024.npz,0,train
4367,data\raw\daisee\train\310083\3100831026\3100831026.npz,3100831026.npz,0,train
4368,data\raw\daisee\train\310083\3100831027\3100831027.npz,3100831027.npz,0,train
4369,data\raw\daisee\train\310083\3100831028\3100831028.npz,3100831028.npz,0,val
4370,data\raw\daisee\train\310083\3100831029\3100831029.npz,3100831029.npz,0,train
4371,data\raw\daisee\train\310083\3100831032\3100831032.npz,3100831032.npz,0,train
4372,data\raw\daisee\train\310083\3100831033\3100831033.npz,3100831033.npz,1,test
4373,data\raw\daisee\train\310083\3100831035\3100831035.npz,3100831035.npz,0,train
4374,data\raw\daisee\train\310083\3100831036\3100831036.npz,3100831036.npz,0,train
4375,data\raw\daisee\train\310083\3100831037\3100831037.npz,3100831037.npz,1,train
4376,data\raw\daisee\train\310083\3100831044\3100831044.npz,3100831044.npz,1,train
4377,data\raw\daisee\train\310083\3100831045\3100831045.npz,3100831045.npz,0,train
4378,data\raw\daisee\train\310083\3100831046\3100831046.npz,3100831046.npz,0,train
4379,data\raw\daisee\train\310083\3100831047\3100831047.npz,3100831047.npz,0,val
4380,data\raw\daisee\train\334463\3344630110\3344630110.npz,3344630110.npz,0,train
4381,data\raw\daisee\train\334463\33446301100\33446301100.npz,33446301100.npz,0,val
4382,data\raw\daisee\train\334463\33446301101\33446301101.npz,33446301101.npz,0,train
4383,data\raw\daisee\train\334463\33446301103\33446301103.npz,33446301103.npz,1,train
4384,data\raw\daisee\train\334463\33446301104\33446301104.npz,33446301104.npz,0,train
4385,data\raw\daisee\train\334463\33446301107\33446301107.npz,33446301107.npz,0,train
4386,data\raw\daisee\train\334463\3344630112\3344630112.npz,3344630112.npz,0,train
4387,data\raw\daisee\train\334463\3344630113\3344630113.npz,3344630113.npz,0,test
4388,data\raw\daisee\train\334463\3344630115\3344630115.npz,3344630115.npz,0,train
4389,data\raw\daisee\train\334463\3344630116\3344630116.npz,3344630116.npz,0,val
4390,data\raw\daisee\train\334463\3344630117\3344630117.npz,3344630117.npz,0,train
4391,data\raw\daisee\train\334463\3344630119\3344630119.npz,3344630119.npz,1,val
4392,data\raw\daisee\train\334463\334463012\334463012.npz,334463012.npz,0,train
4393,data\raw\daisee\train\334463\3344630120\3344630120.npz,3344630120.npz,0,val
4394,data\raw\daisee\train\334463\3344630121\3344630121.npz,3344630121.npz,1,test
4395,data\raw\daisee\train\334463\3344630127\3344630127.npz,3344630127.npz,1,train
4396,data\raw\daisee\train\334463\3344630130\3344630130.npz,3344630130.npz,0,train
4397,data\raw\daisee\train\334463\3344630131\3344630131.npz,3344630131.npz,1,train
4398,data\raw\daisee\train\334463\3344630132\3344630132.npz,3344630132.npz,0,train
4399,data\raw\daisee\train\334463\3344630133\3344630133.npz,3344630133.npz,0,train
4400,data\raw\daisee\train\334463\3344630136\3344630136.npz,3344630136.npz,0,train
4401,data\raw\daisee\train\334463\3344630139\3344630139.npz,3344630139.npz,0,train
4402,data\raw\daisee\train\334463\334463014\334463014.npz,334463014.npz,0,test
4403,data\raw\daisee\train\334463\3344630140\3344630140.npz,3344630140.npz,0,train
4404,data\raw\daisee\train\334463\3344630141\3344630141.npz,3344630141.npz,0,train
4405,data\raw\daisee\train\334463\3344630142\3344630142.npz,3344630142.npz,0,val
4406,data\raw\daisee\train\334463\3344630143\3344630143.npz,3344630143.npz,0,train
4407,data\raw\daisee\train\334463\3344630146\3344630146.npz,3344630146.npz,0,train
4408,data\raw\daisee\train\334463\3344630147\3344630147.npz,3344630147.npz,0,train
4409,data\raw\daisee\train\334463\3344630148\3344630148.npz,3344630148.npz,0,train
4410,data\raw\daisee\train\334463\3344630149\3344630149.npz,3344630149.npz,0,val
4411,data\raw\daisee\train\334463\3344630150\3344630150.npz,3344630150.npz,0,test
4412,data\raw\daisee\train\334463\3344630151\3344630151.npz,3344630151.npz,1,train
4413,data\raw\daisee\train\334463\3344630153\3344630153.npz,3344630153.npz,0,train
4414,data\raw\daisee\train\334463\3344630156\3344630156.npz,3344630156.npz,1,train
4415,data\raw\daisee\train\334463\3344630161\3344630161.npz,3344630161.npz,0,train
4416,data\raw\daisee\train\334463\3344630162\3344630162.npz,3344630162.npz,1,test
4417,data\raw\daisee\train\334463\3344630163\3344630163.npz,3344630163.npz,0,val
4418,data\raw\daisee\train\334463\3344630164\3344630164.npz,3344630164.npz,0,train
4419,data\raw\daisee\train\334463\3344630166\3344630166.npz,3344630166.npz,0,train
4420,data\raw\daisee\train\334463\3344630170\3344630170.npz,3344630170.npz,1,val
4421,data\raw\daisee\train\334463\3344630171\3344630171.npz,3344630171.npz,0,val
4422,data\raw\daisee\train\334463\3344630172\3344630172.npz,3344630172.npz,0,train
4423,data\raw\daisee\train\334463\3344630173\3344630173.npz,3344630173.npz,0,train
4424,data\raw\daisee\train\334463\3344630176\3344630176.npz,3344630176.npz,1,test
4425,data\raw\daisee\train\334463\3344630179\3344630179.npz,3344630179.npz,0,train
4426,data\raw\daisee\train\334463\3344630180\3344630180.npz,3344630180.npz,0,train
4427,data\raw\daisee\train\334463\3344630181\3344630181.npz,3344630181.npz,0,train
4428,data\raw\daisee\train\334463\3344630182\3344630182.npz,3344630182.npz,0,train
4429,data\raw\daisee\train\334463\3344630184\3344630184.npz,3344630184.npz,0,test
4430,data\raw\daisee\train\334463\3344630185\3344630185.npz,3344630185.npz,0,test
4431,data\raw\daisee\train\334463\3344630186\3344630186.npz,3344630186.npz,1,train
4432,data\raw\daisee\train\334463\3344630188\3344630188.npz,3344630188.npz,0,train
4433,data\raw\daisee\train\334463\3344630189\3344630189.npz,3344630189.npz,0,train
4434,data\raw\daisee\train\334463\334463019\334463019.npz,334463019.npz,1,train
4435,data\raw\daisee\train\334463\3344630190\3344630190.npz,3344630190.npz,0,train
4436,data\raw\daisee\train\334463\3344630196\3344630196.npz,3344630196.npz,0,val
4437,data\raw\daisee\train\334463\3344630197\3344630197.npz,3344630197.npz,0,test
4438,data\raw\daisee\train\334463\3344630198\3344630198.npz,3344630198.npz,0,train
4439,data\raw\daisee\train\334463\3344630199\3344630199.npz,3344630199.npz,0,test
4440,data\raw\daisee\train\334463\334463021\334463021.npz,334463021.npz,0,train
4441,data\raw\daisee\train\334463\3344630210\3344630210.npz,3344630210.npz,0,val
4442,data\raw\daisee\train\334463\3344630211\3344630211.npz,3344630211.npz,1,train
4443,data\raw\daisee\train\334463\3344630213\3344630213.npz,3344630213.npz,0,train
4444,data\raw\daisee\train\334463\3344630215\3344630215.npz,3344630215.npz,0,train
4445,data\raw\daisee\train\334463\3344630216\3344630216.npz,3344630216.npz,0,test
4446,data\raw\daisee\train\334463\3344630219\3344630219.npz,3344630219.npz,0,val
4447,data\raw\daisee\train\334463\334463022\334463022.npz,334463022.npz,0,test
4448,data\raw\daisee\train\334463\3344630220\3344630220.npz,3344630220.npz,0,val
4449,data\raw\daisee\train\334463\3344630221\3344630221.npz,3344630221.npz,0,train
4450,data\raw\daisee\train\334463\3344630224\3344630224.npz,3344630224.npz,0,train
4451,data\raw\daisee\train\334463\3344630225\3344630225.npz,3344630225.npz,0,train
4452,data\raw\daisee\train\334463\3344630226\3344630226.npz,3344630226.npz,0,val
4453,data\raw\daisee\train\334463\3344630231\3344630231.npz,3344630231.npz,1,train
4454,data\raw\daisee\train\334463\3344630232\3344630232.npz,3344630232.npz,0,train
4455,data\raw\daisee\train\334463\3344630233\3344630233.npz,3344630233.npz,0,train
4456,data\raw\daisee\train\334463\3344630236\3344630236.npz,3344630236.npz,0,train
4457,data\raw\daisee\train\334463\3344630238\3344630238.npz,3344630238.npz,1,train
4458,data\raw\daisee\train\334463\3344630240\3344630240.npz,3344630240.npz,0,val
4459,data\raw\daisee\train\334463\3344630241\3344630241.npz,3344630241.npz,1,val
4460,data\raw\daisee\train\334463\3344630242\3344630242.npz,3344630242.npz,0,train
4461,data\raw\daisee\train\334463\3344630243\3344630243.npz,3344630243.npz,0,train
4462,data\raw\daisee\train\334463\3344630245\3344630245.npz,3344630245.npz,1,test
4463,data\raw\daisee\train\334463\3344630247\3344630247.npz,3344630247.npz,0,train
4464,data\raw\daisee\train\334463\3344630248\3344630248.npz,3344630248.npz,0,test
4465,data\raw\daisee\train\334463\334463025\334463025.npz,334463025.npz,1,train
4466,data\raw\daisee\train\334463\3344630251\3344630251.npz,3344630251.npz,0,train
4467,data\raw\daisee\train\334463\3344630252\3344630252.npz,3344630252.npz,0,train
4468,data\raw\daisee\train\334463\3344630255\3344630255.npz,3344630255.npz,1,train
4469,data\raw\daisee\train\334463\3344630257\3344630257.npz,3344630257.npz,0,test
4470,data\raw\daisee\train\334463\334463026\334463026.npz,334463026.npz,0,train
4471,data\raw\daisee\train\334463\3344630260\3344630260.npz,3344630260.npz,1,val
4472,data\raw\daisee\train\334463\3344630262\3344630262.npz,3344630262.npz,0,train
4473,data\raw\daisee\train\334463\3344630264\3344630264.npz,3344630264.npz,1,train
4474,data\raw\daisee\train\334463\3344630265\3344630265.npz,3344630265.npz,0,train
4475,data\raw\daisee\train\334463\3344630266\3344630266.npz,3344630266.npz,0,train
4476,data\raw\daisee\train\334463\3344630267\3344630267.npz,3344630267.npz,1,train
4477,data\raw\daisee\train\334463\334463027\334463027.npz,334463027.npz,1,train
4478,data\raw\daisee\train\334463\3344630270\3344630270.npz,3344630270.npz,0,train
4479,data\raw\daisee\train\334463\3344630271\3344630271.npz,3344630271.npz,0,train
4480,data\raw\daisee\train\334463\3344630273\3344630273.npz,3344630273.npz,1,train
4481,data\raw\daisee\train\334463\3344630276\3344630276.npz,3344630276.npz,1,train
4482,data\raw\daisee\train\334463\3344630278\3344630278.npz,3344630278.npz,0,train
4483,data\raw\daisee\train\334463\334463028\334463028.npz,334463028.npz,0,train
4484,data\raw\daisee\train\334463\3344630280\3344630280.npz,3344630280.npz,1,val
4485,data\raw\daisee\train\334463\3344630281\3344630281.npz,3344630281.npz,0,test
4486,data\raw\daisee\train\334463\3344630282\3344630282.npz,3344630282.npz,1,train
4487,data\raw\daisee\train\334463\334463029\334463029.npz,334463029.npz,0,train
4488,data\raw\daisee\train\337021\33702101100\33702101100.npz,33702101100.npz,0,train
4489,data\raw\daisee\train\337021\33702101110\33702101110.npz,33702101110.npz,0,test
4490,data\raw\daisee\train\337021\33702101130\33702101130.npz,33702101130.npz,0,train
4491,data\raw\daisee\train\337021\33702101140\33702101140.npz,33702101140.npz,0,train
4492,data\raw\daisee\train\337021\33702101150\33702101150.npz,33702101150.npz,1,train
4493,data\raw\daisee\train\337021\33702101180\33702101180.npz,33702101180.npz,0,train
4494,data\raw\daisee\train\337021\33702101200\33702101200.npz,33702101200.npz,0,train
4495,data\raw\daisee\train\337021\33702101210\33702101210.npz,33702101210.npz,0,train
4496,data\raw\daisee\train\337021\33702101250\33702101250.npz,33702101250.npz,0,test
4497,data\raw\daisee\train\337021\33702101260\33702101260.npz,33702101260.npz,0,val
4498,data\raw\daisee\train\337021\33702101270\33702101270.npz,33702101270.npz,0,train
4499,data\raw\daisee\train\337021\33702101280\33702101280.npz,33702101280.npz,0,test
4500,data\raw\daisee\train\337021\33702101290\33702101290.npz,33702101290.npz,0,train
4501,data\raw\daisee\train\337021\33702101300\33702101300.npz,33702101300.npz,0,train
4502,data\raw\daisee\train\337021\33702101340\33702101340.npz,33702101340.npz,0,train
4503,data\raw\daisee\train\337021\33702101350\33702101350.npz,33702101350.npz,0,train
4504,data\raw\daisee\train\337021\33702101360\33702101360.npz,33702101360.npz,0,train
4505,data\raw\daisee\train\337021\33702101370\33702101370.npz,33702101370.npz,0,test
4506,data\raw\daisee\train\337021\33702101410\33702101410.npz,33702101410.npz,0,train
4507,data\raw\daisee\train\337021\33702101430\33702101430.npz,33702101430.npz,0,train
4508,data\raw\daisee\train\337021\33702101450\33702101450.npz,33702101450.npz,0,test
4509,data\raw\daisee\train\337021\33702101460\33702101460.npz,33702101460.npz,0,test
4510,data\raw\daisee\train\337021\33702101470\33702101470.npz,33702101470.npz,0,train
4511,data\raw\daisee\train\337021\33702101480\33702101480.npz,33702101480.npz,0,test
4512,data\raw\daisee\train\337021\33702101490\33702101490.npz,33702101490.npz,0,train
4513,data\raw\daisee\train\337021\3370210150\3370210150.npz,3370210150.npz,0,train
4514,data\raw\daisee\train\337021\33702101500\33702101500.npz,33702101500.npz,0,train
4515,data\raw\daisee\train\337021\33702101530\33702101530.npz,33702101530.npz,0,test
4516,data\raw\daisee\train\337021\33702101540\33702101540.npz,33702101540.npz,0,test
4517,data\raw\daisee\train\337021\33702101550\33702101550.npz,33702101550.npz,0,test
4518,data\raw\daisee\train\337021\33702101580\33702101580.npz,33702101580.npz,0,train
4519,data\raw\daisee\train\337021\33702101590\33702101590.npz,33702101590.npz,0,train
4520,data\raw\daisee\train\337021\33702101600\33702101600.npz,33702101600.npz,0,train
4521,data\raw\daisee\train\337021\33702101620\33702101620.npz,33702101620.npz,0,train
4522,data\raw\daisee\train\337021\33702101630\33702101630.npz,33702101630.npz,0,train
4523,data\raw\daisee\train\337021\33702101640\33702101640.npz,33702101640.npz,0,train
4524,data\raw\daisee\train\337021\33702101650\33702101650.npz,33702101650.npz,0,train
4525,data\raw\daisee\train\337021\33702101660\33702101660.npz,33702101660.npz,0,train
4526,data\raw\daisee\train\337021\33702101700\33702101700.npz,33702101700.npz,0,train
4527,data\raw\daisee\train\337021\33702101710\33702101710.npz,33702101710.npz,0,train
4528,data\raw\daisee\train\337021\33702101730\33702101730.npz,33702101730.npz,0,train
4529,data\raw\daisee\train\337021\33702101740\33702101740.npz,33702101740.npz,0,test
4530,data\raw\daisee\train\337021\33702101750\33702101750.npz,33702101750.npz,0,train
4531,data\raw\daisee\train\337021\33702101760\33702101760.npz,33702101760.npz,0,train
4532,data\raw\daisee\train\337021\3370210180\3370210180.npz,3370210180.npz,0,train
4533,data\raw\daisee\train\337021\33702102100\33702102100.npz,33702102100.npz,0,train
4534,data\raw\daisee\train\337021\33702102110\33702102110.npz,33702102110.npz,0,test
4535,data\raw\daisee\train\337021\33702102130\33702102130.npz,33702102130.npz,0,test
4536,data\raw\daisee\train\337021\33702102140\33702102140.npz,33702102140.npz,0,train
4537,data\raw\daisee\train\337021\33702102160\33702102160.npz,33702102160.npz,0,train
4538,data\raw\daisee\train\337021\33702102170\33702102170.npz,33702102170.npz,1,train
4539,data\raw\daisee\train\337021\33702102180\33702102180.npz,33702102180.npz,0,test
4540,data\raw\daisee\train\337021\33702102190\33702102190.npz,33702102190.npz,0,train
4541,data\raw\daisee\train\337021\33702102200\33702102200.npz,33702102200.npz,0,train
4542,data\raw\daisee\train\337021\33702102220\33702102220.npz,33702102220.npz,0,train
4543,data\raw\daisee\train\337021\33702102230\33702102230.npz,33702102230.npz,0,train
4544,data\raw\daisee\train\337021\33702102240\33702102240.npz,33702102240.npz,0,train
4545,data\raw\daisee\train\337021\33702102250\33702102250.npz,33702102250.npz,0,train
4546,data\raw\daisee\train\337021\33702102280\33702102280.npz,33702102280.npz,0,train
4547,data\raw\daisee\train\337021\3370210230\3370210230.npz,3370210230.npz,0,test
4548,data\raw\daisee\train\337021\33702102300\33702102300.npz,33702102300.npz,0,train
4549,data\raw\daisee\train\337021\33702102310\33702102310.npz,33702102310.npz,0,train
4550,data\raw\daisee\train\337021\33702102330\33702102330.npz,33702102330.npz,0,train
4551,data\raw\daisee\train\337021\33702102350\33702102350.npz,33702102350.npz,0,test
4552,data\raw\daisee\train\337021\33702102390\33702102390.npz,33702102390.npz,0,train
4553,data\raw\daisee\train\337021\3370210240\3370210240.npz,3370210240.npz,0,train
4554,data\raw\daisee\train\337021\33702102400\33702102400.npz,33702102400.npz,0,train
4555,data\raw\daisee\train\337021\33702102420\33702102420.npz,33702102420.npz,0,train
4556,data\raw\daisee\train\337021\33702102430\33702102430.npz,33702102430.npz,0,train
4557,data\raw\daisee\train\337021\33702102470\33702102470.npz,33702102470.npz,0,train
4558,data\raw\daisee\train\337021\33702102500\33702102500.npz,33702102500.npz,0,train
4559,data\raw\daisee\train\337021\33702102530\33702102530.npz,33702102530.npz,0,train
4560,data\raw\daisee\train\337021\33702102540\33702102540.npz,33702102540.npz,0,test
4561,data\raw\daisee\train\337021\33702102550\33702102550.npz,33702102550.npz,0,train
4562,data\raw\daisee\train\337021\33702102570\33702102570.npz,33702102570.npz,0,train
4563,data\raw\daisee\train\337021\33702102580\33702102580.npz,33702102580.npz,0,test
4564,data\raw\daisee\train\337021\33702102590\33702102590.npz,33702102590.npz,0,train
4565,data\raw\daisee\train\337021\3370210260\3370210260.npz,3370210260.npz,0,train
4566,data\raw\daisee\train\337021\33702102600\33702102600.npz,33702102600.npz,0,test
4567,data\raw\daisee\train\337021\33702102640\33702102640.npz,33702102640.npz,0,train
4568,data\raw\daisee\train\337021\33702102670\33702102670.npz,33702102670.npz,0,val
4569,data\raw\daisee\train\337021\33702102690\33702102690.npz,33702102690.npz,0,test
4570,data\raw\daisee\train\337021\33702102710\33702102710.npz,33702102710.npz,0,train
4571,data\raw\daisee\train\337021\33702102740\33702102740.npz,33702102740.npz,0,val
4572,data\raw\daisee\train\337021\3370210280\3370210280.npz,3370210280.npz,0,train
4573,data\raw\daisee\train\337021\33702102820\33702102820.npz,33702102820.npz,1,train
4574,data\raw\daisee\train\337021\33702102840\33702102840.npz,33702102840.npz,0,test
4575,data\raw\daisee\train\337021\33702102850\33702102850.npz,33702102850.npz,0,test
4576,data\raw\daisee\train\337021\33702102870\33702102870.npz,33702102870.npz,0,train
4577,data\raw\daisee\train\337021\33702102880\33702102880.npz,33702102880.npz,0,train
4578,data\raw\daisee\train\342227\342227010\342227010.npz,342227010.npz,0,train
4579,data\raw\daisee\train\342227\342227011\342227011.npz,342227011.npz,0,test
4580,data\raw\daisee\train\342227\3422270111\3422270111.npz,3422270111.npz,1,train
4581,data\raw\daisee\train\342227\3422270112\3422270112.npz,3422270112.npz,0,train
4582,data\raw\daisee\train\342227\3422270115\3422270115.npz,3422270115.npz,0,val
4583,data\raw\daisee\train\342227\3422270116\3422270116.npz,3422270116.npz,0,train
4584,data\raw\daisee\train\342227\3422270117\3422270117.npz,3422270117.npz,0,test
4585,data\raw\daisee\train\342227\3422270118\3422270118.npz,3422270118.npz,0,train
4586,data\raw\daisee\train\342227\3422270121\3422270121.npz,3422270121.npz,0,test
4587,data\raw\daisee\train\342227\3422270122\3422270122.npz,3422270122.npz,0,train
4588,data\raw\daisee\train\342227\3422270123\3422270123.npz,3422270123.npz,0,test
4589,data\raw\daisee\train\342227\3422270126\3422270126.npz,3422270126.npz,0,val
4590,data\raw\daisee\train\342227\3422270127\3422270127.npz,3422270127.npz,0,train
4591,data\raw\daisee\train\342227\3422270128\3422270128.npz,3422270128.npz,0,train
4592,data\raw\daisee\train\342227\3422270129\3422270129.npz,3422270129.npz,1,train
4593,data\raw\daisee\train\342227\342227013\342227013.npz,342227013.npz,0,test
4594,data\raw\daisee\train\342227\3422270130\3422270130.npz,3422270130.npz,0,val
4595,data\raw\daisee\train\342227\3422270131\3422270131.npz,3422270131.npz,0,train
4596,data\raw\daisee\train\342227\3422270133\3422270133.npz,3422270133.npz,0,train
4597,data\raw\daisee\train\342227\3422270134\3422270134.npz,3422270134.npz,0,val
4598,data\raw\daisee\train\342227\3422270135\3422270135.npz,3422270135.npz,1,test
4599,data\raw\daisee\train\342227\3422270138\3422270138.npz,3422270138.npz,0,train
4600,data\raw\daisee\train\342227\3422270139\3422270139.npz,3422270139.npz,0,train
4601,data\raw\daisee\train\342227\3422270140\3422270140.npz,3422270140.npz,0,test
4602,data\raw\daisee\train\342227\3422270141\3422270141.npz,3422270141.npz,0,train
4603,data\raw\daisee\train\342227\3422270142\3422270142.npz,3422270142.npz,0,val
4604,data\raw\daisee\train\342227\3422270143\3422270143.npz,3422270143.npz,0,train
4605,data\raw\daisee\train\342227\3422270144\3422270144.npz,3422270144.npz,0,val
4606,data\raw\daisee\train\342227\3422270149\3422270149.npz,3422270149.npz,0,val
4607,data\raw\daisee\train\342227\3422270151\3422270151.npz,3422270151.npz,0,train
4608,data\raw\daisee\train\342227\3422270152\3422270152.npz,3422270152.npz,0,val
4609,data\raw\daisee\train\342227\3422270153\3422270153.npz,3422270153.npz,0,val
4610,data\raw\daisee\train\342227\3422270154\3422270154.npz,3422270154.npz,0,train
4611,data\raw\daisee\train\342227\3422270155\3422270155.npz,3422270155.npz,0,train
4612,data\raw\daisee\train\342227\3422270157\3422270157.npz,3422270157.npz,0,train
4613,data\raw\daisee\train\342227\3422270158\3422270158.npz,3422270158.npz,0,train
4614,data\raw\daisee\train\342227\3422270160\3422270160.npz,3422270160.npz,0,train
4615,data\raw\daisee\train\342227\3422270165\3422270165.npz,3422270165.npz,0,test
4616,data\raw\daisee\train\342227\3422270166\3422270166.npz,3422270166.npz,0,train
4617,data\raw\daisee\train\342227\3422270167\3422270167.npz,3422270167.npz,1,val
4618,data\raw\daisee\train\342227\3422270168\3422270168.npz,3422270168.npz,0,test
4619,data\raw\daisee\train\342227\3422270169\3422270169.npz,3422270169.npz,0,train
4620,data\raw\daisee\train\342227\3422270171\3422270171.npz,3422270171.npz,0,train
4621,data\raw\daisee\train\342227\3422270172\3422270172.npz,3422270172.npz,0,val
4622,data\raw\daisee\train\342227\342227020\342227020.npz,342227020.npz,0,val
4623,data\raw\daisee\train\342227\342227021\342227021.npz,342227021.npz,0,train
4624,data\raw\daisee\train\342227\3422270210\3422270210.npz,3422270210.npz,0,train
4625,data\raw\daisee\train\342227\3422270211\3422270211.npz,3422270211.npz,0,train
4626,data\raw\daisee\train\342227\3422270212\3422270212.npz,3422270212.npz,0,test
4627,data\raw\daisee\train\342227\3422270213\3422270213.npz,3422270213.npz,0,train
4628,data\raw\daisee\train\342227\3422270215\3422270215.npz,3422270215.npz,0,train
4629,data\raw\daisee\train\342227\3422270216\3422270216.npz,3422270216.npz,0,train
4630,data\raw\daisee\train\342227\3422270217\3422270217.npz,3422270217.npz,0,test
4631,data\raw\daisee\train\342227\3422270219\3422270219.npz,3422270219.npz,0,train
4632,data\raw\daisee\train\342227\3422270220\3422270220.npz,3422270220.npz,0,test
4633,data\raw\daisee\train\342227\3422270221\3422270221.npz,3422270221.npz,0,train
4634,data\raw\daisee\train\342227\3422270222\3422270222.npz,3422270222.npz,0,test
4635,data\raw\daisee\train\342227\3422270223\3422270223.npz,3422270223.npz,0,val
4636,data\raw\daisee\train\342227\3422270224\3422270224.npz,3422270224.npz,0,train
4637,data\raw\daisee\train\342227\3422270225\3422270225.npz,3422270225.npz,0,train
4638,data\raw\daisee\train\342227\3422270227\3422270227.npz,3422270227.npz,0,test
4639,data\raw\daisee\train\342227\342227023\342227023.npz,342227023.npz,0,val
4640,data\raw\daisee\train\342227\3422270230\3422270230.npz,3422270230.npz,0,train
4641,data\raw\daisee\train\342227\3422270238\3422270238.npz,3422270238.npz,0,train
4642,data\raw\daisee\train\342227\3422270239\3422270239.npz,3422270239.npz,0,test
4643,data\raw\daisee\train\342227\342227024\342227024.npz,342227024.npz,0,test
4644,data\raw\daisee\train\342227\3422270240\3422270240.npz,3422270240.npz,0,train
4645,data\raw\daisee\train\342227\3422270241\3422270241.npz,3422270241.npz,0,test
4646,data\raw\daisee\train\342227\3422270242\3422270242.npz,3422270242.npz,0,train
4647,data\raw\daisee\train\342227\3422270244\3422270244.npz,3422270244.npz,0,train
4648,data\raw\daisee\train\342227\3422270245\3422270245.npz,3422270245.npz,0,train
4649,data\raw\daisee\train\342227\3422270246\3422270246.npz,3422270246.npz,0,train
4650,data\raw\daisee\train\342227\3422270247\3422270247.npz,3422270247.npz,0,train
4651,data\raw\daisee\train\342227\3422270249\3422270249.npz,3422270249.npz,0,train
4652,data\raw\daisee\train\342227\342227025\342227025.npz,342227025.npz,0,test
4653,data\raw\daisee\train\342227\3422270250\3422270250.npz,3422270250.npz,0,train
4654,data\raw\daisee\train\342227\3422270251\3422270251.npz,3422270251.npz,0,train
4655,data\raw\daisee\train\342227\3422270252\3422270252.npz,3422270252.npz,0,train
4656,data\raw\daisee\train\342227\3422270253\3422270253.npz,3422270253.npz,0,test
4657,data\raw\daisee\train\342227\3422270254\3422270254.npz,3422270254.npz,0,train
4658,data\raw\daisee\train\342227\3422270255\3422270255.npz,3422270255.npz,0,train
4659,data\raw\daisee\train\342227\3422270256\3422270256.npz,3422270256.npz,0,train
4660,data\raw\daisee\train\342227\3422270257\3422270257.npz,3422270257.npz,0,train
4661,data\raw\daisee\train\342227\3422270261\3422270261.npz,3422270261.npz,0,train
4662,data\raw\daisee\train\342227\3422270262\3422270262.npz,3422270262.npz,0,train
4663,data\raw\daisee\train\342227\3422270263\3422270263.npz,3422270263.npz,0,val
4664,data\raw\daisee\train\342227\3422270264\3422270264.npz,3422270264.npz,0,train
4665,data\raw\daisee\train\342227\3422270267\3422270267.npz,3422270267.npz,0,val
4666,data\raw\daisee\train\342227\3422270268\3422270268.npz,3422270268.npz,0,train
4667,data\raw\daisee\train\342227\3422270269\3422270269.npz,3422270269.npz,0,train
4668,data\raw\daisee\train\342227\342227027\342227027.npz,342227027.npz,0,train
4669,data\raw\daisee\train\342227\3422270274\3422270274.npz,3422270274.npz,1,train
4670,data\raw\daisee\train\342227\3422270278\3422270278.npz,3422270278.npz,0,train
4671,data\raw\daisee\train\342227\3422270279\3422270279.npz,3422270279.npz,0,train
4672,data\raw\daisee\train\342227\3422270280\3422270280.npz,3422270280.npz,0,test
4673,data\raw\daisee\train\342227\3422270281\3422270281.npz,3422270281.npz,0,train
4674,data\raw\daisee\train\342227\342227029\342227029.npz,342227029.npz,0,train
4675,data\raw\daisee\train\350361\350361011\350361011.npz,350361011.npz,1,train
4676,data\raw\daisee\train\350361\3503610110\3503610110.npz,3503610110.npz,0,test
4677,data\raw\daisee\train\350361\3503610111\3503610111.npz,3503610111.npz,0,train
4678,data\raw\daisee\train\350361\3503610112\3503610112.npz,3503610112.npz,0,val
4679,data\raw\daisee\train\350361\3503610113\3503610113.npz,3503610113.npz,0,train
4680,data\raw\daisee\train\350361\3503610114\3503610114.npz,3503610114.npz,0,train
4681,data\raw\daisee\train\350361\3503610115\3503610115.npz,3503610115.npz,0,test
4682,data\raw\daisee\train\350361\3503610116\3503610116.npz,3503610116.npz,0,train
4683,data\raw\daisee\train\350361\3503610117\3503610117.npz,3503610117.npz,0,test
4684,data\raw\daisee\train\350361\3503610118\3503610118.npz,3503610118.npz,0,train
4685,data\raw\daisee\train\350361\3503610119\3503610119.npz,3503610119.npz,0,train
4686,data\raw\daisee\train\350361\350361012\350361012.npz,350361012.npz,0,train
4687,data\raw\daisee\train\350361\3503610120\3503610120.npz,3503610120.npz,0,train
4688,data\raw\daisee\train\350361\3503610121\3503610121.npz,3503610121.npz,0,train
4689,data\raw\daisee\train\350361\3503610122\3503610122.npz,3503610122.npz,0,val
4690,data\raw\daisee\train\350361\3503610123\3503610123.npz,3503610123.npz,0,train
4691,data\raw\daisee\train\350361\3503610124\3503610124.npz,3503610124.npz,0,val
4692,data\raw\daisee\train\350361\3503610125\3503610125.npz,3503610125.npz,0,train
4693,data\raw\daisee\train\350361\3503610126\3503610126.npz,3503610126.npz,0,train
4694,data\raw\daisee\train\350361\3503610127\3503610127.npz,3503610127.npz,0,train
4695,data\raw\daisee\train\350361\3503610128\3503610128.npz,3503610128.npz,0,train
4696,data\raw\daisee\train\350361\3503610129\3503610129.npz,3503610129.npz,0,train
4697,data\raw\daisee\train\350361\350361013\350361013.npz,350361013.npz,0,train
4698,data\raw\daisee\train\350361\3503610130\3503610130.npz,3503610130.npz,0,test
4699,data\raw\daisee\train\350361\3503610131\3503610131.npz,3503610131.npz,0,train
4700,data\raw\daisee\train\350361\3503610132\3503610132.npz,3503610132.npz,0,train
4701,data\raw\daisee\train\350361\3503610133\3503610133.npz,3503610133.npz,0,test
4702,data\raw\daisee\train\350361\3503610134\3503610134.npz,3503610134.npz,0,val
4703,data\raw\daisee\train\350361\3503610135\3503610135.npz,3503610135.npz,0,train
4704,data\raw\daisee\train\350361\3503610136\3503610136.npz,3503610136.npz,0,train
4705,data\raw\daisee\train\350361\3503610137\3503610137.npz,3503610137.npz,0,train
4706,data\raw\daisee\train\350361\3503610138\3503610138.npz,3503610138.npz,0,test
4707,data\raw\daisee\train\350361\3503610139\3503610139.npz,3503610139.npz,0,val
4708,data\raw\daisee\train\350361\350361014\350361014.npz,350361014.npz,0,train
4709,data\raw\daisee\train\350361\3503610140\3503610140.npz,3503610140.npz,0,train
4710,data\raw\daisee\train\350361\3503610141\3503610141.npz,3503610141.npz,0,train
4711,data\raw\daisee\train\350361\3503610142\3503610142.npz,3503610142.npz,0,train
4712,data\raw\daisee\train\350361\3503610143\3503610143.npz,3503610143.npz,0,train
4713,data\raw\daisee\train\350361\3503610144\3503610144.npz,3503610144.npz,0,train
4714,data\raw\daisee\train\350361\3503610145\3503610145.npz,3503610145.npz,0,train
4715,data\raw\daisee\train\350361\3503610146\3503610146.npz,3503610146.npz,0,train
4716,data\raw\daisee\train\350361\3503610147\3503610147.npz,3503610147.npz,0,train
4717,data\raw\daisee\train\350361\3503610148\3503610148.npz,3503610148.npz,0,train
4718,data\raw\daisee\train\350361\3503610149\3503610149.npz,3503610149.npz,0,train
4719,data\raw\daisee\train\350361\350361015\350361015.npz,350361015.npz,0,train
4720,data\raw\daisee\train\350361\3503610150\3503610150.npz,3503610150.npz,0,train
4721,data\raw\daisee\train\350361\3503610151\3503610151.npz,3503610151.npz,0,train
4722,data\raw\daisee\train\350361\3503610152\3503610152.npz,3503610152.npz,0,val
4723,data\raw\daisee\train\350361\3503610154\3503610154.npz,3503610154.npz,0,train
4724,data\raw\daisee\train\350361\3503610156\3503610156.npz,3503610156.npz,0,train
4725,data\raw\daisee\train\350361\3503610157\3503610157.npz,3503610157.npz,0,val
4726,data\raw\daisee\train\350361\3503610158\3503610158.npz,3503610158.npz,1,train
4727,data\raw\daisee\train\350361\350361016\350361016.npz,350361016.npz,0,train
4728,data\raw\daisee\train\350361\3503610163\3503610163.npz,3503610163.npz,0,train
4729,data\raw\daisee\train\350361\350361017\350361017.npz,350361017.npz,0,train
4730,data\raw\daisee\train\350361\350361019\350361019.npz,350361019.npz,0,train
4731,data\raw\daisee\train\350361\350361021\350361021.npz,350361021.npz,0,train
4732,data\raw\daisee\train\350361\3503610210\3503610210.npz,3503610210.npz,0,train
4733,data\raw\daisee\train\350361\3503610212\3503610212.npz,3503610212.npz,0,train
4734,data\raw\daisee\train\350361\3503610213\3503610213.npz,3503610213.npz,0,train
4735,data\raw\daisee\train\350361\3503610214\3503610214.npz,3503610214.npz,0,train
4736,data\raw\daisee\train\350361\3503610217\3503610217.npz,3503610217.npz,0,train
4737,data\raw\daisee\train\350361\350361022\350361022.npz,350361022.npz,0,train
4738,data\raw\daisee\train\350361\3503610223\3503610223.npz,3503610223.npz,0,train
4739,data\raw\daisee\train\350361\3503610224\3503610224.npz,3503610224.npz,0,train
4740,data\raw\daisee\train\350361\3503610225\3503610225.npz,3503610225.npz,0,train
4741,data\raw\daisee\train\350361\3503610226\3503610226.npz,3503610226.npz,0,test
4742,data\raw\daisee\train\350361\3503610227\3503610227.npz,3503610227.npz,0,train
4743,data\raw\daisee\train\350361\3503610228\3503610228.npz,3503610228.npz,1,val
4744,data\raw\daisee\train\350361\350361023\350361023.npz,350361023.npz,0,test
4745,data\raw\daisee\train\350361\3503610230\3503610230.npz,3503610230.npz,0,train
4746,data\raw\daisee\train\350361\3503610231\3503610231.npz,3503610231.npz,0,train
4747,data\raw\daisee\train\350361\3503610233\3503610233.npz,3503610233.npz,0,train
4748,data\raw\daisee\train\350361\3503610234\3503610234.npz,3503610234.npz,0,val
4749,data\raw\daisee\train\350361\3503610235\3503610235.npz,3503610235.npz,0,train
4750,data\raw\daisee\train\350361\3503610236\3503610236.npz,3503610236.npz,1,val
4751,data\raw\daisee\train\350361\3503610237\3503610237.npz,3503610237.npz,0,val
4752,data\raw\daisee\train\350361\3503610238\3503610238.npz,3503610238.npz,0,train
4753,data\raw\daisee\train\350361\350361024\350361024.npz,350361024.npz,0,val
4754,data\raw\daisee\train\350361\3503610240\3503610240.npz,3503610240.npz,0,train
4755,data\raw\daisee\train\350361\3503610241\3503610241.npz,3503610241.npz,0,train
4756,data\raw\daisee\train\350361\3503610242\3503610242.npz,3503610242.npz,0,test
4757,data\raw\daisee\train\350361\3503610245\3503610245.npz,3503610245.npz,0,train
4758,data\raw\daisee\train\350361\3503610246\3503610246.npz,3503610246.npz,0,train
4759,data\raw\daisee\train\350361\3503610248\3503610248.npz,3503610248.npz,0,val
4760,data\raw\daisee\train\350361\3503610250\3503610250.npz,3503610250.npz,0,train
4761,data\raw\daisee\train\350361\3503610251\3503610251.npz,3503610251.npz,1,train
4762,data\raw\daisee\train\350361\3503610252\3503610252.npz,3503610252.npz,0,train
4763,data\raw\daisee\train\350361\3503610253\3503610253.npz,3503610253.npz,0,train
4764,data\raw\daisee\train\350361\3503610254\3503610254.npz,3503610254.npz,0,val
4765,data\raw\daisee\train\350361\3503610255\3503610255.npz,3503610255.npz,1,test
4766,data\raw\daisee\train\350361\3503610256\3503610256.npz,3503610256.npz,0,train
4767,data\raw\daisee\train\350361\3503610257\3503610257.npz,3503610257.npz,0,train
4768,data\raw\daisee\train\350361\350361026\350361026.npz,350361026.npz,0,test
4769,data\raw\daisee\train\350361\3503610260\3503610260.npz,3503610260.npz,0,train
4770,data\raw\daisee\train\350361\3503610261\3503610261.npz,3503610261.npz,0,val
4771,data\raw\daisee\train\350361\3503610264\3503610264.npz,3503610264.npz,0,train
4772,data\raw\daisee\train\350361\3503610265\3503610265.npz,3503610265.npz,0,train
4773,data\raw\daisee\train\350361\3503610266\3503610266.npz,3503610266.npz,0,train
4774,data\raw\daisee\train\350361\3503610267\3503610267.npz,3503610267.npz,0,train
4775,data\raw\daisee\train\350361\3503610268\3503610268.npz,3503610268.npz,0,train
4776,data\raw\daisee\train\350361\3503610269\3503610269.npz,3503610269.npz,0,val
4777,data\raw\daisee\train\350361\3503610270\3503610270.npz,3503610270.npz,0,train
4778,data\raw\daisee\train\350361\3503610272\3503610272.npz,3503610272.npz,1,train
4779,data\raw\daisee\train\350361\3503610273\3503610273.npz,3503610273.npz,0,train
4780,data\raw\daisee\train\350361\3503610275\3503610275.npz,3503610275.npz,0,test
4781,data\raw\daisee\train\350361\3503610276\3503610276.npz,3503610276.npz,0,train
4782,data\raw\daisee\train\350361\3503610277\3503610277.npz,3503610277.npz,0,val
4783,data\raw\daisee\train\350361\3503610278\3503610278.npz,3503610278.npz,0,test
4784,data\raw\daisee\train\350361\3503610279\3503610279.npz,3503610279.npz,0,train
4785,data\raw\daisee\train\350361\350361028\350361028.npz,350361028.npz,1,train
4786,data\raw\daisee\train\350361\350361029\350361029.npz,350361029.npz,0,test
4787,data\raw\daisee\train\400018\4000181002\4000181002.npz,4000181002.npz,1,test
4788,data\raw\daisee\train\400018\4000181004\4000181004.npz,4000181004.npz,1,train
4789,data\raw\daisee\train\400018\4000181005\4000181005.npz,4000181005.npz,0,train
4790,data\raw\daisee\train\400018\4000181006\4000181006.npz,4000181006.npz,1,val
4791,data\raw\daisee\train\400018\4000181007\4000181007.npz,4000181007.npz,0,train
4792,data\raw\daisee\train\400018\4000181008\4000181008.npz,4000181008.npz,1,val
4793,data\raw\daisee\train\400018\4000181010\4000181010.npz,4000181010.npz,0,train
4794,data\raw\daisee\train\400018\4000181011\4000181011.npz,4000181011.npz,1,train
4795,data\raw\daisee\train\400018\4000181012\4000181012.npz,4000181012.npz,1,train
4796,data\raw\daisee\train\400018\4000181013\4000181013.npz,4000181013.npz,0,val
4797,data\raw\daisee\train\400018\4000181014\4000181014.npz,4000181014.npz,0,val
4798,data\raw\daisee\train\400018\4000181015\4000181015.npz,4000181015.npz,1,train
4799,data\raw\daisee\train\400018\4000181016\4000181016.npz,4000181016.npz,0,test
4800,data\raw\daisee\train\400018\4000181017\4000181017.npz,4000181017.npz,0,train
4801,data\raw\daisee\train\400018\4000181019\4000181019.npz,4000181019.npz,0,test
4802,data\raw\daisee\train\400018\4000181020\4000181020.npz,4000181020.npz,1,test
4803,data\raw\daisee\train\400018\4000181022\4000181022.npz,4000181022.npz,1,train
4804,data\raw\daisee\train\400018\4000181023\4000181023.npz,4000181023.npz,0,train
4805,data\raw\daisee\train\400018\4000181024\4000181024.npz,4000181024.npz,1,train
4806,data\raw\daisee\train\400018\4000181026\4000181026.npz,4000181026.npz,0,train
4807,data\raw\daisee\train\400018\4000181027\4000181027.npz,4000181027.npz,0,train
4808,data\raw\daisee\train\400018\4000181028\4000181028.npz,4000181028.npz,0,train
4809,data\raw\daisee\train\400018\4000181029\4000181029.npz,4000181029.npz,0,val
4810,data\raw\daisee\train\400018\4000181030\4000181030.npz,4000181030.npz,0,train
4811,data\raw\daisee\train\400018\4000181031\4000181031.npz,4000181031.npz,0,train
4812,data\raw\daisee\train\400018\4000181032\4000181032.npz,4000181032.npz,1,train
4813,data\raw\daisee\train\400018\4000181033\4000181033.npz,4000181033.npz,0,test
4814,data\raw\daisee\train\400018\4000181035\4000181035.npz,4000181035.npz,0,train
4815,data\raw\daisee\train\400018\4000181036\4000181036.npz,4000181036.npz,0,val
4816,data\raw\daisee\train\400018\4000181037\4000181037.npz,4000181037.npz,0,val
4817,data\raw\daisee\train\400018\4000181039\4000181039.npz,4000181039.npz,0,train
4818,data\raw\daisee\train\400018\4000181041\4000181041.npz,4000181041.npz,0,test
4819,data\raw\daisee\train\400018\4000181042\4000181042.npz,4000181042.npz,1,train
4820,data\raw\daisee\train\400018\4000181043\4000181043.npz,4000181043.npz,1,train
4821,data\raw\daisee\train\400018\4000181044\4000181044.npz,4000181044.npz,0,train
4822,data\raw\daisee\train\400018\4000181045\4000181045.npz,4000181045.npz,1,val
4823,data\raw\daisee\train\400018\4000181046\4000181046.npz,4000181046.npz,0,train
4824,data\raw\daisee\train\400018\4000181047\4000181047.npz,4000181047.npz,0,train
4825,data\raw\daisee\train\400018\4000181048\4000181048.npz,4000181048.npz,0,val
4826,data\raw\daisee\train\400018\4000181049\4000181049.npz,4000181049.npz,0,train
4827,data\raw\daisee\train\400018\4000181053\4000181053.npz,4000181053.npz,0,train
4828,data\raw\daisee\train\400018\4000181054\4000181054.npz,4000181054.npz,0,test
4829,data\raw\daisee\train\400018\4000181055\4000181055.npz,4000181055.npz,0,train
4830,data\raw\daisee\train\400018\4000181056\4000181056.npz,4000181056.npz,0,train
4831,data\raw\daisee\train\400018\4000181057\4000181057.npz,4000181057.npz,1,train
4832,data\raw\daisee\train\400018\4000181060\4000181060.npz,4000181060.npz,1,train
4833,data\raw\daisee\train\400018\4000181061\4000181061.npz,4000181061.npz,0,val
4834,data\raw\daisee\train\400018\4000181062\4000181062.npz,4000181062.npz,0,train
4835,data\raw\daisee\train\400018\4000181063\4000181063.npz,4000181063.npz,1,train
4836,data\raw\daisee\train\400018\4000181064\4000181064.npz,4000181064.npz,1,train
4837,data\raw\daisee\train\400018\4000181065\4000181065.npz,4000181065.npz,1,train
4838,data\raw\daisee\train\400018\4000181066\4000181066.npz,4000181066.npz,0,train
4839,data\raw\daisee\train\400018\4000181067\4000181067.npz,4000181067.npz,0,test
4840,data\raw\daisee\train\400018\4000181068\4000181068.npz,4000181068.npz,1,train
4841,data\raw\daisee\train\400018\4000181069\4000181069.npz,4000181069.npz,0,val
4842,data\raw\daisee\train\400018\4000181070\4000181070.npz,4000181070.npz,0,train
4843,data\raw\daisee\train\400018\4000181072\4000181072.npz,4000181072.npz,1,train
4844,data\raw\daisee\train\400018\4000181073\4000181073.npz,4000181073.npz,0,train
4845,data\raw\daisee\train\400018\4000181074\4000181074.npz,4000181074.npz,0,train
4846,data\raw\daisee\train\400018\4000181075\4000181075.npz,4000181075.npz,0,train
4847,data\raw\daisee\train\400018\4000181076\4000181076.npz,4000181076.npz,0,val
4848,data\raw\daisee\train\400018\4000181077\4000181077.npz,4000181077.npz,0,val
4849,data\raw\daisee\train\400018\4000181078\4000181078.npz,4000181078.npz,0,train
4850,data\raw\daisee\train\400018\4000181079\4000181079.npz,4000181079.npz,0,val
4851,data\raw\daisee\train\400018\4000181080\4000181080.npz,4000181080.npz,0,train
4852,data\raw\daisee\train\400018\4000182003\4000182003.npz,4000182003.npz,0,test
4853,data\raw\daisee\train\400018\4000182004\4000182004.npz,4000182004.npz,1,train
4854,data\raw\daisee\train\400018\4000182005\4000182005.npz,4000182005.npz,0,train
4855,data\raw\daisee\train\400018\4000182006\4000182006.npz,4000182006.npz,0,train
4856,data\raw\daisee\train\400018\4000182007\4000182007.npz,4000182007.npz,0,train
4857,data\raw\daisee\train\400018\4000182008\4000182008.npz,4000182008.npz,0,train
4858,data\raw\daisee\train\400018\4000182009\4000182009.npz,4000182009.npz,0,train
4859,data\raw\daisee\train\400018\4000182010\4000182010.npz,4000182010.npz,0,train
4860,data\raw\daisee\train\400018\4000182011\4000182011.npz,4000182011.npz,1,val
4861,data\raw\daisee\train\400018\4000182013\4000182013.npz,4000182013.npz,0,test
4862,data\raw\daisee\train\400018\4000182014\4000182014.npz,4000182014.npz,0,train
4863,data\raw\daisee\train\400018\4000182015\4000182015.npz,4000182015.npz,1,train
4864,data\raw\daisee\train\400018\4000182016\4000182016.npz,4000182016.npz,0,val
4865,data\raw\daisee\train\400018\4000182017\4000182017.npz,4000182017.npz,0,train
4866,data\raw\daisee\train\400018\4000182018\4000182018.npz,4000182018.npz,1,train
4867,data\raw\daisee\train\400018\4000182020\4000182020.npz,4000182020.npz,0,train
4868,data\raw\daisee\train\400018\4000182022\4000182022.npz,4000182022.npz,1,test
4869,data\raw\daisee\train\400018\4000182024\4000182024.npz,4000182024.npz,1,train
4870,data\raw\daisee\train\400018\4000182025\4000182025.npz,4000182025.npz,0,val
4871,data\raw\daisee\train\400018\4000182026\4000182026.npz,4000182026.npz,0,train
4872,data\raw\daisee\train\400018\4000182027\4000182027.npz,4000182027.npz,0,train
4873,data\raw\daisee\train\400018\4000182028\4000182028.npz,4000182028.npz,0,train
4874,data\raw\daisee\train\400018\4000182029\4000182029.npz,4000182029.npz,0,val
4875,data\raw\daisee\train\400018\4000182030\4000182030.npz,4000182030.npz,0,train
4876,data\raw\daisee\train\400018\4000182031\4000182031.npz,4000182031.npz,0,test
4877,data\raw\daisee\train\400018\4000182032\4000182032.npz,4000182032.npz,0,train
4878,data\raw\daisee\train\400018\4000182033\4000182033.npz,4000182033.npz,0,train
4879,data\raw\daisee\train\400018\4000182035\4000182035.npz,4000182035.npz,1,val
4880,data\raw\daisee\train\400018\4000182036\4000182036.npz,4000182036.npz,0,train
4881,data\raw\daisee\train\400018\4000182037\4000182037.npz,4000182037.npz,1,train
4882,data\raw\daisee\train\400018\4000182038\4000182038.npz,4000182038.npz,1,train
4883,data\raw\daisee\train\400018\4000182039\4000182039.npz,4000182039.npz,1,train
4884,data\raw\daisee\train\400018\4000182040\4000182040.npz,4000182040.npz,0,train
4885,data\raw\daisee\train\400018\4000182041\4000182041.npz,4000182041.npz,0,train
4886,data\raw\daisee\train\400018\4000182042\4000182042.npz,4000182042.npz,0,val
4887,data\raw\daisee\train\400018\4000182044\4000182044.npz,4000182044.npz,0,val
4888,data\raw\daisee\train\400018\4000182046\4000182046.npz,4000182046.npz,1,test
4889,data\raw\daisee\train\400018\4000182047\4000182047.npz,4000182047.npz,0,train
4890,data\raw\daisee\train\400018\4000182049\4000182049.npz,4000182049.npz,0,train
4891,data\raw\daisee\train\400018\4000182050\4000182050.npz,4000182050.npz,0,train
4892,data\raw\daisee\train\400018\4000182051\4000182051.npz,4000182051.npz,1,train
4893,data\raw\daisee\train\400018\4000182053\4000182053.npz,4000182053.npz,0,train
4894,data\raw\daisee\train\400018\4000182054\4000182054.npz,4000182054.npz,0,train
4895,data\raw\daisee\train\400018\4000182055\4000182055.npz,4000182055.npz,0,train
4896,data\raw\daisee\train\400018\4000182058\4000182058.npz,4000182058.npz,0,train
4897,data\raw\daisee\train\400018\4000182059\4000182059.npz,4000182059.npz,1,train
4898,data\raw\daisee\train\400018\4000182060\4000182060.npz,4000182060.npz,0,train
4899,data\raw\daisee\train\400018\4000182062\4000182062.npz,4000182062.npz,1,train
4900,data\raw\daisee\train\400018\4000182063\4000182063.npz,4000182063.npz,0,train
4901,data\raw\daisee\train\400018\4000182064\4000182064.npz,4000182064.npz,0,train
4902,data\raw\daisee\train\400018\4000182067\4000182067.npz,4000182067.npz,1,test
4903,data\raw\daisee\train\400018\4000182068\4000182068.npz,4000182068.npz,1,train
4904,data\raw\daisee\train\400018\4000182069\4000182069.npz,4000182069.npz,0,test
4905,data\raw\daisee\train\401835\401835011\401835011.npz,401835011.npz,0,train
4906,data\raw\daisee\train\401835\4018350112\4018350112.npz,4018350112.npz,0,test
4907,data\raw\daisee\train\401835\4018350115\4018350115.npz,4018350115.npz,0,train
4908,data\raw\daisee\train\401835\4018350116\4018350116.npz,4018350116.npz,0,train
4909,data\raw\daisee\train\401835\4018350118\4018350118.npz,4018350118.npz,0,train
4910,data\raw\daisee\train\401835\4018350119\4018350119.npz,4018350119.npz,0,train
4911,data\raw\daisee\train\401835\4018350120\4018350120.npz,4018350120.npz,0,train
4912,data\raw\daisee\train\401835\4018350121\4018350121.npz,4018350121.npz,0,train
4913,data\raw\daisee\train\401835\4018350122\4018350122.npz,4018350122.npz,0,val
4914,data\raw\daisee\train\401835\4018350126\4018350126.npz,4018350126.npz,0,train
4915,data\raw\daisee\train\401835\4018350127\4018350127.npz,4018350127.npz,1,train
4916,data\raw\daisee\train\401835\401835013\401835013.npz,401835013.npz,0,val
4917,data\raw\daisee\train\401835\4018350130\4018350130.npz,4018350130.npz,0,train
4918,data\raw\daisee\train\401835\4018350132\4018350132.npz,4018350132.npz,0,train
4919,data\raw\daisee\train\401835\4018350134\4018350134.npz,4018350134.npz,0,val
4920,data\raw\daisee\train\401835\4018350136\4018350136.npz,4018350136.npz,0,test
4921,data\raw\daisee\train\401835\4018350137\4018350137.npz,4018350137.npz,0,train
4922,data\raw\daisee\train\401835\4018350138\4018350138.npz,4018350138.npz,0,val
4923,data\raw\daisee\train\401835\4018350139\4018350139.npz,4018350139.npz,0,train
4924,data\raw\daisee\train\401835\4018350140\4018350140.npz,4018350140.npz,0,train
4925,data\raw\daisee\train\401835\4018350141\4018350141.npz,4018350141.npz,0,val
4926,data\raw\daisee\train\401835\4018350143\4018350143.npz,4018350143.npz,0,val
4927,data\raw\daisee\train\401835\4018350144\4018350144.npz,4018350144.npz,0,train
4928,data\raw\daisee\train\401835\4018350145\4018350145.npz,4018350145.npz,0,val
4929,data\raw\daisee\train\401835\4018350146\4018350146.npz,4018350146.npz,0,train
4930,data\raw\daisee\train\401835\4018350147\4018350147.npz,4018350147.npz,0,train
4931,data\raw\daisee\train\401835\4018350149\4018350149.npz,4018350149.npz,0,train
4932,data\raw\daisee\train\401835\401835015\401835015.npz,401835015.npz,1,train
4933,data\raw\daisee\train\401835\4018350150\4018350150.npz,4018350150.npz,0,train
4934,data\raw\daisee\train\401835\4018350152\4018350152.npz,4018350152.npz,0,train
4935,data\raw\daisee\train\401835\4018350156\4018350156.npz,4018350156.npz,0,train
4936,data\raw\daisee\train\401835\4018350157\4018350157.npz,4018350157.npz,0,val
4937,data\raw\daisee\train\401835\4018350159\4018350159.npz,4018350159.npz,0,train
4938,data\raw\daisee\train\401835\4018350160\4018350160.npz,4018350160.npz,0,val
4939,data\raw\daisee\train\401835\4018350161\4018350161.npz,4018350161.npz,0,train
4940,data\raw\daisee\train\401835\4018350162\4018350162.npz,4018350162.npz,0,train
4941,data\raw\daisee\train\401835\4018350163\4018350163.npz,4018350163.npz,0,test
4942,data\raw\daisee\train\401835\4018350166\4018350166.npz,4018350166.npz,0,train
4943,data\raw\daisee\train\401835\4018350167\4018350167.npz,4018350167.npz,0,train
4944,data\raw\daisee\train\401835\401835017\401835017.npz,401835017.npz,0,train
4945,data\raw\daisee\train\401835\401835018\401835018.npz,401835018.npz,0,val
4946,data\raw\daisee\train\401835\401835021\401835021.npz,401835021.npz,0,train
4947,data\raw\daisee\train\401835\4018350213\4018350213.npz,4018350213.npz,0,train
4948,data\raw\daisee\train\401835\4018350215\4018350215.npz,4018350215.npz,0,train
4949,data\raw\daisee\train\401835\4018350217\4018350217.npz,4018350217.npz,0,test
4950,data\raw\daisee\train\401835\4018350219\4018350219.npz,4018350219.npz,0,train
4951,data\raw\daisee\train\401835\4018350220\4018350220.npz,4018350220.npz,0,test
4952,data\raw\daisee\train\401835\4018350221\4018350221.npz,4018350221.npz,0,train
4953,data\raw\daisee\train\401835\4018350222\4018350222.npz,4018350222.npz,0,train
4954,data\raw\daisee\train\401835\4018350223\4018350223.npz,4018350223.npz,0,test
4955,data\raw\daisee\train\401835\4018350224\4018350224.npz,4018350224.npz,0,val
4956,data\raw\daisee\train\401835\4018350225\4018350225.npz,4018350225.npz,0,train
4957,data\raw\daisee\train\401835\4018350226\4018350226.npz,4018350226.npz,0,train
4958,data\raw\daisee\train\401835\4018350227\4018350227.npz,4018350227.npz,0,test
4959,data\raw\daisee\train\401835\4018350231\4018350231.npz,4018350231.npz,0,test
4960,data\raw\daisee\train\401835\4018350232\4018350232.npz,4018350232.npz,0,val
4961,data\raw\daisee\train\401835\4018350233\4018350233.npz,4018350233.npz,0,train
4962,data\raw\daisee\train\401835\4018350234\4018350234.npz,4018350234.npz,0,test
4963,data\raw\daisee\train\401835\4018350236\4018350236.npz,4018350236.npz,0,val
4964,data\raw\daisee\train\401835\4018350239\4018350239.npz,4018350239.npz,0,train
4965,data\raw\daisee\train\401835\401835024\401835024.npz,401835024.npz,0,train
4966,data\raw\daisee\train\401835\4018350240\4018350240.npz,4018350240.npz,0,train
4967,data\raw\daisee\train\401835\4018350241\4018350241.npz,4018350241.npz,0,train
4968,data\raw\daisee\train\401835\4018350244\4018350244.npz,4018350244.npz,0,train
4969,data\raw\daisee\train\401835\4018350247\4018350247.npz,4018350247.npz,0,val
4970,data\raw\daisee\train\401835\4018350251\4018350251.npz,4018350251.npz,0,train
4971,data\raw\daisee\train\401835\4018350254\4018350254.npz,4018350254.npz,0,train
4972,data\raw\daisee\train\401835\4018350256\4018350256.npz,4018350256.npz,0,train
4973,data\raw\daisee\train\401835\4018350257\4018350257.npz,4018350257.npz,0,train
4974,data\raw\daisee\train\401835\4018350258\4018350258.npz,4018350258.npz,0,train
4975,data\raw\daisee\train\401835\4018350259\4018350259.npz,4018350259.npz,0,train
4976,data\raw\daisee\train\401835\4018350260\4018350260.npz,4018350260.npz,0,train
4977,data\raw\daisee\train\401835\4018350261\4018350261.npz,4018350261.npz,0,train
4978,data\raw\daisee\train\401835\4018350263\4018350263.npz,4018350263.npz,0,test
4979,data\raw\daisee\train\401835\4018350268\4018350268.npz,4018350268.npz,0,train
4980,data\raw\daisee\train\401835\4018350269\4018350269.npz,4018350269.npz,0,test
4981,data\raw\daisee\train\401835\4018350274\4018350274.npz,4018350274.npz,0,val
4982,data\raw\daisee\train\401835\4018350276\4018350276.npz,4018350276.npz,0,train
4983,data\raw\daisee\train\401835\4018350277\4018350277.npz,4018350277.npz,0,train
4984,data\raw\daisee\train\401835\4018350279\4018350279.npz,4018350279.npz,0,val
4985,data\raw\daisee\train\401835\401835028\401835028.npz,401835028.npz,0,train
4986,data\raw\daisee\train\401835\4018350281\4018350281.npz,4018350281.npz,1,val
4987,data\raw\daisee\train\401835\4018350282\4018350282.npz,4018350282.npz,1,train
4988,data\raw\daisee\train\411021\4110211001\4110211001.npz,4110211001.npz,1,train
4989,data\raw\daisee\train\411021\4110211004\4110211004.npz,4110211004.npz,1,train
4990,data\raw\daisee\train\411021\4110211005\4110211005.npz,4110211005.npz,1,train
4991,data\raw\daisee\train\411021\4110211006\4110211006.npz,4110211006.npz,1,train
4992,data\raw\daisee\train\411021\4110211007\4110211007.npz,4110211007.npz,1,test
4993,data\raw\daisee\train\411021\4110211008\4110211008.npz,4110211008.npz,1,train
4994,data\raw\daisee\train\411021\4110211009\4110211009.npz,4110211009.npz,1,train
4995,data\raw\daisee\train\411021\4110211011\4110211011.npz,4110211011.npz,1,train
4996,data\raw\daisee\train\411021\4110211013\4110211013.npz,4110211013.npz,1,train
4997,data\raw\daisee\train\411021\4110211014\4110211014.npz,4110211014.npz,1,train
4998,data\raw\daisee\train\411021\4110211016\4110211016.npz,4110211016.npz,0,train
4999,data\raw\daisee\train\411021\4110211018\4110211018.npz,4110211018.npz,1,val
5000,data\raw\daisee\train\411021\4110211019\4110211019.npz,4110211019.npz,0,val
5001,data\raw\daisee\train\411021\4110211020\4110211020.npz,4110211020.npz,1,train
5002,data\raw\daisee\train\411021\4110211021\4110211021.npz,4110211021.npz,1,train
5003,data\raw\daisee\train\411021\4110211022\4110211022.npz,4110211022.npz,1,test
5004,data\raw\daisee\train\411021\4110211023\4110211023.npz,4110211023.npz,1,train
5005,data\raw\daisee\train\411021\4110211024\4110211024.npz,4110211024.npz,0,test
5006,data\raw\daisee\train\411021\4110211025\4110211025.npz,4110211025.npz,1,train
5007,data\raw\daisee\train\411021\4110211026\4110211026.npz,4110211026.npz,1,train
5008,data\raw\daisee\train\411021\4110211027\4110211027.npz,4110211027.npz,1,train
5009,data\raw\daisee\train\411021\4110211028\4110211028.npz,4110211028.npz,1,train
5010,data\raw\daisee\train\411021\4110211030\4110211030.npz,4110211030.npz,1,train
5011,data\raw\daisee\train\411021\4110211032\4110211032.npz,4110211032.npz,1,train
5012,data\raw\daisee\train\411021\4110211033\4110211033.npz,4110211033.npz,1,train
5013,data\raw\daisee\train\411021\4110211034\4110211034.npz,4110211034.npz,1,train
5014,data\raw\daisee\train\411021\4110211035\4110211035.npz,4110211035.npz,0,train
5015,data\raw\daisee\train\411021\4110211036\4110211036.npz,4110211036.npz,1,train
5016,data\raw\daisee\train\411021\4110211037\4110211037.npz,4110211037.npz,1,train
5017,data\raw\daisee\train\411021\4110211038\4110211038.npz,4110211038.npz,1,test
5018,data\raw\daisee\train\411021\4110211039\4110211039.npz,4110211039.npz,1,train
5019,data\raw\daisee\train\411021\4110211040\4110211040.npz,4110211040.npz,1,train
5020,data\raw\daisee\train\411021\4110211041\4110211041.npz,4110211041.npz,1,test
5021,data\raw\daisee\train\411021\4110211043\4110211043.npz,4110211043.npz,1,train
5022,data\raw\daisee\train\411021\4110211044\4110211044.npz,4110211044.npz,1,train
5023,data\raw\daisee\train\411021\4110211045\4110211045.npz,4110211045.npz,1,train
5024,data\raw\daisee\train\411021\4110211046\4110211046.npz,4110211046.npz,1,train
5025,data\raw\daisee\train\411021\4110211047\4110211047.npz,4110211047.npz,1,train
5026,data\raw\daisee\train\411021\4110211048\4110211048.npz,4110211048.npz,1,train
5027,data\raw\daisee\train\411021\4110211049\4110211049.npz,4110211049.npz,1,val
5028,data\raw\daisee\train\411021\4110211050\4110211050.npz,4110211050.npz,1,train
5029,data\raw\daisee\train\411021\4110211051\4110211051.npz,4110211051.npz,1,train
5030,data\raw\daisee\train\411021\4110211052\4110211052.npz,4110211052.npz,1,train
5031,data\raw\daisee\train\411021\4110211053\4110211053.npz,4110211053.npz,1,train
5032,data\raw\daisee\train\411021\4110211054\4110211054.npz,4110211054.npz,1,test
5033,data\raw\daisee\train\411021\4110211055\4110211055.npz,4110211055.npz,1,train
5034,data\raw\daisee\train\411021\4110211056\4110211056.npz,4110211056.npz,1,train
5035,data\raw\daisee\train\411021\4110211057\4110211057.npz,4110211057.npz,1,train
5036,data\raw\daisee\train\411021\4110211058\4110211058.npz,4110211058.npz,0,train
5037,data\raw\daisee\train\411021\4110211060\4110211060.npz,4110211060.npz,0,test
5038,data\raw\daisee\train\411021\4110211061\4110211061.npz,4110211061.npz,1,train
5039,data\raw\daisee\train\411021\4110211062\4110211062.npz,4110211062.npz,1,train
5040,data\raw\daisee\train\411021\4110211063\4110211063.npz,4110211063.npz,1,val
5041,data\raw\daisee\train\411021\4110211064\4110211064.npz,4110211064.npz,0,train
5042,data\raw\daisee\train\411021\4110211065\4110211065.npz,4110211065.npz,0,test
5043,data\raw\daisee\train\411021\4110211067\4110211067.npz,4110211067.npz,1,train
5044,data\raw\daisee\train\411021\4110211068\4110211068.npz,4110211068.npz,1,test
5045,data\raw\daisee\train\411021\4110211072\4110211072.npz,4110211072.npz,1,test
5046,data\raw\daisee\train\411021\4110211073\4110211073.npz,4110211073.npz,1,train
5047,data\raw\daisee\train\411021\4110211075\4110211075.npz,4110211075.npz,1,train
5048,data\raw\daisee\train\411021\4110211076\4110211076.npz,4110211076.npz,1,train
5049,data\raw\daisee\train\411021\4110211078\4110211078.npz,4110211078.npz,1,test
5050,data\raw\daisee\train\411021\4110211079\4110211079.npz,4110211079.npz,1,train
5051,data\raw\daisee\train\411021\4110211080\4110211080.npz,4110211080.npz,1,train
5052,data\raw\daisee\train\411021\4110212003\4110212003.npz,4110212003.npz,0,train
5053,data\raw\daisee\train\411021\4110212004\4110212004.npz,4110212004.npz,1,train
5054,data\raw\daisee\train\411021\4110212007\4110212007.npz,4110212007.npz,0,test
5055,data\raw\daisee\train\411021\4110212008\4110212008.npz,4110212008.npz,0,train
5056,data\raw\daisee\train\411021\4110212009\4110212009.npz,4110212009.npz,1,train
5057,data\raw\daisee\train\411021\4110212010\4110212010.npz,4110212010.npz,0,test
5058,data\raw\daisee\train\411021\4110212011\4110212011.npz,4110212011.npz,0,train
5059,data\raw\daisee\train\411021\4110212013\4110212013.npz,4110212013.npz,0,val
5060,data\raw\daisee\train\411021\4110212014\4110212014.npz,4110212014.npz,1,train
5061,data\raw\daisee\train\411021\4110212015\4110212015.npz,4110212015.npz,1,val
5062,data\raw\daisee\train\411021\4110212016\4110212016.npz,4110212016.npz,0,train
5063,data\raw\daisee\train\411021\4110212017\4110212017.npz,4110212017.npz,1,val
5064,data\raw\daisee\train\411021\4110212018\4110212018.npz,4110212018.npz,0,train
5065,data\raw\daisee\train\411021\4110212019\4110212019.npz,4110212019.npz,1,test
5066,data\raw\daisee\train\411021\4110212021\4110212021.npz,4110212021.npz,1,train
5067,data\raw\daisee\train\411021\4110212023\4110212023.npz,4110212023.npz,1,val
5068,data\raw\daisee\train\411021\4110212024\4110212024.npz,4110212024.npz,1,train
5069,data\raw\daisee\train\411021\4110212026\4110212026.npz,4110212026.npz,1,val
5070,data\raw\daisee\train\411021\4110212027\4110212027.npz,4110212027.npz,1,test
5071,data\raw\daisee\train\411021\4110212029\4110212029.npz,4110212029.npz,1,val
5072,data\raw\daisee\train\411021\4110212030\4110212030.npz,4110212030.npz,0,val
5073,data\raw\daisee\train\411021\4110212033\4110212033.npz,4110212033.npz,1,test
5074,data\raw\daisee\train\411021\4110212034\4110212034.npz,4110212034.npz,1,train
5075,data\raw\daisee\train\411021\4110212035\4110212035.npz,4110212035.npz,0,train
5076,data\raw\daisee\train\411021\4110212036\4110212036.npz,4110212036.npz,1,train
5077,data\raw\daisee\train\411021\4110212038\4110212038.npz,4110212038.npz,1,train
5078,data\raw\daisee\train\411021\4110212039\4110212039.npz,4110212039.npz,0,train
5079,data\raw\daisee\train\411021\4110212041\4110212041.npz,4110212041.npz,0,test
5080,data\raw\daisee\train\411021\4110212042\4110212042.npz,4110212042.npz,0,train
5081,data\raw\daisee\train\411021\4110212044\4110212044.npz,4110212044.npz,0,train
5082,data\raw\daisee\train\411021\4110212045\4110212045.npz,4110212045.npz,0,train
5083,data\raw\daisee\train\411021\4110212046\4110212046.npz,4110212046.npz,0,train
5084,data\raw\daisee\train\411021\4110212047\4110212047.npz,4110212047.npz,0,train
5085,data\raw\daisee\train\411021\4110212049\4110212049.npz,4110212049.npz,1,train
5086,data\raw\daisee\train\411021\4110212050\4110212050.npz,4110212050.npz,1,val
5087,data\raw\daisee\train\411021\4110212051\4110212051.npz,4110212051.npz,1,train
5088,data\raw\daisee\train\411021\4110212052\4110212052.npz,4110212052.npz,0,test
5089,data\raw\daisee\train\411021\4110212053\4110212053.npz,4110212053.npz,1,train
5090,data\raw\daisee\train\411021\4110212054\4110212054.npz,4110212054.npz,1,train
5091,data\raw\daisee\train\411021\4110212055\4110212055.npz,4110212055.npz,0,test
5092,data\raw\daisee\train\411021\4110212056\4110212056.npz,4110212056.npz,0,train
5093,data\raw\daisee\train\411021\4110212059\4110212059.npz,4110212059.npz,1,test
5094,data\raw\daisee\train\411021\4110212061\4110212061.npz,4110212061.npz,1,test
5095,data\raw\daisee\train\411021\4110212062\4110212062.npz,4110212062.npz,1,train
5096,data\raw\daisee\train\411021\4110212063\4110212063.npz,4110212063.npz,1,train
5097,data\raw\daisee\train\411021\4110212064\4110212064.npz,4110212064.npz,0,val
5098,data\raw\daisee\train\411021\4110212069\4110212069.npz,4110212069.npz,1,test
5099,data\raw\daisee\train\411031\4110311001\4110311001.npz,4110311001.npz,0,test
5100,data\raw\daisee\train\411031\4110311003\4110311003.npz,4110311003.npz,0,train
5101,data\raw\daisee\train\411031\4110311004\4110311004.npz,4110311004.npz,0,train
5102,data\raw\daisee\train\411031\4110311005\4110311005.npz,4110311005.npz,0,val
5103,data\raw\daisee\train\411031\4110311006\4110311006.npz,4110311006.npz,1,val
5104,data\raw\daisee\train\411031\4110311012\4110311012.npz,4110311012.npz,1,train
5105,data\raw\daisee\train\411031\4110311015\4110311015.npz,4110311015.npz,1,train
5106,data\raw\daisee\train\411031\4110311017\4110311017.npz,4110311017.npz,1,test
5107,data\raw\daisee\train\411031\4110311018\4110311018.npz,4110311018.npz,1,test
5108,data\raw\daisee\train\411031\4110311019\4110311019.npz,4110311019.npz,1,train
5109,data\raw\daisee\train\411031\4110311020\4110311020.npz,4110311020.npz,1,train
5110,data\raw\daisee\train\411031\4110311021\4110311021.npz,4110311021.npz,1,train
5111,data\raw\daisee\train\411031\4110311023\4110311023.npz,4110311023.npz,1,train
5112,data\raw\daisee\train\411031\4110311030\4110311030.npz,4110311030.npz,1,train
5113,data\raw\daisee\train\411031\4110311031\4110311031.npz,4110311031.npz,0,test
5114,data\raw\daisee\train\411031\4110311032\4110311032.npz,4110311032.npz,1,val
5115,data\raw\daisee\train\411031\4110311033\4110311033.npz,4110311033.npz,0,train
5116,data\raw\daisee\train\411031\4110311034\4110311034.npz,4110311034.npz,1,train
5117,data\raw\daisee\train\411031\4110311036\4110311036.npz,4110311036.npz,0,train
5118,data\raw\daisee\train\411031\4110311037\4110311037.npz,4110311037.npz,0,train
5119,data\raw\daisee\train\411031\4110311038\4110311038.npz,4110311038.npz,0,train
5120,data\raw\daisee\train\411031\4110311042\4110311042.npz,4110311042.npz,0,train
5121,data\raw\daisee\train\411031\4110311043\4110311043.npz,4110311043.npz,1,train
5122,data\raw\daisee\train\411031\4110311044\4110311044.npz,4110311044.npz,0,val
5123,data\raw\daisee\train\411031\4110311045\4110311045.npz,4110311045.npz,1,val
5124,data\raw\daisee\train\411031\4110311046\4110311046.npz,4110311046.npz,1,train
5125,data\raw\daisee\train\411031\4110311048\4110311048.npz,4110311048.npz,1,train
5126,data\raw\daisee\train\411031\4110311049\4110311049.npz,4110311049.npz,1,train
5127,data\raw\daisee\train\411031\4110311050\4110311050.npz,4110311050.npz,1,val
5128,data\raw\daisee\train\411031\4110311053\4110311053.npz,4110311053.npz,0,train
5129,data\raw\daisee\train\411031\4110311057\4110311057.npz,4110311057.npz,1,val
5130,data\raw\daisee\train\411031\4110311061\4110311061.npz,4110311061.npz,0,train
5131,data\raw\daisee\train\411031\4110311062\4110311062.npz,4110311062.npz,1,train
5132,data\raw\daisee\train\411031\4110311064\4110311064.npz,4110311064.npz,1,train
5133,data\raw\daisee\train\411031\4110311065\4110311065.npz,4110311065.npz,0,val
5134,data\raw\daisee\train\411031\4110311067\4110311067.npz,4110311067.npz,1,train
5135,data\raw\daisee\train\411031\4110311068\4110311068.npz,4110311068.npz,1,train
5136,data\raw\daisee\train\411031\4110311072\4110311072.npz,4110311072.npz,0,train
5137,data\raw\daisee\train\411031\4110312006\4110312006.npz,4110312006.npz,0,train
5138,data\raw\daisee\train\411031\4110312007\4110312007.npz,4110312007.npz,1,test
5139,data\raw\daisee\train\411031\4110312008\4110312008.npz,4110312008.npz,1,val
5140,data\raw\daisee\train\411031\4110312009\4110312009.npz,4110312009.npz,1,test
5141,data\raw\daisee\train\411031\4110312013\4110312013.npz,4110312013.npz,1,train
5142,data\raw\daisee\train\411031\4110312023\4110312023.npz,4110312023.npz,0,train
5143,data\raw\daisee\train\411031\4110312024\4110312024.npz,4110312024.npz,0,test
5144,data\raw\daisee\train\411031\4110312025\4110312025.npz,4110312025.npz,0,train
5145,data\raw\daisee\train\411031\4110312027\4110312027.npz,4110312027.npz,1,train
5146,data\raw\daisee\train\411031\4110312030\4110312030.npz,4110312030.npz,0,train
5147,data\raw\daisee\train\411031\4110312031\4110312031.npz,4110312031.npz,1,train
5148,data\raw\daisee\train\411031\4110312048\4110312048.npz,4110312048.npz,0,train
5149,data\raw\daisee\train\411031\4110312049\4110312049.npz,4110312049.npz,1,train
5150,data\raw\daisee\train\411031\4110312078\4110312078.npz,4110312078.npz,0,train
5151,data\raw\daisee\train\414081\414081010\414081010.npz,414081010.npz,0,train
5152,data\raw\daisee\train\414081\414081011\414081011.npz,414081011.npz,1,test
5153,data\raw\daisee\train\414081\4140810110\4140810110.npz,4140810110.npz,0,train
5154,data\raw\daisee\train\414081\4140810114\4140810114.npz,4140810114.npz,0,train
5155,data\raw\daisee\train\414081\4140810117\4140810117.npz,4140810117.npz,0,train
5156,data\raw\daisee\train\414081\4140810122\4140810122.npz,4140810122.npz,0,val
5157,data\raw\daisee\train\414081\4140810124\4140810124.npz,4140810124.npz,0,train
5158,data\raw\daisee\train\414081\4140810125\4140810125.npz,4140810125.npz,0,test
5159,data\raw\daisee\train\414081\4140810126\4140810126.npz,4140810126.npz,0,train
5160,data\raw\daisee\train\414081\4140810127\4140810127.npz,4140810127.npz,0,train
5161,data\raw\daisee\train\414081\4140810128\4140810128.npz,4140810128.npz,0,train
5162,data\raw\daisee\train\414081\4140810129\4140810129.npz,4140810129.npz,0,train
5163,data\raw\daisee\train\414081\414081013\414081013.npz,414081013.npz,0,train
5164,data\raw\daisee\train\414081\4140810132\4140810132.npz,4140810132.npz,0,train
5165,data\raw\daisee\train\414081\4140810133\4140810133.npz,4140810133.npz,1,train
5166,data\raw\daisee\train\414081\4140810135\4140810135.npz,4140810135.npz,0,test
5167,data\raw\daisee\train\414081\4140810136\4140810136.npz,4140810136.npz,0,train
5168,data\raw\daisee\train\414081\4140810138\4140810138.npz,4140810138.npz,0,train
5169,data\raw\daisee\train\414081\4140810139\4140810139.npz,4140810139.npz,0,train
5170,data\raw\daisee\train\414081\4140810140\4140810140.npz,4140810140.npz,0,train
5171,data\raw\daisee\train\414081\4140810142\4140810142.npz,4140810142.npz,0,val
5172,data\raw\daisee\train\414081\4140810143\4140810143.npz,4140810143.npz,0,train
5173,data\raw\daisee\train\414081\4140810144\4140810144.npz,4140810144.npz,0,train
5174,data\raw\daisee\train\414081\4140810145\4140810145.npz,4140810145.npz,0,train
5175,data\raw\daisee\train\414081\4140810146\4140810146.npz,4140810146.npz,0,test
5176,data\raw\daisee\train\414081\4140810148\4140810148.npz,4140810148.npz,0,train
5177,data\raw\daisee\train\414081\414081015\414081015.npz,414081015.npz,1,train
5178,data\raw\daisee\train\414081\4140810150\4140810150.npz,4140810150.npz,0,val
5179,data\raw\daisee\train\414081\4140810151\4140810151.npz,4140810151.npz,0,train
5180,data\raw\daisee\train\414081\4140810152\4140810152.npz,4140810152.npz,0,train
5181,data\raw\daisee\train\414081\4140810153\4140810153.npz,4140810153.npz,1,train
5182,data\raw\daisee\train\414081\4140810154\4140810154.npz,4140810154.npz,0,test
5183,data\raw\daisee\train\414081\4140810158\4140810158.npz,4140810158.npz,0,train
5184,data\raw\daisee\train\414081\4140810159\4140810159.npz,4140810159.npz,1,val
5185,data\raw\daisee\train\414081\414081016\414081016.npz,414081016.npz,0,train
5186,data\raw\daisee\train\414081\4140810162\4140810162.npz,4140810162.npz,1,train
5187,data\raw\daisee\train\414081\4140810163\4140810163.npz,4140810163.npz,0,test
5188,data\raw\daisee\train\414081\4140810164\4140810164.npz,4140810164.npz,0,train
5189,data\raw\daisee\train\414081\4140810165\4140810165.npz,4140810165.npz,0,train
5190,data\raw\daisee\train\414081\414081017\414081017.npz,414081017.npz,1,train
5191,data\raw\daisee\train\414081\4140810171\4140810171.npz,4140810171.npz,0,train
5192,data\raw\daisee\train\414081\4140810173\4140810173.npz,4140810173.npz,1,test
5193,data\raw\daisee\train\414081\4140810175\4140810175.npz,4140810175.npz,0,val
5194,data\raw\daisee\train\414081\4140810176\4140810176.npz,4140810176.npz,0,train
5195,data\raw\daisee\train\414081\4140810179\4140810179.npz,4140810179.npz,0,train
5196,data\raw\daisee\train\414081\414081018\414081018.npz,414081018.npz,0,val
5197,data\raw\daisee\train\414081\4140810180\4140810180.npz,4140810180.npz,0,train
5198,data\raw\daisee\train\414081\4140810181\4140810181.npz,4140810181.npz,0,train
5199,data\raw\daisee\train\414081\4140810182\4140810182.npz,4140810182.npz,0,train
5200,data\raw\daisee\train\414081\4140810183\4140810183.npz,4140810183.npz,0,train
5201,data\raw\daisee\train\414081\4140810184\4140810184.npz,4140810184.npz,0,train
5202,data\raw\daisee\train\414081\4140810185\4140810185.npz,4140810185.npz,0,test
5203,data\raw\daisee\train\414081\414081019\414081019.npz,414081019.npz,0,train
5204,data\raw\daisee\train\414081\414081021\414081021.npz,414081021.npz,0,train
5205,data\raw\daisee\train\414081\4140810210\4140810210.npz,4140810210.npz,1,test
5206,data\raw\daisee\train\414081\4140810211\4140810211.npz,4140810211.npz,0,train
5207,data\raw\daisee\train\414081\4140810212\4140810212.npz,4140810212.npz,0,train
5208,data\raw\daisee\train\414081\4140810215\4140810215.npz,4140810215.npz,0,train
5209,data\raw\daisee\train\414081\4140810217\4140810217.npz,4140810217.npz,1,train
5210,data\raw\daisee\train\414081\4140810219\4140810219.npz,4140810219.npz,1,train
5211,data\raw\daisee\train\414081\4140810220\4140810220.npz,4140810220.npz,0,train
5212,data\raw\daisee\train\414081\4140810221\4140810221.npz,4140810221.npz,0,train
5213,data\raw\daisee\train\414081\4140810222\4140810222.npz,4140810222.npz,1,train
5214,data\raw\daisee\train\414081\4140810223\4140810223.npz,4140810223.npz,0,train
5215,data\raw\daisee\train\414081\4140810224\4140810224.npz,4140810224.npz,0,train
5216,data\raw\daisee\train\414081\4140810225\4140810225.npz,4140810225.npz,0,test
5217,data\raw\daisee\train\414081\4140810226\4140810226.npz,4140810226.npz,0,train
5218,data\raw\daisee\train\414081\4140810228\4140810228.npz,4140810228.npz,0,train
5219,data\raw\daisee\train\414081\4140810229\4140810229.npz,4140810229.npz,0,train
5220,data\raw\daisee\train\414081\414081023\414081023.npz,414081023.npz,0,train
5221,data\raw\daisee\train\414081\4140810230\4140810230.npz,4140810230.npz,0,train
5222,data\raw\daisee\train\414081\4140810233\4140810233.npz,4140810233.npz,0,train
5223,data\raw\daisee\train\414081\4140810234\4140810234.npz,4140810234.npz,1,train
5224,data\raw\daisee\train\414081\4140810237\4140810237.npz,4140810237.npz,0,train
5225,data\raw\daisee\train\414081\4140810239\4140810239.npz,4140810239.npz,0,train
5226,data\raw\daisee\train\414081\4140810240\4140810240.npz,4140810240.npz,0,train
5227,data\raw\daisee\train\414081\4140810242\4140810242.npz,4140810242.npz,0,train
5228,data\raw\daisee\train\414081\4140810244\4140810244.npz,4140810244.npz,0,train
5229,data\raw\daisee\train\414081\4140810246\4140810246.npz,4140810246.npz,0,train
5230,data\raw\daisee\train\414081\4140810247\4140810247.npz,4140810247.npz,0,train
5231,data\raw\daisee\train\414081\4140810249\4140810249.npz,4140810249.npz,0,train
5232,data\raw\daisee\train\414081\414081025\414081025.npz,414081025.npz,0,train
5233,data\raw\daisee\train\414081\4140810250\4140810250.npz,4140810250.npz,0,train
5234,data\raw\daisee\train\414081\4140810251\4140810251.npz,4140810251.npz,0,train
5235,data\raw\daisee\train\414081\4140810252\4140810252.npz,4140810252.npz,1,train
5236,data\raw\daisee\train\414081\4140810253\4140810253.npz,4140810253.npz,0,test
5237,data\raw\daisee\train\414081\4140810254\4140810254.npz,4140810254.npz,0,train
5238,data\raw\daisee\train\414081\4140810255\4140810255.npz,4140810255.npz,1,test
5239,data\raw\daisee\train\414081\4140810256\4140810256.npz,4140810256.npz,0,val
5240,data\raw\daisee\train\414081\4140810257\4140810257.npz,4140810257.npz,0,train
5241,data\raw\daisee\train\414081\4140810258\4140810258.npz,4140810258.npz,0,val
5242,data\raw\daisee\train\414081\4140810259\4140810259.npz,4140810259.npz,0,train
5243,data\raw\daisee\train\414081\414081026\414081026.npz,414081026.npz,0,train
5244,data\raw\daisee\train\414081\4140810264\4140810264.npz,4140810264.npz,0,val
5245,data\raw\daisee\train\414081\4140810265\4140810265.npz,4140810265.npz,0,train
5246,data\raw\daisee\train\414081\4140810266\4140810266.npz,4140810266.npz,0,test
5247,data\raw\daisee\train\414081\4140810268\4140810268.npz,4140810268.npz,0,train
5248,data\raw\daisee\train\414081\4140810269\4140810269.npz,4140810269.npz,0,train
5249,data\raw\daisee\train\414081\414081027\414081027.npz,414081027.npz,0,train
5250,data\raw\daisee\train\414081\4140810270\4140810270.npz,4140810270.npz,0,test
5251,data\raw\daisee\train\414081\4140810271\4140810271.npz,4140810271.npz,0,train
5252,data\raw\daisee\train\414081\4140810272\4140810272.npz,4140810272.npz,1,train
5253,data\raw\daisee\train\414081\4140810273\4140810273.npz,4140810273.npz,0,train
5254,data\raw\daisee\train\414081\4140810274\4140810274.npz,4140810274.npz,0,train
5255,data\raw\daisee\train\414081\4140810276\4140810276.npz,4140810276.npz,0,train
5256,data\raw\daisee\train\414081\4140810277\4140810277.npz,4140810277.npz,0,val
5257,data\raw\daisee\train\414081\4140810278\4140810278.npz,4140810278.npz,0,test
5258,data\raw\daisee\train\414081\4140810279\4140810279.npz,4140810279.npz,0,train
5259,data\raw\daisee\train\414081\414081028\414081028.npz,414081028.npz,0,train
5260,data\raw\daisee\train\414081\4140810280\4140810280.npz,4140810280.npz,0,test
5261,data\raw\daisee\train\414081\414081029\414081029.npz,414081029.npz,0,train
5262,data\raw\daisee\train\459999\459999011\459999011.npz,459999011.npz,0,train
5263,data\raw\daisee\train\459999\4599990110\4599990110.npz,4599990110.npz,0,train
5264,data\raw\daisee\train\459999\4599990112\4599990112.npz,4599990112.npz,0,test
5265,data\raw\daisee\train\459999\4599990113\4599990113.npz,4599990113.npz,0,train
5266,data\raw\daisee\train\459999\4599990114\4599990114.npz,4599990114.npz,0,val
5267,data\raw\daisee\train\459999\4599990116\4599990116.npz,4599990116.npz,0,train
5268,data\raw\daisee\train\459999\4599990117\4599990117.npz,4599990117.npz,0,train
5269,data\raw\daisee\train\459999\4599990118\4599990118.npz,4599990118.npz,0,test
5270,data\raw\daisee\train\459999\4599990119\4599990119.npz,4599990119.npz,0,train
5271,data\raw\daisee\train\459999\459999012\459999012.npz,459999012.npz,0,train
5272,data\raw\daisee\train\459999\4599990120\4599990120.npz,4599990120.npz,0,train
5273,data\raw\daisee\train\459999\4599990125\4599990125.npz,4599990125.npz,0,train
5274,data\raw\daisee\train\459999\4599990126\4599990126.npz,4599990126.npz,0,train
5275,data\raw\daisee\train\459999\4599990128\4599990128.npz,4599990128.npz,1,train
5276,data\raw\daisee\train\459999\4599990129\4599990129.npz,4599990129.npz,0,train
5277,data\raw\daisee\train\459999\459999013\459999013.npz,459999013.npz,0,train
5278,data\raw\daisee\train\459999\4599990130\4599990130.npz,4599990130.npz,0,train
5279,data\raw\daisee\train\459999\4599990131\4599990131.npz,4599990131.npz,0,val
5280,data\raw\daisee\train\459999\4599990132\4599990132.npz,4599990132.npz,1,train
5281,data\raw\daisee\train\459999\4599990133\4599990133.npz,4599990133.npz,1,train
5282,data\raw\daisee\train\459999\4599990134\4599990134.npz,4599990134.npz,0,train
5283,data\raw\daisee\train\459999\4599990136\4599990136.npz,4599990136.npz,0,train
5284,data\raw\daisee\train\459999\4599990137\4599990137.npz,4599990137.npz,0,train
5285,data\raw\daisee\train\459999\4599990139\4599990139.npz,4599990139.npz,0,train
5286,data\raw\daisee\train\459999\4599990141\4599990141.npz,4599990141.npz,0,val
5287,data\raw\daisee\train\459999\4599990144\4599990144.npz,4599990144.npz,0,train
5288,data\raw\daisee\train\459999\4599990146\4599990146.npz,4599990146.npz,0,test
5289,data\raw\daisee\train\459999\4599990148\4599990148.npz,4599990148.npz,0,train
5290,data\raw\daisee\train\459999\4599990149\4599990149.npz,4599990149.npz,0,val
5291,data\raw\daisee\train\459999\4599990153\4599990153.npz,4599990153.npz,1,train
5292,data\raw\daisee\train\459999\4599990154\4599990154.npz,4599990154.npz,0,test
5293,data\raw\daisee\train\459999\4599990155\4599990155.npz,4599990155.npz,0,train
5294,data\raw\daisee\train\459999\459999016\459999016.npz,459999016.npz,1,train
5295,data\raw\daisee\train\459999\4599990163\4599990163.npz,4599990163.npz,0,val
5296,data\raw\daisee\train\459999\4599990165\4599990165.npz,4599990165.npz,0,test
5297,data\raw\daisee\train\459999\4599990166\4599990166.npz,4599990166.npz,1,train
5298,data\raw\daisee\train\459999\4599990168\4599990168.npz,4599990168.npz,1,train
5299,data\raw\daisee\train\459999\459999017\459999017.npz,459999017.npz,0,train
5300,data\raw\daisee\train\459999\4599990171\4599990171.npz,4599990171.npz,0,val
5301,data\raw\daisee\train\459999\459999021\459999021.npz,459999021.npz,0,train
5302,data\raw\daisee\train\459999\4599990211\4599990211.npz,4599990211.npz,1,train
5303,data\raw\daisee\train\459999\4599990212\4599990212.npz,4599990212.npz,0,test
5304,data\raw\daisee\train\459999\4599990214\4599990214.npz,4599990214.npz,0,test
5305,data\raw\daisee\train\459999\4599990216\4599990216.npz,4599990216.npz,0,train
5306,data\raw\daisee\train\459999\4599990218\4599990218.npz,4599990218.npz,0,train
5307,data\raw\daisee\train\459999\459999022\459999022.npz,459999022.npz,0,train
5308,data\raw\daisee\train\459999\4599990221\4599990221.npz,4599990221.npz,0,train
5309,data\raw\daisee\train\459999\4599990222\4599990222.npz,4599990222.npz,0,train
5310,data\raw\daisee\train\459999\4599990223\4599990223.npz,4599990223.npz,0,train
5311,data\raw\daisee\train\459999\4599990224\4599990224.npz,4599990224.npz,0,val
5312,data\raw\daisee\train\459999\4599990226\4599990226.npz,4599990226.npz,0,test
5313,data\raw\daisee\train\459999\4599990231\4599990231.npz,4599990231.npz,0,train
5314,data\raw\daisee\train\459999\4599990233\4599990233.npz,4599990233.npz,0,train
5315,data\raw\daisee\train\459999\4599990234\4599990234.npz,4599990234.npz,0,val
5316,data\raw\daisee\train\459999\4599990238\4599990238.npz,4599990238.npz,0,test
5317,data\raw\daisee\train\459999\459999024\459999024.npz,459999024.npz,1,train
5318,data\raw\daisee\train\459999\4599990240\4599990240.npz,4599990240.npz,1,train
5319,data\raw\daisee\train\459999\4599990241\4599990241.npz,4599990241.npz,0,train
5320,data\raw\daisee\train\459999\4599990243\4599990243.npz,4599990243.npz,0,train
5321,data\raw\daisee\train\459999\4599990244\4599990244.npz,4599990244.npz,0,train
5322,data\raw\daisee\train\459999\4599990245\4599990245.npz,4599990245.npz,0,train
5323,data\raw\daisee\train\459999\4599990246\4599990246.npz,4599990246.npz,0,train
5324,data\raw\daisee\train\459999\4599990247\4599990247.npz,4599990247.npz,0,train
5325,data\raw\daisee\train\459999\4599990248\4599990248.npz,4599990248.npz,0,train
5326,data\raw\daisee\train\459999\4599990249\4599990249.npz,4599990249.npz,0,val
5327,data\raw\daisee\train\459999\459999025\459999025.npz,459999025.npz,0,train
5328,data\raw\daisee\train\459999\4599990253\4599990253.npz,4599990253.npz,0,train
5329,data\raw\daisee\train\459999\4599990254\4599990254.npz,4599990254.npz,1,train
5330,data\raw\daisee\train\459999\4599990255\4599990255.npz,4599990255.npz,0,train
5331,data\raw\daisee\train\459999\4599990256\4599990256.npz,4599990256.npz,0,train
5332,data\raw\daisee\train\459999\4599990263\4599990263.npz,4599990263.npz,0,train
5333,data\raw\daisee\train\459999\4599990264\4599990264.npz,4599990264.npz,1,train
5334,data\raw\daisee\train\459999\4599990269\4599990269.npz,4599990269.npz,0,train
5335,data\raw\daisee\train\459999\4599990270\4599990270.npz,4599990270.npz,0,train
5336,data\raw\daisee\train\459999\4599990272\4599990272.npz,4599990272.npz,0,train
5337,data\raw\daisee\train\459999\4599990273\4599990273.npz,4599990273.npz,0,train
5338,data\raw\daisee\train\459999\4599990274\4599990274.npz,4599990274.npz,0,train
5339,data\raw\daisee\train\459999\4599990275\4599990275.npz,4599990275.npz,0,train
5340,data\raw\daisee\train\459999\4599990276\4599990276.npz,4599990276.npz,0,train
5341,data\raw\daisee\train\459999\459999028\459999028.npz,459999028.npz,0,train
5342,data\raw\daisee\train\459999\4599990283\4599990283.npz,4599990283.npz,0,train
5343,data\raw\daisee\train\522129\5221290110\5221290110.npz,5221290110.npz,0,train
5344,data\raw\daisee\train\522129\5221290111\5221290111.npz,5221290111.npz,0,train
5345,data\raw\daisee\train\522129\5221290112\5221290112.npz,5221290112.npz,0,train
5346,data\raw\daisee\train\522129\5221290114\5221290114.npz,5221290114.npz,0,train
5347,data\raw\daisee\train\522129\5221290115\5221290115.npz,5221290115.npz,0,test
5348,data\raw\daisee\train\522129\5221290116\5221290116.npz,5221290116.npz,0,train
5349,data\raw\daisee\train\522129\5221290118\5221290118.npz,5221290118.npz,0,val
5350,data\raw\daisee\train\522129\5221290119\5221290119.npz,5221290119.npz,0,train
5351,data\raw\daisee\train\522129\5221290121\5221290121.npz,5221290121.npz,0,train
5352,data\raw\daisee\train\522129\5221290122\5221290122.npz,5221290122.npz,0,train
5353,data\raw\daisee\train\522129\5221290123\5221290123.npz,5221290123.npz,0,train
5354,data\raw\daisee\train\522129\5221290124\5221290124.npz,5221290124.npz,0,train
5355,data\raw\daisee\train\522129\5221290126\5221290126.npz,5221290126.npz,0,train
5356,data\raw\daisee\train\522129\5221290127\5221290127.npz,5221290127.npz,0,train
5357,data\raw\daisee\train\522129\5221290129\5221290129.npz,5221290129.npz,0,test
5358,data\raw\daisee\train\522129\522129013\522129013.npz,522129013.npz,0,train
5359,data\raw\daisee\train\522129\5221290131\5221290131.npz,5221290131.npz,0,val
5360,data\raw\daisee\train\522129\5221290132\5221290132.npz,5221290132.npz,0,train
5361,data\raw\daisee\train\522129\5221290134\5221290134.npz,5221290134.npz,0,train
5362,data\raw\daisee\train\522129\5221290135\5221290135.npz,5221290135.npz,0,test
5363,data\raw\daisee\train\522129\5221290137\5221290137.npz,5221290137.npz,0,train
5364,data\raw\daisee\train\522129\5221290138\5221290138.npz,5221290138.npz,0,train
5365,data\raw\daisee\train\522129\5221290140\5221290140.npz,5221290140.npz,0,test
5366,data\raw\daisee\train\522129\5221290141\5221290141.npz,5221290141.npz,0,test
5367,data\raw\daisee\train\522129\5221290142\5221290142.npz,5221290142.npz,0,train
5368,data\raw\daisee\train\522129\5221290144\5221290144.npz,5221290144.npz,0,train
5369,data\raw\daisee\train\522129\5221290145\5221290145.npz,5221290145.npz,0,train
5370,data\raw\daisee\train\522129\5221290147\5221290147.npz,5221290147.npz,0,test
5371,data\raw\daisee\train\522129\5221290149\5221290149.npz,5221290149.npz,0,test
5372,data\raw\daisee\train\522129\5221290150\5221290150.npz,5221290150.npz,0,train
5373,data\raw\daisee\train\522129\5221290151\5221290151.npz,5221290151.npz,0,train
5374,data\raw\daisee\train\522129\5221290155\5221290155.npz,5221290155.npz,0,train
5375,data\raw\daisee\train\522129\5221290158\5221290158.npz,5221290158.npz,0,train
5376,data\raw\daisee\train\522129\522129016\522129016.npz,522129016.npz,0,train
5377,data\raw\daisee\train\522129\5221290161\5221290161.npz,5221290161.npz,0,train
5378,data\raw\daisee\train\522129\5221290162\5221290162.npz,5221290162.npz,0,train
5379,data\raw\daisee\train\522129\5221290163\5221290163.npz,5221290163.npz,0,train
5380,data\raw\daisee\train\522129\5221290164\5221290164.npz,5221290164.npz,0,train
5381,data\raw\daisee\train\522129\5221290165\5221290165.npz,5221290165.npz,0,train
5382,data\raw\daisee\train\522129\5221290166\5221290166.npz,5221290166.npz,0,train
5383,data\raw\daisee\train\522129\5221290167\5221290167.npz,5221290167.npz,0,train
5384,data\raw\daisee\train\522129\5221290169\5221290169.npz,5221290169.npz,0,test
5385,data\raw\daisee\train\522129\522129017\522129017.npz,522129017.npz,0,train
5386,data\raw\daisee\train\522129\5221290171\5221290171.npz,5221290171.npz,0,train
5387,data\raw\daisee\train\522129\5221290172\5221290172.npz,5221290172.npz,0,train
5388,data\raw\daisee\train\522129\5221290173\5221290173.npz,5221290173.npz,0,train
5389,data\raw\daisee\train\522129\5221290174\5221290174.npz,5221290174.npz,0,train
5390,data\raw\daisee\train\522129\5221290175\5221290175.npz,5221290175.npz,0,test
5391,data\raw\daisee\train\522129\5221290177\5221290177.npz,5221290177.npz,0,train
5392,data\raw\daisee\train\522129\5221290178\5221290178.npz,5221290178.npz,0,train
5393,data\raw\daisee\train\522129\5221290179\5221290179.npz,5221290179.npz,0,train
5394,data\raw\daisee\train\522129\522129018\522129018.npz,522129018.npz,0,val
5395,data\raw\daisee\train\522129\5221290180\5221290180.npz,5221290180.npz,0,train
5396,data\raw\daisee\train\522129\5221290184\5221290184.npz,5221290184.npz,0,train
5397,data\raw\daisee\train\522129\522129021\522129021.npz,522129021.npz,0,train
5398,data\raw\daisee\train\522129\5221290210\5221290210.npz,5221290210.npz,0,val
5399,data\raw\daisee\train\522129\5221290212\5221290212.npz,5221290212.npz,0,train
5400,data\raw\daisee\train\522129\5221290213\5221290213.npz,5221290213.npz,0,train
5401,data\raw\daisee\train\522129\5221290214\5221290214.npz,5221290214.npz,0,train
5402,data\raw\daisee\train\522129\5221290215\5221290215.npz,5221290215.npz,0,train
5403,data\raw\daisee\train\522129\5221290216\5221290216.npz,5221290216.npz,0,train
5404,data\raw\daisee\train\522129\5221290217\5221290217.npz,5221290217.npz,0,train
5405,data\raw\daisee\train\522129\522129022\522129022.npz,522129022.npz,0,train
5406,data\raw\daisee\train\522129\5221290220\5221290220.npz,5221290220.npz,0,train
5407,data\raw\daisee\train\522129\5221290221\5221290221.npz,5221290221.npz,0,train
5408,data\raw\daisee\train\522129\5221290222\5221290222.npz,5221290222.npz,0,train
5409,data\raw\daisee\train\522129\5221290223\5221290223.npz,5221290223.npz,0,val
5410,data\raw\daisee\train\522129\5221290226\5221290226.npz,5221290226.npz,0,train
5411,data\raw\daisee\train\522129\5221290227\5221290227.npz,5221290227.npz,0,test
5412,data\raw\daisee\train\522129\5221290228\5221290228.npz,5221290228.npz,0,test
5413,data\raw\daisee\train\522129\5221290230\5221290230.npz,5221290230.npz,0,test
5414,data\raw\daisee\train\522129\5221290231\5221290231.npz,5221290231.npz,0,train
5415,data\raw\daisee\train\522129\5221290235\5221290235.npz,5221290235.npz,0,train
5416,data\raw\daisee\train\522129\5221290237\5221290237.npz,5221290237.npz,0,train
5417,data\raw\daisee\train\522129\5221290238\5221290238.npz,5221290238.npz,0,train
5418,data\raw\daisee\train\522129\5221290239\5221290239.npz,5221290239.npz,0,test
5419,data\raw\daisee\train\522129\522129024\522129024.npz,522129024.npz,0,val
5420,data\raw\daisee\train\522129\5221290240\5221290240.npz,5221290240.npz,0,train
5421,data\raw\daisee\train\522129\5221290242\5221290242.npz,5221290242.npz,0,test
5422,data\raw\daisee\train\522129\5221290247\5221290247.npz,5221290247.npz,0,val
5423,data\raw\daisee\train\522129\5221290249\5221290249.npz,5221290249.npz,0,train
5424,data\raw\daisee\train\522129\522129025\522129025.npz,522129025.npz,0,val
5425,data\raw\daisee\train\522129\5221290250\5221290250.npz,5221290250.npz,0,train
5426,data\raw\daisee\train\522129\5221290251\5221290251.npz,5221290251.npz,0,val
5427,data\raw\daisee\train\522129\5221290252\5221290252.npz,5221290252.npz,0,train
5428,data\raw\daisee\train\522129\5221290253\5221290253.npz,5221290253.npz,0,train
5429,data\raw\daisee\train\522129\5221290254\5221290254.npz,5221290254.npz,0,val
5430,data\raw\daisee\train\522129\5221290255\5221290255.npz,5221290255.npz,0,test
5431,data\raw\daisee\train\522129\5221290256\5221290256.npz,5221290256.npz,0,train
5432,data\raw\daisee\train\522129\5221290257\5221290257.npz,5221290257.npz,0,train
5433,data\raw\daisee\train\522129\5221290258\5221290258.npz,5221290258.npz,0,train
5434,data\raw\daisee\train\522129\5221290259\5221290259.npz,5221290259.npz,0,train
5435,data\raw\daisee\train\522129\522129026\522129026.npz,522129026.npz,0,val
5436,data\raw\daisee\train\522129\5221290263\5221290263.npz,5221290263.npz,0,test
5437,data\raw\daisee\train\522129\5221290264\5221290264.npz,5221290264.npz,0,val
5438,data\raw\daisee\train\522129\5221290266\5221290266.npz,5221290266.npz,0,test
5439,data\raw\daisee\train\522129\5221290268\5221290268.npz,5221290268.npz,0,train
5440,data\raw\daisee\train\522129\5221290269\5221290269.npz,5221290269.npz,0,train
5441,data\raw\daisee\train\522129\522129027\522129027.npz,522129027.npz,0,train
5442,data\raw\daisee\train\522129\5221290270\5221290270.npz,5221290270.npz,0,train
5443,data\raw\daisee\train\522129\5221290271\5221290271.npz,5221290271.npz,0,train
5444,data\raw\daisee\train\522129\5221290272\5221290272.npz,5221290272.npz,0,train
5445,data\raw\daisee\train\522129\5221290273\5221290273.npz,5221290273.npz,0,train
5446,data\raw\daisee\train\522129\5221290274\5221290274.npz,5221290274.npz,0,val
5447,data\raw\daisee\train\522129\5221290275\5221290275.npz,5221290275.npz,0,train
5448,data\raw\daisee\train\522129\5221290279\5221290279.npz,5221290279.npz,0,train
5449,data\raw\daisee\train\522129\5221290280\5221290280.npz,5221290280.npz,1,train
5450,data\raw\daisee\train\522129\5221290282\5221290282.npz,5221290282.npz,0,train
5451,data\raw\daisee\train\522129\5221290284\5221290284.npz,5221290284.npz,0,train
5452,data\raw\daisee\val\400022\4000221001\4000221001.npz,4000221001.npz,0,train
5453,data\raw\daisee\val\400022\4000221002\4000221002.npz,4000221002.npz,0,val
5454,data\raw\daisee\val\400022\4000221006\4000221006.npz,4000221006.npz,0,train
5455,data\raw\daisee\val\400022\4000221008\4000221008.npz,4000221008.npz,0,train
5456,data\raw\daisee\val\400022\4000221009\4000221009.npz,4000221009.npz,1,train
5457,data\raw\daisee\val\400022\4000221010\4000221010.npz,4000221010.npz,1,test
5458,data\raw\daisee\val\400022\4000221011\4000221011.npz,4000221011.npz,1,train
5459,data\raw\daisee\val\400022\4000221013\4000221013.npz,4000221013.npz,1,train
5460,data\raw\daisee\val\400022\4000221014\4000221014.npz,4000221014.npz,1,test
5461,data\raw\daisee\val\400022\4000221015\4000221015.npz,4000221015.npz,1,test
5462,data\raw\daisee\val\400022\4000221016\4000221016.npz,4000221016.npz,0,train
5463,data\raw\daisee\val\400022\4000221017\4000221017.npz,4000221017.npz,0,train
5464,data\raw\daisee\val\400022\4000221018\4000221018.npz,4000221018.npz,0,train
5465,data\raw\daisee\val\400022\4000221024\4000221024.npz,4000221024.npz,1,val
5466,data\raw\daisee\val\400022\4000221033\4000221033.npz,4000221033.npz,0,test
5467,data\raw\daisee\val\400022\4000221034\4000221034.npz,4000221034.npz,1,test
5468,data\raw\daisee\val\400022\4000221035\4000221035.npz,4000221035.npz,1,val
5469,data\raw\daisee\val\400022\4000221036\4000221036.npz,4000221036.npz,1,train
5470,data\raw\daisee\val\400022\4000221040\4000221040.npz,4000221040.npz,1,train
5471,data\raw\daisee\val\400022\4000221041\4000221041.npz,4000221041.npz,1,train
5472,data\raw\daisee\val\400022\4000221042\4000221042.npz,4000221042.npz,1,test
5473,data\raw\daisee\val\400022\4000221054\4000221054.npz,4000221054.npz,0,train
5474,data\raw\daisee\val\400022\4000221055\4000221055.npz,4000221055.npz,1,test
5475,data\raw\daisee\val\400022\4000221061\4000221061.npz,4000221061.npz,0,val
5476,data\raw\daisee\val\400022\4000221062\4000221062.npz,4000221062.npz,1,train
5477,data\raw\daisee\val\400022\4000221064\4000221064.npz,4000221064.npz,0,val
5478,data\raw\daisee\val\400022\4000221065\4000221065.npz,4000221065.npz,1,train
5479,data\raw\daisee\val\400022\4000221066\4000221066.npz,4000221066.npz,1,train
5480,data\raw\daisee\val\400022\4000221067\4000221067.npz,4000221067.npz,0,train
5481,data\raw\daisee\val\400022\4000221071\4000221071.npz,4000221071.npz,1,train
5482,data\raw\daisee\val\400022\4000221072\4000221072.npz,4000221072.npz,1,train
5483,data\raw\daisee\val\400022\4000222001\4000222001.npz,4000222001.npz,0,train
5484,data\raw\daisee\val\400022\4000222003\4000222003.npz,4000222003.npz,1,train
5485,data\raw\daisee\val\400022\4000222004\4000222004.npz,4000222004.npz,1,test
5486,data\raw\daisee\val\400022\4000222007\4000222007.npz,4000222007.npz,1,train
5487,data\raw\daisee\val\400022\4000222012\4000222012.npz,4000222012.npz,0,train
5488,data\raw\daisee\val\400022\4000222013\4000222013.npz,4000222013.npz,1,test
5489,data\raw\daisee\val\400022\4000222014\4000222014.npz,4000222014.npz,1,train
5490,data\raw\daisee\val\400022\4000222015\4000222015.npz,4000222015.npz,1,val
5491,data\raw\daisee\val\400022\4000222017\4000222017.npz,4000222017.npz,1,val
5492,data\raw\daisee\val\400022\4000222031\4000222031.npz,4000222031.npz,1,train
5493,data\raw\daisee\val\400022\4000222032\4000222032.npz,4000222032.npz,1,train
5494,data\raw\daisee\val\400022\4000222035\4000222035.npz,4000222035.npz,1,train
5495,data\raw\daisee\val\400022\4000222036\4000222036.npz,4000222036.npz,1,train
5496,data\raw\daisee\val\400022\4000222038\4000222038.npz,4000222038.npz,0,train
5497,data\raw\daisee\val\400022\4000222039\4000222039.npz,4000222039.npz,1,train
5498,data\raw\daisee\val\400022\4000222040\4000222040.npz,4000222040.npz,1,train
5499,data\raw\daisee\val\400022\4000222041\4000222041.npz,4000222041.npz,1,train
5500,data\raw\daisee\val\400022\4000222042\4000222042.npz,4000222042.npz,1,test
5501,data\raw\daisee\val\400022\4000222044\4000222044.npz,4000222044.npz,1,test
5502,data\raw\daisee\val\400022\4000222045\4000222045.npz,4000222045.npz,0,train
5503,data\raw\daisee\val\400022\4000222046\4000222046.npz,4000222046.npz,0,train
5504,data\raw\daisee\val\400022\4000222051\4000222051.npz,4000222051.npz,1,train
5505,data\raw\daisee\val\400022\4000222052\4000222052.npz,4000222052.npz,1,val
5506,data\raw\daisee\val\400022\4000222054\4000222054.npz,4000222054.npz,0,train
5507,data\raw\daisee\val\400022\4000222056\4000222056.npz,4000222056.npz,0,train
5508,data\raw\daisee\val\400022\4000222057\4000222057.npz,4000222057.npz,0,val
5509,data\raw\daisee\val\400022\4000222068\4000222068.npz,4000222068.npz,1,val
5510,data\raw\daisee\val\400022\4000222069\4000222069.npz,4000222069.npz,1,val
5511,data\raw\daisee\val\400022\4000222070\4000222070.npz,4000222070.npz,1,train
5512,data\raw\daisee\val\400023\4000231001\4000231001.npz,4000231001.npz,0,train
5513,data\raw\daisee\val\400023\4000231008\4000231008.npz,4000231008.npz,0,test
5514,data\raw\daisee\val\400023\4000231010\4000231010.npz,4000231010.npz,0,val
5515,data\raw\daisee\val\400023\4000231011\4000231011.npz,4000231011.npz,0,test
5516,data\raw\daisee\val\400023\4000231012\4000231012.npz,4000231012.npz,0,train
5517,data\raw\daisee\val\400023\4000231013\4000231013.npz,4000231013.npz,0,val
5518,data\raw\daisee\val\400023\4000231014\4000231014.npz,4000231014.npz,0,train
5519,data\raw\daisee\val\400023\4000231021\4000231021.npz,4000231021.npz,0,val
5520,data\raw\daisee\val\400023\4000231032\4000231032.npz,4000231032.npz,0,train
5521,data\raw\daisee\val\400023\4000231033\4000231033.npz,4000231033.npz,0,val
5522,data\raw\daisee\val\400023\4000231034\4000231034.npz,4000231034.npz,0,train
5523,data\raw\daisee\val\400023\4000231037\4000231037.npz,4000231037.npz,0,train
5524,data\raw\daisee\val\400023\4000231038\4000231038.npz,4000231038.npz,0,train
5525,data\raw\daisee\val\400023\4000231047\4000231047.npz,4000231047.npz,0,train
5526,data\raw\daisee\val\400023\4000231049\4000231049.npz,4000231049.npz,0,val
5527,data\raw\daisee\val\400023\4000231052\4000231052.npz,4000231052.npz,0,train
5528,data\raw\daisee\val\400023\4000231060\4000231060.npz,4000231060.npz,0,train
5529,data\raw\daisee\val\400023\4000231061\4000231061.npz,4000231061.npz,0,val
5530,data\raw\daisee\val\400023\4000231063\4000231063.npz,4000231063.npz,0,train
5531,data\raw\daisee\val\400023\4000231065\4000231065.npz,4000231065.npz,0,test
5532,data\raw\daisee\val\400023\4000231070\4000231070.npz,4000231070.npz,0,train
5533,data\raw\daisee\val\400023\4000231071\4000231071.npz,4000231071.npz,0,test
5534,data\raw\daisee\val\400023\4000231073\4000231073.npz,4000231073.npz,0,train
5535,data\raw\daisee\val\400023\4000231074\4000231074.npz,4000231074.npz,0,train
5536,data\raw\daisee\val\400023\4000231081\4000231081.npz,4000231081.npz,0,val
5537,data\raw\daisee\val\400023\4000232001\4000232001.npz,4000232001.npz,0,train
5538,data\raw\daisee\val\400023\4000232004\4000232004.npz,4000232004.npz,0,test
5539,data\raw\daisee\val\400023\4000232005\4000232005.npz,4000232005.npz,0,train
5540,data\raw\daisee\val\400023\4000232006\4000232006.npz,4000232006.npz,0,train
5541,data\raw\daisee\val\400023\4000232007\4000232007.npz,4000232007.npz,0,val
5542,data\raw\daisee\val\400023\4000232010\4000232010.npz,4000232010.npz,0,train
5543,data\raw\daisee\val\400023\4000232016\4000232016.npz,4000232016.npz,0,train
5544,data\raw\daisee\val\400023\4000232017\4000232017.npz,4000232017.npz,0,train
5545,data\raw\daisee\val\400023\4000232018\4000232018.npz,4000232018.npz,0,train
5546,data\raw\daisee\val\400023\4000232022\4000232022.npz,4000232022.npz,1,train
5547,data\raw\daisee\val\400023\4000232024\4000232024.npz,4000232024.npz,0,test
5548,data\raw\daisee\val\400023\4000232027\4000232027.npz,4000232027.npz,0,val
5549,data\raw\daisee\val\400023\4000232034\4000232034.npz,4000232034.npz,0,train
5550,data\raw\daisee\val\400023\4000232035\4000232035.npz,4000232035.npz,1,test
5551,data\raw\daisee\val\400023\4000232036\4000232036.npz,4000232036.npz,0,test
5552,data\raw\daisee\val\400023\4000232037\4000232037.npz,4000232037.npz,0,test
5553,data\raw\daisee\val\400023\4000232038\4000232038.npz,4000232038.npz,0,train
5554,data\raw\daisee\val\400023\4000232042\4000232042.npz,4000232042.npz,0,train
5555,data\raw\daisee\val\400023\4000232044\4000232044.npz,4000232044.npz,0,train
5556,data\raw\daisee\val\400023\4000232045\4000232045.npz,4000232045.npz,0,test
5557,data\raw\daisee\val\400023\4000232048\4000232048.npz,4000232048.npz,0,train
5558,data\raw\daisee\val\400023\4000232051\4000232051.npz,4000232051.npz,0,train
5559,data\raw\daisee\val\400023\4000232054\4000232054.npz,4000232054.npz,0,test
5560,data\raw\daisee\val\400023\4000232059\4000232059.npz,4000232059.npz,1,test
5561,data\raw\daisee\val\400023\4000232062\4000232062.npz,4000232062.npz,1,test
5562,data\raw\daisee\val\400023\4000232065\4000232065.npz,4000232065.npz,0,test
5563,data\raw\daisee\val\400023\4000232068\4000232068.npz,4000232068.npz,0,train
5564,data\raw\daisee\val\400023\4000232071\4000232071.npz,4000232071.npz,1,train
5565,data\raw\daisee\val\400023\4000232072\4000232072.npz,4000232072.npz,0,train
5566,data\raw\daisee\val\400030\4000301002\4000301002.npz,4000301002.npz,1,train
5567,data\raw\daisee\val\400030\4000301003\4000301003.npz,4000301003.npz,1,train
5568,data\raw\daisee\val\400030\4000301005\4000301005.npz,4000301005.npz,1,train
5569,data\raw\daisee\val\400030\4000301006\4000301006.npz,4000301006.npz,1,val
5570,data\raw\daisee\val\400030\4000301007\4000301007.npz,4000301007.npz,1,train
5571,data\raw\daisee\val\400030\4000301008\4000301008.npz,4000301008.npz,0,train
5572,data\raw\daisee\val\400030\4000301010\4000301010.npz,4000301010.npz,1,test
5573,data\raw\daisee\val\400030\4000301011\4000301011.npz,4000301011.npz,1,train
5574,data\raw\daisee\val\400030\4000301012\4000301012.npz,4000301012.npz,1,train
5575,data\raw\daisee\val\400030\4000301013\4000301013.npz,4000301013.npz,0,train
5576,data\raw\daisee\val\400030\4000301014\4000301014.npz,4000301014.npz,0,train
5577,data\raw\daisee\val\400030\4000301015\4000301015.npz,4000301015.npz,1,train
5578,data\raw\daisee\val\400030\4000301016\4000301016.npz,4000301016.npz,0,test
5579,data\raw\daisee\val\400030\4000301018\4000301018.npz,4000301018.npz,0,train
5580,data\raw\daisee\val\400030\4000301019\4000301019.npz,4000301019.npz,1,train
5581,data\raw\daisee\val\400030\4000301020\4000301020.npz,4000301020.npz,0,train
5582,data\raw\daisee\val\400030\4000301021\4000301021.npz,4000301021.npz,1,train
5583,data\raw\daisee\val\400030\4000301022\4000301022.npz,4000301022.npz,1,train
5584,data\raw\daisee\val\400030\4000301023\4000301023.npz,4000301023.npz,0,val
5585,data\raw\daisee\val\400030\4000301025\4000301025.npz,4000301025.npz,0,train
5586,data\raw\daisee\val\400030\4000301026\4000301026.npz,4000301026.npz,0,test
5587,data\raw\daisee\val\400030\4000301027\4000301027.npz,4000301027.npz,0,train
5588,data\raw\daisee\val\400030\4000301028\4000301028.npz,4000301028.npz,1,train
5589,data\raw\daisee\val\400030\4000301031\4000301031.npz,4000301031.npz,1,train
5590,data\raw\daisee\val\400030\4000301032\4000301032.npz,4000301032.npz,0,train
5591,data\raw\daisee\val\400030\4000301034\4000301034.npz,4000301034.npz,0,train
5592,data\raw\daisee\val\400030\4000301038\4000301038.npz,4000301038.npz,0,test
5593,data\raw\daisee\val\400030\4000301039\4000301039.npz,4000301039.npz,0,val
5594,data\raw\daisee\val\400030\4000301040\4000301040.npz,4000301040.npz,1,train
5595,data\raw\daisee\val\400030\4000301041\4000301041.npz,4000301041.npz,0,test
5596,data\raw\daisee\val\400030\4000301043\4000301043.npz,4000301043.npz,0,test
5597,data\raw\daisee\val\400030\4000301044\4000301044.npz,4000301044.npz,0,train
5598,data\raw\daisee\val\400030\4000301045\4000301045.npz,4000301045.npz,0,test
5599,data\raw\daisee\val\400030\4000301047\4000301047.npz,4000301047.npz,0,train
5600,data\raw\daisee\val\400030\4000301049\4000301049.npz,4000301049.npz,1,train
5601,data\raw\daisee\val\400030\4000301052\4000301052.npz,4000301052.npz,0,test
5602,data\raw\daisee\val\400030\4000301053\4000301053.npz,4000301053.npz,0,val
5603,data\raw\daisee\val\400030\4000301054\4000301054.npz,4000301054.npz,0,train
5604,data\raw\daisee\val\400030\4000301055\4000301055.npz,4000301055.npz,1,train
5605,data\raw\daisee\val\400030\4000301056\4000301056.npz,4000301056.npz,0,test
5606,data\raw\daisee\val\400030\4000301057\4000301057.npz,4000301057.npz,0,train
5607,data\raw\daisee\val\400030\4000301058\4000301058.npz,4000301058.npz,1,train
5608,data\raw\daisee\val\400030\4000301059\4000301059.npz,4000301059.npz,0,train
5609,data\raw\daisee\val\400030\4000301060\4000301060.npz,4000301060.npz,1,train
5610,data\raw\daisee\val\400030\4000301061\4000301061.npz,4000301061.npz,1,train
5611,data\raw\daisee\val\400030\4000301062\4000301062.npz,4000301062.npz,0,val
5612,data\raw\daisee\val\400030\4000301063\4000301063.npz,4000301063.npz,0,train
5613,data\raw\daisee\val\400030\4000301064\4000301064.npz,4000301064.npz,0,train
5614,data\raw\daisee\val\400030\4000301065\4000301065.npz,4000301065.npz,1,train
5615,data\raw\daisee\val\400030\4000301066\4000301066.npz,4000301066.npz,1,train
5616,data\raw\daisee\val\400030\4000301067\4000301067.npz,4000301067.npz,1,train
5617,data\raw\daisee\val\400030\4000301068\4000301068.npz,4000301068.npz,1,val
5618,data\raw\daisee\val\400030\4000301069\4000301069.npz,4000301069.npz,1,train
5619,data\raw\daisee\val\400030\4000301070\4000301070.npz,4000301070.npz,1,train
5620,data\raw\daisee\val\400030\4000301071\4000301071.npz,4000301071.npz,1,train
5621,data\raw\daisee\val\400030\4000301072\4000301072.npz,4000301072.npz,0,test
5622,data\raw\daisee\val\400030\4000301073\4000301073.npz,4000301073.npz,0,test
5623,data\raw\daisee\val\400030\4000301074\4000301074.npz,4000301074.npz,0,train
5624,data\raw\daisee\val\400030\4000301076\4000301076.npz,4000301076.npz,1,train
5625,data\raw\daisee\val\400030\4000301079\4000301079.npz,4000301079.npz,1,val
5626,data\raw\daisee\val\400033\4000331001\4000331001.npz,4000331001.npz,0,test
5627,data\raw\daisee\val\400033\4000331002\4000331002.npz,4000331002.npz,0,val
5628,data\raw\daisee\val\400033\4000331003\4000331003.npz,4000331003.npz,0,train
5629,data\raw\daisee\val\400033\4000331004\4000331004.npz,4000331004.npz,0,val
5630,data\raw\daisee\val\400033\4000331005\4000331005.npz,4000331005.npz,0,train
5631,data\raw\daisee\val\400033\4000331006\4000331006.npz,4000331006.npz,0,train
5632,data\raw\daisee\val\400033\4000331007\4000331007.npz,4000331007.npz,0,test
5633,data\raw\daisee\val\400033\4000331008\4000331008.npz,4000331008.npz,0,train
5634,data\raw\daisee\val\400033\4000331011\4000331011.npz,4000331011.npz,0,train
5635,data\raw\daisee\val\400033\4000331012\4000331012.npz,4000331012.npz,0,train
5636,data\raw\daisee\val\400033\4000331013\4000331013.npz,4000331013.npz,1,train
5637,data\raw\daisee\val\400033\4000331015\4000331015.npz,4000331015.npz,0,train
5638,data\raw\daisee\val\400033\4000331017\4000331017.npz,4000331017.npz,1,test
5639,data\raw\daisee\val\400033\4000331019\4000331019.npz,4000331019.npz,0,train
5640,data\raw\daisee\val\400033\4000331020\4000331020.npz,4000331020.npz,0,val
5641,data\raw\daisee\val\400033\4000331021\4000331021.npz,4000331021.npz,0,train
5642,data\raw\daisee\val\400033\4000331022\4000331022.npz,4000331022.npz,0,val
5643,data\raw\daisee\val\400033\4000331023\4000331023.npz,4000331023.npz,0,test
5644,data\raw\daisee\val\400033\4000331025\4000331025.npz,4000331025.npz,0,train
5645,data\raw\daisee\val\400033\4000331027\4000331027.npz,4000331027.npz,0,train
5646,data\raw\daisee\val\400033\4000331029\4000331029.npz,4000331029.npz,0,train
5647,data\raw\daisee\val\400033\4000331030\4000331030.npz,4000331030.npz,0,train
5648,data\raw\daisee\val\400033\4000331031\4000331031.npz,4000331031.npz,0,test
5649,data\raw\daisee\val\400033\4000331032\4000331032.npz,4000331032.npz,0,train
5650,data\raw\daisee\val\400033\4000331033\4000331033.npz,4000331033.npz,0,train
5651,data\raw\daisee\val\400033\4000331035\4000331035.npz,4000331035.npz,0,train
5652,data\raw\daisee\val\400033\4000331036\4000331036.npz,4000331036.npz,1,train
5653,data\raw\daisee\val\400033\4000331037\4000331037.npz,4000331037.npz,1,test
5654,data\raw\daisee\val\400033\4000331038\4000331038.npz,4000331038.npz,0,val
5655,data\raw\daisee\val\400033\4000331039\4000331039.npz,4000331039.npz,0,train
5656,data\raw\daisee\val\400033\4000331040\4000331040.npz,4000331040.npz,0,train
5657,data\raw\daisee\val\400033\4000331041\4000331041.npz,4000331041.npz,0,train
5658,data\raw\daisee\val\400033\4000331042\4000331042.npz,4000331042.npz,0,train
5659,data\raw\daisee\val\400033\4000331043\4000331043.npz,4000331043.npz,0,train
5660,data\raw\daisee\val\400033\4000331044\4000331044.npz,4000331044.npz,0,train
5661,data\raw\daisee\val\400033\4000331045\4000331045.npz,4000331045.npz,0,train
5662,data\raw\daisee\val\400033\4000331046\4000331046.npz,4000331046.npz,0,train
5663,data\raw\daisee\val\400033\4000331051\4000331051.npz,4000331051.npz,1,train
5664,data\raw\daisee\val\400033\4000331052\4000331052.npz,4000331052.npz,0,train
5665,data\raw\daisee\val\400033\4000331053\4000331053.npz,4000331053.npz,0,train
5666,data\raw\daisee\val\400033\4000331054\4000331054.npz,4000331054.npz,0,val
5667,data\raw\daisee\val\400033\4000331055\4000331055.npz,4000331055.npz,1,test
5668,data\raw\daisee\val\400033\4000331056\4000331056.npz,4000331056.npz,0,train
5669,data\raw\daisee\val\400033\4000331057\4000331057.npz,4000331057.npz,0,test
5670,data\raw\daisee\val\400033\4000331058\4000331058.npz,4000331058.npz,0,val
5671,data\raw\daisee\val\400033\4000331060\4000331060.npz,4000331060.npz,0,val
5672,data\raw\daisee\val\400033\4000331062\4000331062.npz,4000331062.npz,0,train
5673,data\raw\daisee\val\400033\4000331063\4000331063.npz,4000331063.npz,1,train
5674,data\raw\daisee\val\400033\4000331064\4000331064.npz,4000331064.npz,1,train
5675,data\raw\daisee\val\400033\4000331067\4000331067.npz,4000331067.npz,0,train
5676,data\raw\daisee\val\400033\4000331068\4000331068.npz,4000331068.npz,0,train
5677,data\raw\daisee\val\400033\4000331069\4000331069.npz,4000331069.npz,0,train
5678,data\raw\daisee\val\400033\4000332001\4000332001.npz,4000332001.npz,0,train
5679,data\raw\daisee\val\400033\4000332002\4000332002.npz,4000332002.npz,0,train
5680,data\raw\daisee\val\400033\4000332007\4000332007.npz,4000332007.npz,0,test
5681,data\raw\daisee\val\400033\4000332008\4000332008.npz,4000332008.npz,0,val
5682,data\raw\daisee\val\400033\4000332009\4000332009.npz,4000332009.npz,0,val
5683,data\raw\daisee\val\400033\4000332010\4000332010.npz,4000332010.npz,0,val
5684,data\raw\daisee\val\400033\4000332012\4000332012.npz,4000332012.npz,0,test
5685,data\raw\daisee\val\400033\4000332013\4000332013.npz,4000332013.npz,0,train
5686,data\raw\daisee\val\400033\4000332014\4000332014.npz,4000332014.npz,0,train
5687,data\raw\daisee\val\400033\4000332015\4000332015.npz,4000332015.npz,1,test
5688,data\raw\daisee\val\400033\4000332017\4000332017.npz,4000332017.npz,0,train
5689,data\raw\daisee\val\400033\4000332019\4000332019.npz,4000332019.npz,0,test
5690,data\raw\daisee\val\400033\4000332020\4000332020.npz,4000332020.npz,0,train
5691,data\raw\daisee\val\400033\4000332021\4000332021.npz,4000332021.npz,0,train
5692,data\raw\daisee\val\400033\4000332022\4000332022.npz,4000332022.npz,0,train
5693,data\raw\daisee\val\400033\4000332023\4000332023.npz,4000332023.npz,0,train
5694,data\raw\daisee\val\400033\4000332025\4000332025.npz,4000332025.npz,0,test
5695,data\raw\daisee\val\400033\4000332027\4000332027.npz,4000332027.npz,0,train
5696,data\raw\daisee\val\400033\4000332030\4000332030.npz,4000332030.npz,1,train
5697,data\raw\daisee\val\400033\4000332031\4000332031.npz,4000332031.npz,1,val
5698,data\raw\daisee\val\400033\4000332032\4000332032.npz,4000332032.npz,0,train
5699,data\raw\daisee\val\400033\4000332034\4000332034.npz,4000332034.npz,0,val
5700,data\raw\daisee\val\400033\4000332035\4000332035.npz,4000332035.npz,0,train
5701,data\raw\daisee\val\400033\4000332036\4000332036.npz,4000332036.npz,0,train
5702,data\raw\daisee\val\400033\4000332037\4000332037.npz,4000332037.npz,0,test
5703,data\raw\daisee\val\400033\4000332038\4000332038.npz,4000332038.npz,0,train
5704,data\raw\daisee\val\400033\4000332039\4000332039.npz,4000332039.npz,0,train
5705,data\raw\daisee\val\400033\4000332041\4000332041.npz,4000332041.npz,0,val
5706,data\raw\daisee\val\400033\4000332044\4000332044.npz,4000332044.npz,0,val
5707,data\raw\daisee\val\400033\4000332045\4000332045.npz,4000332045.npz,1,train
5708,data\raw\daisee\val\400033\4000332046\4000332046.npz,4000332046.npz,1,train
5709,data\raw\daisee\val\400033\4000332048\4000332048.npz,4000332048.npz,0,train
5710,data\raw\daisee\val\400033\4000332050\4000332050.npz,4000332050.npz,0,train
5711,data\raw\daisee\val\400033\4000332051\4000332051.npz,4000332051.npz,1,train
5712,data\raw\daisee\val\400033\4000332052\4000332052.npz,4000332052.npz,0,val
5713,data\raw\daisee\val\400033\4000332057\4000332057.npz,4000332057.npz,0,train
5714,data\raw\daisee\val\400033\4000332059\4000332059.npz,4000332059.npz,1,test
5715,data\raw\daisee\val\400033\4000332060\4000332060.npz,4000332060.npz,0,train
5716,data\raw\daisee\val\400033\4000332061\4000332061.npz,4000332061.npz,0,train
5717,data\raw\daisee\val\400033\4000332062\4000332062.npz,4000332062.npz,0,val
5718,data\raw\daisee\val\400033\4000332063\4000332063.npz,4000332063.npz,0,train
5719,data\raw\daisee\val\400033\4000332064\4000332064.npz,4000332064.npz,0,train
5720,data\raw\daisee\val\400033\4000332066\4000332066.npz,4000332066.npz,0,train
5721,data\raw\daisee\val\400033\4000332067\4000332067.npz,4000332067.npz,0,train
5722,data\raw\daisee\val\400033\4000332068\4000332068.npz,4000332068.npz,0,val
5723,data\raw\daisee\val\400033\4000332071\4000332071.npz,4000332071.npz,0,train
5724,data\raw\daisee\val\400033\4000332072\4000332072.npz,4000332072.npz,1,test
5725,data\raw\daisee\val\400033\4000332073\4000332073.npz,4000332073.npz,1,train
5726,data\raw\daisee\val\400033\4000332074\4000332074.npz,4000332074.npz,0,train
5727,data\raw\daisee\val\400033\4000332075\4000332075.npz,4000332075.npz,1,test
5728,data\raw\daisee\val\400033\4000332077\4000332077.npz,4000332077.npz,1,train
5729,data\raw\daisee\val\400033\4000332078\4000332078.npz,4000332078.npz,1,train
5730,data\raw\daisee\val\400033\4000332079\4000332079.npz,4000332079.npz,0,train
5731,data\raw\daisee\val\400033\4000332080\4000332080.npz,4000332080.npz,0,train
5732,data\raw\daisee\val\400033\4000332081\4000332081.npz,4000332081.npz,0,train
5733,data\raw\daisee\val\400033\4000332082\4000332082.npz,4000332082.npz,1,train
5734,data\raw\daisee\val\410019\4100191001\4100191001.npz,4100191001.npz,1,train
5735,data\raw\daisee\val\410019\4100191002\4100191002.npz,4100191002.npz,0,train
5736,data\raw\daisee\val\410019\4100191003\4100191003.npz,4100191003.npz,0,train
5737,data\raw\daisee\val\410019\4100191004\4100191004.npz,4100191004.npz,0,train
5738,data\raw\daisee\val\410019\4100191006\4100191006.npz,4100191006.npz,1,train
5739,data\raw\daisee\val\410019\4100191007\4100191007.npz,4100191007.npz,0,train
5740,data\raw\daisee\val\410019\4100191008\4100191008.npz,4100191008.npz,1,test
5741,data\raw\daisee\val\410019\4100191010\4100191010.npz,4100191010.npz,0,val
5742,data\raw\daisee\val\410019\4100191012\4100191012.npz,4100191012.npz,0,test
5743,data\raw\daisee\val\410019\4100191014\4100191014.npz,4100191014.npz,1,train
5744,data\raw\daisee\val\410019\4100191016\4100191016.npz,4100191016.npz,0,train
5745,data\raw\daisee\val\410019\4100191017\4100191017.npz,4100191017.npz,1,train
5746,data\raw\daisee\val\410019\4100191018\4100191018.npz,4100191018.npz,1,train
5747,data\raw\daisee\val\410019\4100191020\4100191020.npz,4100191020.npz,1,train
5748,data\raw\daisee\val\410019\4100191021\4100191021.npz,4100191021.npz,1,train
5749,data\raw\daisee\val\410019\4100191023\4100191023.npz,4100191023.npz,0,train
5750,data\raw\daisee\val\410019\4100191024\4100191024.npz,4100191024.npz,1,test
5751,data\raw\daisee\val\410019\4100191025\4100191025.npz,4100191025.npz,1,train
5752,data\raw\daisee\val\410019\4100191026\4100191026.npz,4100191026.npz,0,train
5753,data\raw\daisee\val\410019\4100191030\4100191030.npz,4100191030.npz,1,val
5754,data\raw\daisee\val\410019\4100191031\4100191031.npz,4100191031.npz,1,train
5755,data\raw\daisee\val\410019\4100191032\4100191032.npz,4100191032.npz,1,val
5756,data\raw\daisee\val\410019\4100191033\4100191033.npz,4100191033.npz,1,train
5757,data\raw\daisee\val\410019\4100191034\4100191034.npz,4100191034.npz,1,test
5758,data\raw\daisee\val\410019\4100191035\4100191035.npz,4100191035.npz,1,train
5759,data\raw\daisee\val\410019\4100191038\4100191038.npz,4100191038.npz,1,train
5760,data\raw\daisee\val\410019\4100191039\4100191039.npz,4100191039.npz,1,train
5761,data\raw\daisee\val\410019\4100191041\4100191041.npz,4100191041.npz,1,train
5762,data\raw\daisee\val\410019\4100191042\4100191042.npz,4100191042.npz,1,train
5763,data\raw\daisee\val\410019\4100191043\4100191043.npz,4100191043.npz,1,train
5764,data\raw\daisee\val\410019\4100191045\4100191045.npz,4100191045.npz,1,train
5765,data\raw\daisee\val\410019\4100191046\4100191046.npz,4100191046.npz,1,train
5766,data\raw\daisee\val\410019\4100191052\4100191052.npz,4100191052.npz,1,train
5767,data\raw\daisee\val\410019\4100191053\4100191053.npz,4100191053.npz,1,test
5768,data\raw\daisee\val\410019\4100192001\4100192001.npz,4100192001.npz,1,test
5769,data\raw\daisee\val\410019\4100192002\4100192002.npz,4100192002.npz,1,train
5770,data\raw\daisee\val\410019\4100192003\4100192003.npz,4100192003.npz,0,train
5771,data\raw\daisee\val\410019\4100192004\4100192004.npz,4100192004.npz,1,test
5772,data\raw\daisee\val\410019\4100192005\4100192005.npz,4100192005.npz,0,train
5773,data\raw\daisee\val\410019\4100192006\4100192006.npz,4100192006.npz,1,train
5774,data\raw\daisee\val\410019\4100192007\4100192007.npz,4100192007.npz,1,train
5775,data\raw\daisee\val\410019\4100192010\4100192010.npz,4100192010.npz,1,train
5776,data\raw\daisee\val\410019\4100192011\4100192011.npz,4100192011.npz,1,train
5777,data\raw\daisee\val\410019\4100192012\4100192012.npz,4100192012.npz,1,train
5778,data\raw\daisee\val\410019\4100192013\4100192013.npz,4100192013.npz,1,test
5779,data\raw\daisee\val\410019\4100192014\4100192014.npz,4100192014.npz,1,train
5780,data\raw\daisee\val\410019\4100192015\4100192015.npz,4100192015.npz,1,train
5781,data\raw\daisee\val\410019\4100192019\4100192019.npz,4100192019.npz,1,train
5782,data\raw\daisee\val\410019\4100192020\4100192020.npz,4100192020.npz,1,val
5783,data\raw\daisee\val\410019\4100192022\4100192022.npz,4100192022.npz,1,train
5784,data\raw\daisee\val\410019\4100192023\4100192023.npz,4100192023.npz,0,train
5785,data\raw\daisee\val\410019\4100192024\4100192024.npz,4100192024.npz,1,test
5786,data\raw\daisee\val\410019\4100192025\4100192025.npz,4100192025.npz,0,val
5787,data\raw\daisee\val\410019\4100192026\4100192026.npz,4100192026.npz,1,test
5788,data\raw\daisee\val\410019\4100192027\4100192027.npz,4100192027.npz,1,val
5789,data\raw\daisee\val\410019\4100192028\4100192028.npz,4100192028.npz,1,train
5790,data\raw\daisee\val\410019\4100192029\4100192029.npz,4100192029.npz,1,train
5791,data\raw\daisee\val\410019\4100192031\4100192031.npz,4100192031.npz,1,test
5792,data\raw\daisee\val\410019\4100192032\4100192032.npz,4100192032.npz,1,train
5793,data\raw\daisee\val\410019\4100192033\4100192033.npz,4100192033.npz,0,test
5794,data\raw\daisee\val\410019\4100192034\4100192034.npz,4100192034.npz,1,train
5795,data\raw\daisee\val\410019\4100192036\4100192036.npz,4100192036.npz,1,train
5796,data\raw\daisee\val\410019\4100192037\4100192037.npz,4100192037.npz,1,val
5797,data\raw\daisee\val\410019\4100192038\4100192038.npz,4100192038.npz,1,train
5798,data\raw\daisee\val\410019\4100192039\4100192039.npz,4100192039.npz,1,train
5799,data\raw\daisee\val\410019\4100192040\4100192040.npz,4100192040.npz,1,test
5800,data\raw\daisee\val\410019\4100192043\4100192043.npz,4100192043.npz,1,train
5801,data\raw\daisee\val\410019\4100192044\4100192044.npz,4100192044.npz,1,train
5802,data\raw\daisee\val\410019\4100192045\4100192045.npz,4100192045.npz,1,train
5803,data\raw\daisee\val\410019\4100192046\4100192046.npz,4100192046.npz,1,val
5804,data\raw\daisee\val\410019\4100192047\4100192047.npz,4100192047.npz,1,train
5805,data\raw\daisee\val\410019\4100192048\4100192048.npz,4100192048.npz,1,train
5806,data\raw\daisee\val\410019\4100192049\4100192049.npz,4100192049.npz,1,train
5807,data\raw\daisee\val\410019\4100192050\4100192050.npz,4100192050.npz,1,train
5808,data\raw\daisee\val\410019\4100192051\4100192051.npz,4100192051.npz,0,test
5809,data\raw\daisee\val\410019\4100192052\4100192052.npz,4100192052.npz,0,train
5810,data\raw\daisee\val\410019\4100192053\4100192053.npz,4100192053.npz,1,train
5811,data\raw\daisee\val\410019\4100192054\4100192054.npz,4100192054.npz,1,train
5812,data\raw\daisee\val\410019\4100192055\4100192055.npz,4100192055.npz,1,train
5813,data\raw\daisee\val\410019\4100192056\4100192056.npz,4100192056.npz,1,train
5814,data\raw\daisee\val\410019\4100192057\4100192057.npz,4100192057.npz,0,train
5815,data\raw\daisee\val\410019\4100192058\4100192058.npz,4100192058.npz,0,val
5816,data\raw\daisee\val\410019\4100192060\4100192060.npz,4100192060.npz,1,train
5817,data\raw\daisee\val\410019\4100192061\4100192061.npz,4100192061.npz,0,val
5818,data\raw\daisee\val\410019\4100192062\4100192062.npz,4100192062.npz,1,val
5819,data\raw\daisee\val\410019\4100192063\4100192063.npz,4100192063.npz,1,train
5820,data\raw\daisee\val\410019\4100192066\4100192066.npz,4100192066.npz,0,train
5821,data\raw\daisee\val\410019\4100192068\4100192068.npz,4100192068.npz,1,val
5822,data\raw\daisee\val\410020\4100201001\4100201001.npz,4100201001.npz,0,train
5823,data\raw\daisee\val\410020\4100201003\4100201003.npz,4100201003.npz,1,train
5824,data\raw\daisee\val\410020\4100201004\4100201004.npz,4100201004.npz,0,train
5825,data\raw\daisee\val\410020\4100201005\4100201005.npz,4100201005.npz,0,test
5826,data\raw\daisee\val\410020\4100201006\4100201006.npz,4100201006.npz,1,train
5827,data\raw\daisee\val\410020\4100201007\4100201007.npz,4100201007.npz,0,train
5828,data\raw\daisee\val\410020\4100201008\4100201008.npz,4100201008.npz,0,train
5829,data\raw\daisee\val\410020\4100201009\4100201009.npz,4100201009.npz,0,val
5830,data\raw\daisee\val\410020\4100201010\4100201010.npz,4100201010.npz,0,train
5831,data\raw\daisee\val\410020\4100201011\4100201011.npz,4100201011.npz,1,val
5832,data\raw\daisee\val\410020\4100201013\4100201013.npz,4100201013.npz,1,train
5833,data\raw\daisee\val\410020\4100201014\4100201014.npz,4100201014.npz,0,test
5834,data\raw\daisee\val\410020\4100201016\4100201016.npz,4100201016.npz,1,train
5835,data\raw\daisee\val\410020\4100201017\4100201017.npz,4100201017.npz,0,train
5836,data\raw\daisee\val\410020\4100201018\4100201018.npz,4100201018.npz,0,val
5837,data\raw\daisee\val\410020\4100201020\4100201020.npz,4100201020.npz,0,train
5838,data\raw\daisee\val\410020\4100201021\4100201021.npz,4100201021.npz,0,train
5839,data\raw\daisee\val\410020\4100201022\4100201022.npz,4100201022.npz,0,train
5840,data\raw\daisee\val\410020\4100201023\4100201023.npz,4100201023.npz,0,train
5841,data\raw\daisee\val\410020\4100201024\4100201024.npz,4100201024.npz,0,train
5842,data\raw\daisee\val\410020\4100201025\4100201025.npz,4100201025.npz,0,test
5843,data\raw\daisee\val\410020\4100201026\4100201026.npz,4100201026.npz,0,train
5844,data\raw\daisee\val\410020\4100201027\4100201027.npz,4100201027.npz,0,train
5845,data\raw\daisee\val\410020\4100201030\4100201030.npz,4100201030.npz,1,test
5846,data\raw\daisee\val\410020\4100201031\4100201031.npz,4100201031.npz,0,test
5847,data\raw\daisee\val\410020\4100201032\4100201032.npz,4100201032.npz,1,train
5848,data\raw\daisee\val\410020\4100201033\4100201033.npz,4100201033.npz,1,train
5849,data\raw\daisee\val\410020\4100201034\4100201034.npz,4100201034.npz,1,train
5850,data\raw\daisee\val\410020\4100201035\4100201035.npz,4100201035.npz,1,val
5851,data\raw\daisee\val\410020\4100201039\4100201039.npz,4100201039.npz,1,train
5852,data\raw\daisee\val\410020\4100201040\4100201040.npz,4100201040.npz,0,val
5853,data\raw\daisee\val\410020\4100201041\4100201041.npz,4100201041.npz,0,val
5854,data\raw\daisee\val\410020\4100201042\4100201042.npz,4100201042.npz,1,val
5855,data\raw\daisee\val\410020\4100201043\4100201043.npz,4100201043.npz,1,train
5856,data\raw\daisee\val\410020\4100201044\4100201044.npz,4100201044.npz,1,train
5857,data\raw\daisee\val\410020\4100201045\4100201045.npz,4100201045.npz,0,val
5858,data\raw\daisee\val\410020\4100201046\4100201046.npz,4100201046.npz,0,val
5859,data\raw\daisee\val\410020\4100201048\4100201048.npz,4100201048.npz,1,train
5860,data\raw\daisee\val\410020\4100201049\4100201049.npz,4100201049.npz,0,train
5861,data\raw\daisee\val\410020\4100201051\4100201051.npz,4100201051.npz,0,test
5862,data\raw\daisee\val\410020\4100201052\4100201052.npz,4100201052.npz,0,test
5863,data\raw\daisee\val\410020\4100201053\4100201053.npz,4100201053.npz,1,train
5864,data\raw\daisee\val\410020\4100201054\4100201054.npz,4100201054.npz,0,train
5865,data\raw\daisee\val\410020\4100201055\4100201055.npz,4100201055.npz,0,train
5866,data\raw\daisee\val\410020\4100201056\4100201056.npz,4100201056.npz,0,train
5867,data\raw\daisee\val\410020\4100201058\4100201058.npz,4100201058.npz,1,train
5868,data\raw\daisee\val\410020\4100201059\4100201059.npz,4100201059.npz,0,train
5869,data\raw\daisee\val\410020\4100201060\4100201060.npz,4100201060.npz,0,test
5870,data\raw\daisee\val\410020\4100201062\4100201062.npz,4100201062.npz,0,test
5871,data\raw\daisee\val\410020\4100201063\4100201063.npz,4100201063.npz,0,val
5872,data\raw\daisee\val\410020\4100201064\4100201064.npz,4100201064.npz,0,test
5873,data\raw\daisee\val\410020\4100201068\4100201068.npz,4100201068.npz,0,val
5874,data\raw\daisee\val\410020\4100201069\4100201069.npz,4100201069.npz,0,train
5875,data\raw\daisee\val\410020\4100201071\4100201071.npz,4100201071.npz,0,test
5876,data\raw\daisee\val\410020\4100201072\4100201072.npz,4100201072.npz,0,val
5877,data\raw\daisee\val\410020\4100201073\4100201073.npz,4100201073.npz,0,train
5878,data\raw\daisee\val\410020\4100201074\4100201074.npz,4100201074.npz,0,train
5879,data\raw\daisee\val\410020\4100201075\4100201075.npz,4100201075.npz,0,train
5880,data\raw\daisee\val\410020\4100201076\4100201076.npz,4100201076.npz,0,train
5881,data\raw\daisee\val\410020\4100201078\4100201078.npz,4100201078.npz,0,test
5882,data\raw\daisee\val\410020\4100201079\4100201079.npz,4100201079.npz,1,train
5883,data\raw\daisee\val\410020\4100201081\4100201081.npz,4100201081.npz,0,train
5884,data\raw\daisee\val\410020\4100201082\4100201082.npz,4100201082.npz,0,train
5885,data\raw\daisee\val\410020\4100202001\4100202001.npz,4100202001.npz,0,train
5886,data\raw\daisee\val\410020\4100202004\4100202004.npz,4100202004.npz,1,train
5887,data\raw\daisee\val\410020\4100202005\4100202005.npz,4100202005.npz,1,train
5888,data\raw\daisee\val\410020\4100202006\4100202006.npz,4100202006.npz,1,train
5889,data\raw\daisee\val\410020\4100202007\4100202007.npz,4100202007.npz,0,train
5890,data\raw\daisee\val\410020\4100202008\4100202008.npz,4100202008.npz,0,train
5891,data\raw\daisee\val\410020\4100202009\4100202009.npz,4100202009.npz,0,train
5892,data\raw\daisee\val\410020\4100202010\4100202010.npz,4100202010.npz,0,train
5893,data\raw\daisee\val\410020\4100202011\4100202011.npz,4100202011.npz,0,val
5894,data\raw\daisee\val\410020\4100202012\4100202012.npz,4100202012.npz,0,train
5895,data\raw\daisee\val\410020\4100202013\4100202013.npz,4100202013.npz,1,train
5896,data\raw\daisee\val\410020\4100202015\4100202015.npz,4100202015.npz,0,train
5897,data\raw\daisee\val\410020\4100202016\4100202016.npz,4100202016.npz,1,train
5898,data\raw\daisee\val\410020\4100202017\4100202017.npz,4100202017.npz,0,train
5899,data\raw\daisee\val\410020\4100202018\4100202018.npz,4100202018.npz,1,train
5900,data\raw\daisee\val\410020\4100202019\4100202019.npz,4100202019.npz,0,train
5901,data\raw\daisee\val\410020\4100202021\4100202021.npz,4100202021.npz,0,test
5902,data\raw\daisee\val\410020\4100202022\4100202022.npz,4100202022.npz,1,train
5903,data\raw\daisee\val\410020\4100202023\4100202023.npz,4100202023.npz,0,train
5904,data\raw\daisee\val\410020\4100202024\4100202024.npz,4100202024.npz,1,train
5905,data\raw\daisee\val\410020\4100202025\4100202025.npz,4100202025.npz,1,train
5906,data\raw\daisee\val\410020\4100202032\4100202032.npz,4100202032.npz,1,train
5907,data\raw\daisee\val\410020\4100202037\4100202037.npz,4100202037.npz,0,train
5908,data\raw\daisee\val\410020\4100202039\4100202039.npz,4100202039.npz,0,train
5909,data\raw\daisee\val\410020\4100202040\4100202040.npz,4100202040.npz,1,val
5910,data\raw\daisee\val\410020\4100202041\4100202041.npz,4100202041.npz,1,train
5911,data\raw\daisee\val\410020\4100202042\4100202042.npz,4100202042.npz,1,train
5912,data\raw\daisee\val\410020\4100202043\4100202043.npz,4100202043.npz,0,train
5913,data\raw\daisee\val\410020\4100202045\4100202045.npz,4100202045.npz,1,train
5914,data\raw\daisee\val\410020\4100202046\4100202046.npz,4100202046.npz,1,train
5915,data\raw\daisee\val\410020\4100202048\4100202048.npz,4100202048.npz,0,train
5916,data\raw\daisee\val\410020\4100202052\4100202052.npz,4100202052.npz,0,train
5917,data\raw\daisee\val\410020\4100202053\4100202053.npz,4100202053.npz,0,train
5918,data\raw\daisee\val\410020\4100202054\4100202054.npz,4100202054.npz,0,train
5919,data\raw\daisee\val\410020\4100202055\4100202055.npz,4100202055.npz,0,train
5920,data\raw\daisee\val\410020\4100202056\4100202056.npz,4100202056.npz,0,train
5921,data\raw\daisee\val\410020\4100202063\4100202063.npz,4100202063.npz,1,train
5922,data\raw\daisee\val\410020\4100202065\4100202065.npz,4100202065.npz,1,train
5923,data\raw\daisee\val\410020\4100202067\4100202067.npz,4100202067.npz,0,train
5924,data\raw\daisee\val\410020\4100202068\4100202068.npz,4100202068.npz,0,train
5925,data\raw\daisee\val\410024\4100241001\4100241001.npz,4100241001.npz,1,train
5926,data\raw\daisee\val\410024\4100241002\4100241002.npz,4100241002.npz,1,train
5927,data\raw\daisee\val\410024\4100241003\4100241003.npz,4100241003.npz,0,train
5928,data\raw\daisee\val\410024\4100241004\4100241004.npz,4100241004.npz,1,train
5929,data\raw\daisee\val\410024\4100241006\4100241006.npz,4100241006.npz,1,train
5930,data\raw\daisee\val\410024\4100241007\4100241007.npz,4100241007.npz,1,train
5931,data\raw\daisee\val\410024\4100241008\4100241008.npz,4100241008.npz,0,train
5932,data\raw\daisee\val\410024\4100241009\4100241009.npz,4100241009.npz,0,train
5933,data\raw\daisee\val\410024\4100241011\4100241011.npz,4100241011.npz,0,train
5934,data\raw\daisee\val\410024\4100241013\4100241013.npz,4100241013.npz,0,train
5935,data\raw\daisee\val\410024\4100241016\4100241016.npz,4100241016.npz,0,train
5936,data\raw\daisee\val\410024\4100241017\4100241017.npz,4100241017.npz,0,test
5937,data\raw\daisee\val\410024\4100241018\4100241018.npz,4100241018.npz,0,train
5938,data\raw\daisee\val\410024\4100241020\4100241020.npz,4100241020.npz,1,train
5939,data\raw\daisee\val\410024\4100241029\4100241029.npz,4100241029.npz,1,val
5940,data\raw\daisee\val\410024\4100241030\4100241030.npz,4100241030.npz,0,train
5941,data\raw\daisee\val\410024\4100241031\4100241031.npz,4100241031.npz,0,train
5942,data\raw\daisee\val\410024\4100241042\4100241042.npz,4100241042.npz,1,train
5943,data\raw\daisee\val\410024\4100241045\4100241045.npz,4100241045.npz,0,train
5944,data\raw\daisee\val\410024\4100241046\4100241046.npz,4100241046.npz,0,train
5945,data\raw\daisee\val\410024\4100241049\4100241049.npz,4100241049.npz,0,train
5946,data\raw\daisee\val\410024\4100241051\4100241051.npz,4100241051.npz,0,test
5947,data\raw\daisee\val\410024\4100241052\4100241052.npz,4100241052.npz,0,train
5948,data\raw\daisee\val\410024\4100241053\4100241053.npz,4100241053.npz,0,val
5949,data\raw\daisee\val\410024\4100241054\4100241054.npz,4100241054.npz,0,train
5950,data\raw\daisee\val\410024\4100241056\4100241056.npz,4100241056.npz,0,train
5951,data\raw\daisee\val\410024\4100241059\4100241059.npz,4100241059.npz,1,val
5952,data\raw\daisee\val\410024\4100241060\4100241060.npz,4100241060.npz,0,train
5953,data\raw\daisee\val\410024\4100241061\4100241061.npz,4100241061.npz,1,train
5954,data\raw\daisee\val\410024\4100241062\4100241062.npz,4100241062.npz,0,train
5955,data\raw\daisee\val\410024\4100241063\4100241063.npz,4100241063.npz,0,train
5956,data\raw\daisee\val\410024\4100241064\4100241064.npz,4100241064.npz,0,train
5957,data\raw\daisee\val\410024\4100241068\4100241068.npz,4100241068.npz,1,train
5958,data\raw\daisee\val\410024\4100241069\4100241069.npz,4100241069.npz,0,train
5959,data\raw\daisee\val\410024\4100241075\4100241075.npz,4100241075.npz,0,train
5960,data\raw\daisee\val\410024\4100242001\4100242001.npz,4100242001.npz,1,train
5961,data\raw\daisee\val\410024\4100242002\4100242002.npz,4100242002.npz,1,val
5962,data\raw\daisee\val\410024\4100242003\4100242003.npz,4100242003.npz,1,train
5963,data\raw\daisee\val\410024\4100242004\4100242004.npz,4100242004.npz,0,train
5964,data\raw\daisee\val\410024\4100242005\4100242005.npz,4100242005.npz,1,train
5965,data\raw\daisee\val\410024\4100242006\4100242006.npz,4100242006.npz,1,train
5966,data\raw\daisee\val\410024\4100242008\4100242008.npz,4100242008.npz,1,train
5967,data\raw\daisee\val\410024\4100242011\4100242011.npz,4100242011.npz,1,train
5968,data\raw\daisee\val\410024\4100242020\4100242020.npz,4100242020.npz,1,train
5969,data\raw\daisee\val\410024\4100242021\4100242021.npz,4100242021.npz,0,train
5970,data\raw\daisee\val\410024\4100242029\4100242029.npz,4100242029.npz,0,train
5971,data\raw\daisee\val\410024\4100242031\4100242031.npz,4100242031.npz,1,train
5972,data\raw\daisee\val\410024\4100242032\4100242032.npz,4100242032.npz,1,train
5973,data\raw\daisee\val\410024\4100242033\4100242033.npz,4100242033.npz,1,val
5974,data\raw\daisee\val\410024\4100242034\4100242034.npz,4100242034.npz,1,train
5975,data\raw\daisee\val\410024\4100242035\4100242035.npz,4100242035.npz,1,train
5976,data\raw\daisee\val\410024\4100242036\4100242036.npz,4100242036.npz,1,train
5977,data\raw\daisee\val\410024\4100242037\4100242037.npz,4100242037.npz,1,train
5978,data\raw\daisee\val\410024\4100242038\4100242038.npz,4100242038.npz,1,train
5979,data\raw\daisee\val\410024\4100242040\4100242040.npz,4100242040.npz,1,test
5980,data\raw\daisee\val\410024\4100242045\4100242045.npz,4100242045.npz,1,train
5981,data\raw\daisee\val\410024\4100242048\4100242048.npz,4100242048.npz,0,train
5982,data\raw\daisee\val\410024\4100242050\4100242050.npz,4100242050.npz,0,val
5983,data\raw\daisee\val\410024\4100242053\4100242053.npz,4100242053.npz,0,test
5984,data\raw\daisee\val\410024\4100242054\4100242054.npz,4100242054.npz,1,train
5985,data\raw\daisee\val\410024\4100242059\4100242059.npz,4100242059.npz,1,train
5986,data\raw\daisee\val\410024\4100242060\4100242060.npz,4100242060.npz,1,train
5987,data\raw\daisee\val\410024\4100242063\4100242063.npz,4100242063.npz,1,train
5988,data\raw\daisee\val\410024\4100242065\4100242065.npz,4100242065.npz,1,test
5989,data\raw\daisee\val\410024\4100242066\4100242066.npz,4100242066.npz,1,train
5990,data\raw\daisee\val\410024\4100242067\4100242067.npz,4100242067.npz,1,test
5991,data\raw\daisee\val\410025\4100251003\4100251003.npz,4100251003.npz,1,test
5992,data\raw\daisee\val\410025\4100251004\4100251004.npz,4100251004.npz,0,train
5993,data\raw\daisee\val\410025\4100251005\4100251005.npz,4100251005.npz,0,train
5994,data\raw\daisee\val\410025\4100251006\4100251006.npz,4100251006.npz,1,train
5995,data\raw\daisee\val\410025\4100251010\4100251010.npz,4100251010.npz,0,train
5996,data\raw\daisee\val\410025\4100251011\4100251011.npz,4100251011.npz,0,test
5997,data\raw\daisee\val\410025\4100251012\4100251012.npz,4100251012.npz,1,train
5998,data\raw\daisee\val\410025\4100251013\4100251013.npz,4100251013.npz,1,train
5999,data\raw\daisee\val\410025\4100251014\4100251014.npz,4100251014.npz,1,train
6000,data\raw\daisee\val\410025\4100251015\4100251015.npz,4100251015.npz,1,test
6001,data\raw\daisee\val\410025\4100251016\4100251016.npz,4100251016.npz,1,train
6002,data\raw\daisee\val\410025\4100251017\4100251017.npz,4100251017.npz,1,val
6003,data\raw\daisee\val\410025\4100251018\4100251018.npz,4100251018.npz,1,train
6004,data\raw\daisee\val\410025\4100251019\4100251019.npz,4100251019.npz,1,train
6005,data\raw\daisee\val\410025\4100251020\4100251020.npz,4100251020.npz,1,train
6006,data\raw\daisee\val\410025\4100251021\4100251021.npz,4100251021.npz,1,train
6007,data\raw\daisee\val\410025\4100251022\4100251022.npz,4100251022.npz,1,train
6008,data\raw\daisee\val\410025\4100251024\4100251024.npz,4100251024.npz,1,train
6009,data\raw\daisee\val\410025\4100251026\4100251026.npz,4100251026.npz,1,train
6010,data\raw\daisee\val\410025\4100251027\4100251027.npz,4100251027.npz,1,train
6011,data\raw\daisee\val\410025\4100251028\4100251028.npz,4100251028.npz,1,test
6012,data\raw\daisee\val\410025\4100251029\4100251029.npz,4100251029.npz,1,train
6013,data\raw\daisee\val\410025\4100251030\4100251030.npz,4100251030.npz,1,test
6014,data\raw\daisee\val\410025\4100251031\4100251031.npz,4100251031.npz,1,test
6015,data\raw\daisee\val\410025\4100251032\4100251032.npz,4100251032.npz,1,test
6016,data\raw\daisee\val\410025\4100251033\4100251033.npz,4100251033.npz,1,train
6017,data\raw\daisee\val\410025\4100251034\4100251034.npz,4100251034.npz,1,test
6018,data\raw\daisee\val\410025\4100251035\4100251035.npz,4100251035.npz,1,val
6019,data\raw\daisee\val\410025\4100251036\4100251036.npz,4100251036.npz,1,test
6020,data\raw\daisee\val\410025\4100251038\4100251038.npz,4100251038.npz,1,train
6021,data\raw\daisee\val\410025\4100251039\4100251039.npz,4100251039.npz,1,test
6022,data\raw\daisee\val\410025\4100251040\4100251040.npz,4100251040.npz,1,train
6023,data\raw\daisee\val\410025\4100251041\4100251041.npz,4100251041.npz,1,val
6024,data\raw\daisee\val\410025\4100251042\4100251042.npz,4100251042.npz,1,train
6025,data\raw\daisee\val\410025\4100251044\4100251044.npz,4100251044.npz,0,train
6026,data\raw\daisee\val\410025\4100251046\4100251046.npz,4100251046.npz,1,train
6027,data\raw\daisee\val\410025\4100251047\4100251047.npz,4100251047.npz,0,test
6028,data\raw\daisee\val\410025\4100251048\4100251048.npz,4100251048.npz,1,train
6029,data\raw\daisee\val\410025\4100251049\4100251049.npz,4100251049.npz,1,test
6030,data\raw\daisee\val\410025\4100251051\4100251051.npz,4100251051.npz,1,train
6031,data\raw\daisee\val\410025\4100251052\4100251052.npz,4100251052.npz,0,val
6032,data\raw\daisee\val\410025\4100251053\4100251053.npz,4100251053.npz,1,train
6033,data\raw\daisee\val\410025\4100251054\4100251054.npz,4100251054.npz,0,train
6034,data\raw\daisee\val\410025\4100251056\4100251056.npz,4100251056.npz,1,train
6035,data\raw\daisee\val\410025\4100251057\4100251057.npz,4100251057.npz,1,test
6036,data\raw\daisee\val\410025\4100251059\4100251059.npz,4100251059.npz,1,test
6037,data\raw\daisee\val\410025\4100251060\4100251060.npz,4100251060.npz,1,train
6038,data\raw\daisee\val\410025\4100251061\4100251061.npz,4100251061.npz,1,train
6039,data\raw\daisee\val\410025\4100251062\4100251062.npz,4100251062.npz,1,val
6040,data\raw\daisee\val\410025\4100251063\4100251063.npz,4100251063.npz,1,val
6041,data\raw\daisee\val\410025\4100251064\4100251064.npz,4100251064.npz,1,test
6042,data\raw\daisee\val\410025\4100251065\4100251065.npz,4100251065.npz,1,train
6043,data\raw\daisee\val\410025\4100251068\4100251068.npz,4100251068.npz,1,test
6044,data\raw\daisee\val\410025\4100251069\4100251069.npz,4100251069.npz,1,test
6045,data\raw\daisee\val\410025\4100251070\4100251070.npz,4100251070.npz,1,train
6046,data\raw\daisee\val\410025\4100252001\4100252001.npz,4100252001.npz,0,train
6047,data\raw\daisee\val\410025\4100252003\4100252003.npz,4100252003.npz,1,val
6048,data\raw\daisee\val\410025\4100252004\4100252004.npz,4100252004.npz,0,val
6049,data\raw\daisee\val\410025\4100252005\4100252005.npz,4100252005.npz,1,val
6050,data\raw\daisee\val\410025\4100252007\4100252007.npz,4100252007.npz,0,train
6051,data\raw\daisee\val\410025\4100252010\4100252010.npz,4100252010.npz,1,train
6052,data\raw\daisee\val\410025\4100252011\4100252011.npz,4100252011.npz,1,train
6053,data\raw\daisee\val\410025\4100252012\4100252012.npz,4100252012.npz,0,train
6054,data\raw\daisee\val\410025\4100252013\4100252013.npz,4100252013.npz,0,test
6055,data\raw\daisee\val\410025\4100252014\4100252014.npz,4100252014.npz,1,train
6056,data\raw\daisee\val\410025\4100252015\4100252015.npz,4100252015.npz,1,train
6057,data\raw\daisee\val\410025\4100252016\4100252016.npz,4100252016.npz,1,test
6058,data\raw\daisee\val\410025\4100252019\4100252019.npz,4100252019.npz,1,train
6059,data\raw\daisee\val\410025\4100252021\4100252021.npz,4100252021.npz,1,train
6060,data\raw\daisee\val\410025\4100252022\4100252022.npz,4100252022.npz,0,train
6061,data\raw\daisee\val\410025\4100252023\4100252023.npz,4100252023.npz,1,test
6062,data\raw\daisee\val\410025\4100252024\4100252024.npz,4100252024.npz,0,train
6063,data\raw\daisee\val\410025\4100252027\4100252027.npz,4100252027.npz,1,train
6064,data\raw\daisee\val\410025\4100252031\4100252031.npz,4100252031.npz,1,train
6065,data\raw\daisee\val\410025\4100252032\4100252032.npz,4100252032.npz,0,test
6066,data\raw\daisee\val\410025\4100252033\4100252033.npz,4100252033.npz,1,train
6067,data\raw\daisee\val\410025\4100252034\4100252034.npz,4100252034.npz,1,train
6068,data\raw\daisee\val\410025\4100252035\4100252035.npz,4100252035.npz,0,val
6069,data\raw\daisee\val\410025\4100252036\4100252036.npz,4100252036.npz,1,val
6070,data\raw\daisee\val\410025\4100252037\4100252037.npz,4100252037.npz,0,train
6071,data\raw\daisee\val\410025\4100252038\4100252038.npz,4100252038.npz,1,train
6072,data\raw\daisee\val\410025\4100252039\4100252039.npz,4100252039.npz,1,train
6073,data\raw\daisee\val\410025\4100252040\4100252040.npz,4100252040.npz,1,test
6074,data\raw\daisee\val\410025\4100252041\4100252041.npz,4100252041.npz,1,test
6075,data\raw\daisee\val\410025\4100252043\4100252043.npz,4100252043.npz,0,train
6076,data\raw\daisee\val\410025\4100252044\4100252044.npz,4100252044.npz,1,train
6077,data\raw\daisee\val\410025\4100252045\4100252045.npz,4100252045.npz,1,train
6078,data\raw\daisee\val\410025\4100252048\4100252048.npz,4100252048.npz,1,val
6079,data\raw\daisee\val\410025\4100252049\4100252049.npz,4100252049.npz,1,train
6080,data\raw\daisee\val\410025\4100252050\4100252050.npz,4100252050.npz,0,test
6081,data\raw\daisee\val\410025\4100252051\4100252051.npz,4100252051.npz,1,val
6082,data\raw\daisee\val\410025\4100252053\4100252053.npz,4100252053.npz,1,test
6083,data\raw\daisee\val\410025\4100252054\4100252054.npz,4100252054.npz,0,val
6084,data\raw\daisee\val\410025\4100252055\4100252055.npz,4100252055.npz,1,train
6085,data\raw\daisee\val\410025\4100252056\4100252056.npz,4100252056.npz,0,train
6086,data\raw\daisee\val\410025\4100252057\4100252057.npz,4100252057.npz,0,train
6087,data\raw\daisee\val\410025\4100252058\4100252058.npz,4100252058.npz,0,train
6088,data\raw\daisee\val\410025\4100252060\4100252060.npz,4100252060.npz,0,train
6089,data\raw\daisee\val\410025\4100252061\4100252061.npz,4100252061.npz,1,train
6090,data\raw\daisee\val\410025\4100252062\4100252062.npz,4100252062.npz,0,test
6091,data\raw\daisee\val\410025\4100252063\4100252063.npz,4100252063.npz,0,train
6092,data\raw\daisee\val\410025\4100252066\4100252066.npz,4100252066.npz,0,val
6093,data\raw\daisee\val\410025\4100252069\4100252069.npz,4100252069.npz,1,train
6094,data\raw\daisee\val\410025\4100252070\4100252070.npz,4100252070.npz,0,train
6095,data\raw\daisee\val\410025\4100252071\4100252071.npz,4100252071.npz,0,train
6096,data\raw\daisee\val\410025\4100252072\4100252072.npz,4100252072.npz,1,train
6097,data\raw\daisee\val\410025\4100252073\4100252073.npz,4100252073.npz,0,train
6098,data\raw\daisee\val\410025\4100252074\4100252074.npz,4100252074.npz,0,train
6099,data\raw\daisee\val\410025\4100252075\4100252075.npz,4100252075.npz,0,train
6100,data\raw\daisee\val\410025\4100252076\4100252076.npz,4100252076.npz,1,val
6101,data\raw\daisee\val\410025\4100252078\4100252078.npz,4100252078.npz,0,train
6102,data\raw\daisee\val\410025\4100252081\4100252081.npz,4100252081.npz,1,train
6103,data\raw\daisee\val\410026\4100261001\4100261001.npz,4100261001.npz,0,train
6104,data\raw\daisee\val\410026\4100261002\4100261002.npz,4100261002.npz,0,test
6105,data\raw\daisee\val\410026\4100261003\4100261003.npz,4100261003.npz,1,train
6106,data\raw\daisee\val\410026\4100261004\4100261004.npz,4100261004.npz,0,train
6107,data\raw\daisee\val\410026\4100261005\4100261005.npz,4100261005.npz,1,train
6108,data\raw\daisee\val\410026\4100261006\4100261006.npz,4100261006.npz,1,train
6109,data\raw\daisee\val\410026\4100261007\4100261007.npz,4100261007.npz,0,val
6110,data\raw\daisee\val\410026\4100261010\4100261010.npz,4100261010.npz,0,train
6111,data\raw\daisee\val\410026\4100261012\4100261012.npz,4100261012.npz,0,train
6112,data\raw\daisee\val\410026\4100261013\4100261013.npz,4100261013.npz,0,test
6113,data\raw\daisee\val\410026\4100261015\4100261015.npz,4100261015.npz,1,train
6114,data\raw\daisee\val\410026\4100261016\4100261016.npz,4100261016.npz,1,train
6115,data\raw\daisee\val\410026\4100261020\4100261020.npz,4100261020.npz,1,train
6116,data\raw\daisee\val\410026\4100261023\4100261023.npz,4100261023.npz,0,train
6117,data\raw\daisee\val\410026\4100261025\4100261025.npz,4100261025.npz,1,train
6118,data\raw\daisee\val\410026\4100261027\4100261027.npz,4100261027.npz,1,train
6119,data\raw\daisee\val\410026\4100261028\4100261028.npz,4100261028.npz,1,val
6120,data\raw\daisee\val\410026\4100261029\4100261029.npz,4100261029.npz,0,train
6121,data\raw\daisee\val\410026\4100261030\4100261030.npz,4100261030.npz,1,test
6122,data\raw\daisee\val\410026\4100261031\4100261031.npz,4100261031.npz,0,train
6123,data\raw\daisee\val\410026\4100261032\4100261032.npz,4100261032.npz,0,train
6124,data\raw\daisee\val\410026\4100261033\4100261033.npz,4100261033.npz,0,val
6125,data\raw\daisee\val\410026\4100261034\4100261034.npz,4100261034.npz,1,val
6126,data\raw\daisee\val\410026\4100261035\4100261035.npz,4100261035.npz,0,train
6127,data\raw\daisee\val\410026\4100261036\4100261036.npz,4100261036.npz,1,train
6128,data\raw\daisee\val\410026\4100261038\4100261038.npz,4100261038.npz,0,val
6129,data\raw\daisee\val\410026\4100261041\4100261041.npz,4100261041.npz,1,train
6130,data\raw\daisee\val\410026\4100261044\4100261044.npz,4100261044.npz,1,train
6131,data\raw\daisee\val\410026\4100261045\4100261045.npz,4100261045.npz,1,train
6132,data\raw\daisee\val\410026\4100261046\4100261046.npz,4100261046.npz,1,train
6133,data\raw\daisee\val\410026\4100261047\4100261047.npz,4100261047.npz,0,train
6134,data\raw\daisee\val\410026\4100261048\4100261048.npz,4100261048.npz,0,test
6135,data\raw\daisee\val\410026\4100261049\4100261049.npz,4100261049.npz,1,test
6136,data\raw\daisee\val\410026\4100261050\4100261050.npz,4100261050.npz,1,val
6137,data\raw\daisee\val\410026\4100261055\4100261055.npz,4100261055.npz,1,val
6138,data\raw\daisee\val\410026\4100261056\4100261056.npz,4100261056.npz,1,train
6139,data\raw\daisee\val\410026\4100261057\4100261057.npz,4100261057.npz,1,train
6140,data\raw\daisee\val\410026\4100261058\4100261058.npz,4100261058.npz,1,train
6141,data\raw\daisee\val\410026\4100261060\4100261060.npz,4100261060.npz,1,train
6142,data\raw\daisee\val\410026\4100261061\4100261061.npz,4100261061.npz,0,train
6143,data\raw\daisee\val\410026\4100262001\4100262001.npz,4100262001.npz,1,train
6144,data\raw\daisee\val\410026\4100262003\4100262003.npz,4100262003.npz,1,test
6145,data\raw\daisee\val\410026\4100262004\4100262004.npz,4100262004.npz,1,train
6146,data\raw\daisee\val\410026\4100262006\4100262006.npz,4100262006.npz,1,train
6147,data\raw\daisee\val\410026\4100262007\4100262007.npz,4100262007.npz,0,train
6148,data\raw\daisee\val\410026\4100262008\4100262008.npz,4100262008.npz,1,train
6149,data\raw\daisee\val\410026\4100262009\4100262009.npz,4100262009.npz,1,train
6150,data\raw\daisee\val\410026\4100262010\4100262010.npz,4100262010.npz,0,train
6151,data\raw\daisee\val\410026\4100262014\4100262014.npz,4100262014.npz,0,val
6152,data\raw\daisee\val\410026\4100262015\4100262015.npz,4100262015.npz,0,train
6153,data\raw\daisee\val\410026\4100262016\4100262016.npz,4100262016.npz,1,train
6154,data\raw\daisee\val\410026\4100262017\4100262017.npz,4100262017.npz,0,test
6155,data\raw\daisee\val\410026\4100262018\4100262018.npz,4100262018.npz,0,train
6156,data\raw\daisee\val\410026\4100262019\4100262019.npz,4100262019.npz,0,train
6157,data\raw\daisee\val\410026\4100262020\4100262020.npz,4100262020.npz,1,val
6158,data\raw\daisee\val\410026\4100262022\4100262022.npz,4100262022.npz,1,train
6159,data\raw\daisee\val\410026\4100262023\4100262023.npz,4100262023.npz,1,train
6160,data\raw\daisee\val\410026\4100262024\4100262024.npz,4100262024.npz,0,train
6161,data\raw\daisee\val\410026\4100262025\4100262025.npz,4100262025.npz,0,train
6162,data\raw\daisee\val\410026\4100262027\4100262027.npz,4100262027.npz,1,train
6163,data\raw\daisee\val\410026\4100262034\4100262034.npz,4100262034.npz,1,train
6164,data\raw\daisee\val\410026\4100262035\4100262035.npz,4100262035.npz,1,test
6165,data\raw\daisee\val\410026\4100262037\4100262037.npz,4100262037.npz,0,train
6166,data\raw\daisee\val\410026\4100262038\4100262038.npz,4100262038.npz,1,train
6167,data\raw\daisee\val\410026\4100262040\4100262040.npz,4100262040.npz,1,test
6168,data\raw\daisee\val\410026\4100262041\4100262041.npz,4100262041.npz,0,test
6169,data\raw\daisee\val\410026\4100262042\4100262042.npz,4100262042.npz,0,val
6170,data\raw\daisee\val\410026\4100262043\4100262043.npz,4100262043.npz,0,test
6171,data\raw\daisee\val\410026\4100262044\4100262044.npz,4100262044.npz,0,train
6172,data\raw\daisee\val\410026\4100262045\4100262045.npz,4100262045.npz,1,train
6173,data\raw\daisee\val\410026\4100262046\4100262046.npz,4100262046.npz,0,train
6174,data\raw\daisee\val\410026\4100262047\4100262047.npz,4100262047.npz,0,train
6175,data\raw\daisee\val\410026\4100262052\4100262052.npz,4100262052.npz,1,train
6176,data\raw\daisee\val\410026\4100262053\4100262053.npz,4100262053.npz,0,val
6177,data\raw\daisee\val\410026\4100262057\4100262057.npz,4100262057.npz,0,train
6178,data\raw\daisee\val\410026\4100262060\4100262060.npz,4100262060.npz,0,train
6179,data\raw\daisee\val\410026\4100262063\4100262063.npz,4100262063.npz,0,train
6180,data\raw\daisee\val\410026\4100262064\4100262064.npz,4100262064.npz,1,test
6181,data\raw\daisee\val\410026\4100262065\4100262065.npz,4100262065.npz,0,train
6182,data\raw\daisee\val\410026\4100262066\4100262066.npz,4100262066.npz,0,train
6183,data\raw\daisee\val\410026\4100262067\4100262067.npz,4100262067.npz,0,test
6184,data\raw\daisee\val\410026\4100262068\4100262068.npz,4100262068.npz,0,train
6185,data\raw\daisee\val\410026\4100262069\4100262069.npz,4100262069.npz,1,train
6186,data\raw\daisee\val\410026\4100262070\4100262070.npz,4100262070.npz,1,train
6187,data\raw\daisee\val\410027\4100271007\4100271007.npz,4100271007.npz,0,train
6188,data\raw\daisee\val\410027\4100271008\4100271008.npz,4100271008.npz,1,train
6189,data\raw\daisee\val\410027\4100271009\4100271009.npz,4100271009.npz,1,test
6190,data\raw\daisee\val\410027\4100271010\4100271010.npz,4100271010.npz,1,train
6191,data\raw\daisee\val\410027\4100271011\4100271011.npz,4100271011.npz,0,train
6192,data\raw\daisee\val\410027\4100271012\4100271012.npz,4100271012.npz,0,train
6193,data\raw\daisee\val\410027\4100271026\4100271026.npz,4100271026.npz,0,val
6194,data\raw\daisee\val\410027\4100271028\4100271028.npz,4100271028.npz,1,train
6195,data\raw\daisee\val\410027\4100271029\4100271029.npz,4100271029.npz,1,test
6196,data\raw\daisee\val\410027\4100271030\4100271030.npz,4100271030.npz,1,train
6197,data\raw\daisee\val\410027\4100271032\4100271032.npz,4100271032.npz,0,train
6198,data\raw\daisee\val\410027\4100271033\4100271033.npz,4100271033.npz,0,test
6199,data\raw\daisee\val\410027\4100271034\4100271034.npz,4100271034.npz,0,train
6200,data\raw\daisee\val\410027\4100271038\4100271038.npz,4100271038.npz,1,train
6201,data\raw\daisee\val\410027\4100271039\4100271039.npz,4100271039.npz,1,train
6202,data\raw\daisee\val\410027\4100271041\4100271041.npz,4100271041.npz,1,train
6203,data\raw\daisee\val\410027\4100271042\4100271042.npz,4100271042.npz,0,train
6204,data\raw\daisee\val\410027\4100271043\4100271043.npz,4100271043.npz,0,val
6205,data\raw\daisee\val\410027\4100271056\4100271056.npz,4100271056.npz,1,train
6206,data\raw\daisee\val\410027\4100272024\4100272024.npz,4100272024.npz,0,train
6207,data\raw\daisee\val\410027\4100272029\4100272029.npz,4100272029.npz,0,test
6208,data\raw\daisee\val\410027\4100272033\4100272033.npz,4100272033.npz,1,train
6209,data\raw\daisee\val\410027\4100272034\4100272034.npz,4100272034.npz,0,train
6210,data\raw\daisee\val\410027\4100272036\4100272036.npz,4100272036.npz,0,train
6211,data\raw\daisee\val\410027\4100272037\4100272037.npz,4100272037.npz,0,train
6212,data\raw\daisee\val\410027\4100272043\4100272043.npz,4100272043.npz,0,train
6213,data\raw\daisee\val\410027\4100272051\4100272051.npz,4100272051.npz,1,train
6214,data\raw\daisee\val\410027\4100272052\4100272052.npz,4100272052.npz,1,train
6215,data\raw\daisee\val\410027\4100272056\4100272056.npz,4100272056.npz,0,train
6216,data\raw\daisee\val\410028\4100281001\4100281001.npz,4100281001.npz,1,train
6217,data\raw\daisee\val\410028\4100281002\4100281002.npz,4100281002.npz,0,test
6218,data\raw\daisee\val\410028\4100281015\4100281015.npz,4100281015.npz,1,train
6219,data\raw\daisee\val\410028\4100281016\4100281016.npz,4100281016.npz,1,val
6220,data\raw\daisee\val\410028\4100281019\4100281019.npz,4100281019.npz,1,val
6221,data\raw\daisee\val\410028\4100281022\4100281022.npz,4100281022.npz,1,train
6222,data\raw\daisee\val\410028\4100281023\4100281023.npz,4100281023.npz,1,train
6223,data\raw\daisee\val\410028\4100281027\4100281027.npz,4100281027.npz,1,train
6224,data\raw\daisee\val\410028\4100281029\4100281029.npz,4100281029.npz,1,test
6225,data\raw\daisee\val\410028\4100281030\4100281030.npz,4100281030.npz,1,train
6226,data\raw\daisee\val\410028\4100281032\4100281032.npz,4100281032.npz,1,train
6227,data\raw\daisee\val\410028\4100281033\4100281033.npz,4100281033.npz,1,train
6228,data\raw\daisee\val\410028\4100281034\4100281034.npz,4100281034.npz,0,val
6229,data\raw\daisee\val\410028\4100281035\4100281035.npz,4100281035.npz,0,train
6230,data\raw\daisee\val\410028\4100281036\4100281036.npz,4100281036.npz,1,train
6231,data\raw\daisee\val\410028\4100281037\4100281037.npz,4100281037.npz,1,val
6232,data\raw\daisee\val\410028\4100281041\4100281041.npz,4100281041.npz,1,train
6233,data\raw\daisee\val\410028\4100281042\4100281042.npz,4100281042.npz,1,train
6234,data\raw\daisee\val\410028\4100281045\4100281045.npz,4100281045.npz,1,train
6235,data\raw\daisee\val\410028\4100281048\4100281048.npz,4100281048.npz,1,test
6236,data\raw\daisee\val\410028\4100281049\4100281049.npz,4100281049.npz,1,train
6237,data\raw\daisee\val\410028\4100281050\4100281050.npz,4100281050.npz,1,train
6238,data\raw\daisee\val\410028\4100281052\4100281052.npz,4100281052.npz,0,train
6239,data\raw\daisee\val\410028\4100281053\4100281053.npz,4100281053.npz,1,test
6240,data\raw\daisee\val\410028\4100281054\4100281054.npz,4100281054.npz,0,test
6241,data\raw\daisee\val\410028\4100281057\4100281057.npz,4100281057.npz,1,train
6242,data\raw\daisee\val\410028\4100281058\4100281058.npz,4100281058.npz,1,train
6243,data\raw\daisee\val\410028\4100281059\4100281059.npz,4100281059.npz,1,train
6244,data\raw\daisee\val\410028\4100281060\4100281060.npz,4100281060.npz,0,val
6245,data\raw\daisee\val\410028\4100281061\4100281061.npz,4100281061.npz,0,train
6246,data\raw\daisee\val\410028\4100281062\4100281062.npz,4100281062.npz,1,train
6247,data\raw\daisee\val\410028\4100281063\4100281063.npz,4100281063.npz,1,train
6248,data\raw\daisee\val\410028\4100281066\4100281066.npz,4100281066.npz,0,test
6249,data\raw\daisee\val\410028\4100281067\4100281067.npz,4100281067.npz,1,train
6250,data\raw\daisee\val\410028\4100281068\4100281068.npz,4100281068.npz,1,train
6251,data\raw\daisee\val\410028\4100281070\4100281070.npz,4100281070.npz,1,test
6252,data\raw\daisee\val\410028\4100281072\4100281072.npz,4100281072.npz,1,train
6253,data\raw\daisee\val\410028\4100281075\4100281075.npz,4100281075.npz,1,train
6254,data\raw\daisee\val\410028\4100281076\4100281076.npz,4100281076.npz,1,test
6255,data\raw\daisee\val\410028\4100281078\4100281078.npz,4100281078.npz,0,test
6256,data\raw\daisee\val\410028\4100281079\4100281079.npz,4100281079.npz,1,val
6257,data\raw\daisee\val\410028\4100281080\4100281080.npz,4100281080.npz,1,val
6258,data\raw\daisee\val\410028\4100281081\4100281081.npz,4100281081.npz,1,train
6259,data\raw\daisee\val\410028\4100282001\4100282001.npz,4100282001.npz,1,val
6260,data\raw\daisee\val\410028\4100282002\4100282002.npz,4100282002.npz,1,val
6261,data\raw\daisee\val\410028\4100282003\4100282003.npz,4100282003.npz,0,test
6262,data\raw\daisee\val\410028\4100282004\4100282004.npz,4100282004.npz,1,train
6263,data\raw\daisee\val\410028\4100282005\4100282005.npz,4100282005.npz,0,train
6264,data\raw\daisee\val\410028\4100282007\4100282007.npz,4100282007.npz,0,train
6265,data\raw\daisee\val\410028\4100282008\4100282008.npz,4100282008.npz,0,train
6266,data\raw\daisee\val\410028\4100282009\4100282009.npz,4100282009.npz,1,test
6267,data\raw\daisee\val\410028\4100282012\4100282012.npz,4100282012.npz,0,train
6268,data\raw\daisee\val\410028\4100282013\4100282013.npz,4100282013.npz,0,train
6269,data\raw\daisee\val\410028\4100282014\4100282014.npz,4100282014.npz,0,train
6270,data\raw\daisee\val\410028\4100282015\4100282015.npz,4100282015.npz,0,train
6271,data\raw\daisee\val\410028\4100282017\4100282017.npz,4100282017.npz,0,val
6272,data\raw\daisee\val\410028\4100282018\4100282018.npz,4100282018.npz,0,train
6273,data\raw\daisee\val\410028\4100282019\4100282019.npz,4100282019.npz,0,train
6274,data\raw\daisee\val\410028\4100282020\4100282020.npz,4100282020.npz,1,train
6275,data\raw\daisee\val\410028\4100282021\4100282021.npz,4100282021.npz,0,train
6276,data\raw\daisee\val\410028\4100282022\4100282022.npz,4100282022.npz,0,train
6277,data\raw\daisee\val\410028\4100282023\4100282023.npz,4100282023.npz,1,train
6278,data\raw\daisee\val\410028\4100282024\4100282024.npz,4100282024.npz,0,train
6279,data\raw\daisee\val\410028\4100282033\4100282033.npz,4100282033.npz,0,train
6280,data\raw\daisee\val\410028\4100282043\4100282043.npz,4100282043.npz,0,train
6281,data\raw\daisee\val\410028\4100282048\4100282048.npz,4100282048.npz,1,train
6282,data\raw\daisee\val\410028\4100282053\4100282053.npz,4100282053.npz,1,train
6283,data\raw\daisee\val\410028\4100282057\4100282057.npz,4100282057.npz,1,val
6284,data\raw\daisee\val\410028\4100282058\4100282058.npz,4100282058.npz,1,train
6285,data\raw\daisee\val\410028\4100282066\4100282066.npz,4100282066.npz,1,train
6286,data\raw\daisee\val\410028\4100282067\4100282067.npz,4100282067.npz,1,train
6287,data\raw\daisee\val\410028\4100282068\4100282068.npz,4100282068.npz,1,train
6288,data\raw\daisee\val\410028\4100282070\4100282070.npz,4100282070.npz,0,train
6289,data\raw\daisee\val\410029\4100291002\4100291002.npz,4100291002.npz,1,train
6290,data\raw\daisee\val\410029\4100291003\4100291003.npz,4100291003.npz,1,train
6291,data\raw\daisee\val\410029\4100291004\4100291004.npz,4100291004.npz,0,train
6292,data\raw\daisee\val\410029\4100291005\4100291005.npz,4100291005.npz,1,val
6293,data\raw\daisee\val\410029\4100291006\4100291006.npz,4100291006.npz,1,train
6294,data\raw\daisee\val\410029\4100291007\4100291007.npz,4100291007.npz,1,train
6295,data\raw\daisee\val\410029\4100291008\4100291008.npz,4100291008.npz,0,train
6296,data\raw\daisee\val\410029\4100291009\4100291009.npz,4100291009.npz,1,train
6297,data\raw\daisee\val\410029\4100291010\4100291010.npz,4100291010.npz,1,train
6298,data\raw\daisee\val\410029\4100291011\4100291011.npz,4100291011.npz,1,val
6299,data\raw\daisee\val\410029\4100291012\4100291012.npz,4100291012.npz,0,val
6300,data\raw\daisee\val\410029\4100291014\4100291014.npz,4100291014.npz,1,test
6301,data\raw\daisee\val\410029\4100291015\4100291015.npz,4100291015.npz,1,train
6302,data\raw\daisee\val\410029\4100291016\4100291016.npz,4100291016.npz,1,train
6303,data\raw\daisee\val\410029\4100291017\4100291017.npz,4100291017.npz,0,test
6304,data\raw\daisee\val\410029\4100291018\4100291018.npz,4100291018.npz,1,train
6305,data\raw\daisee\val\410029\4100291019\4100291019.npz,4100291019.npz,1,train
6306,data\raw\daisee\val\410029\4100291021\4100291021.npz,4100291021.npz,0,test
6307,data\raw\daisee\val\410029\4100291022\4100291022.npz,4100291022.npz,1,train
6308,data\raw\daisee\val\410029\4100291025\4100291025.npz,4100291025.npz,1,val
6309,data\raw\daisee\val\410029\4100291026\4100291026.npz,4100291026.npz,1,train
6310,data\raw\daisee\val\410029\4100291027\4100291027.npz,4100291027.npz,1,train
6311,data\raw\daisee\val\410029\4100291028\4100291028.npz,4100291028.npz,1,train
6312,data\raw\daisee\val\410029\4100291032\4100291032.npz,4100291032.npz,1,train
6313,data\raw\daisee\val\410029\4100291033\4100291033.npz,4100291033.npz,1,train
6314,data\raw\daisee\val\410029\4100291034\4100291034.npz,4100291034.npz,0,train
6315,data\raw\daisee\val\410029\4100291036\4100291036.npz,4100291036.npz,1,val
6316,data\raw\daisee\val\410029\4100291037\4100291037.npz,4100291037.npz,0,train
6317,data\raw\daisee\val\410029\4100291039\4100291039.npz,4100291039.npz,0,train
6318,data\raw\daisee\val\410029\4100291040\4100291040.npz,4100291040.npz,1,train
6319,data\raw\daisee\val\410029\4100291041\4100291041.npz,4100291041.npz,1,train
6320,data\raw\daisee\val\410029\4100291043\4100291043.npz,4100291043.npz,1,train
6321,data\raw\daisee\val\410029\4100291046\4100291046.npz,4100291046.npz,1,train
6322,data\raw\daisee\val\410029\4100291047\4100291047.npz,4100291047.npz,1,train
6323,data\raw\daisee\val\410029\4100291048\4100291048.npz,4100291048.npz,1,train
6324,data\raw\daisee\val\410029\4100291049\4100291049.npz,4100291049.npz,1,train
6325,data\raw\daisee\val\410029\4100291050\4100291050.npz,4100291050.npz,1,val
6326,data\raw\daisee\val\410029\4100291051\4100291051.npz,4100291051.npz,1,train
6327,data\raw\daisee\val\410029\4100291055\4100291055.npz,4100291055.npz,1,train
6328,data\raw\daisee\val\410029\4100291056\4100291056.npz,4100291056.npz,1,val
6329,data\raw\daisee\val\410029\4100291059\4100291059.npz,4100291059.npz,1,train
6330,data\raw\daisee\val\410029\4100291060\4100291060.npz,4100291060.npz,0,train
6331,data\raw\daisee\val\410029\4100291061\4100291061.npz,4100291061.npz,1,train
6332,data\raw\daisee\val\410029\4100291062\4100291062.npz,4100291062.npz,0,test
6333,data\raw\daisee\val\410029\4100291063\4100291063.npz,4100291063.npz,0,train
6334,data\raw\daisee\val\410029\4100291064\4100291064.npz,4100291064.npz,1,train
6335,data\raw\daisee\val\410029\4100291065\4100291065.npz,4100291065.npz,0,train
6336,data\raw\daisee\val\410029\4100291070\4100291070.npz,4100291070.npz,1,test
6337,data\raw\daisee\val\410029\4100291074\4100291074.npz,4100291074.npz,1,train
6338,data\raw\daisee\val\410029\4100291076\4100291076.npz,4100291076.npz,1,test
6339,data\raw\daisee\val\410029\4100291077\4100291077.npz,4100291077.npz,1,val
6340,data\raw\daisee\val\410029\4100291078\4100291078.npz,4100291078.npz,1,val
6341,data\raw\daisee\val\410029\4100291079\4100291079.npz,4100291079.npz,1,train
6342,data\raw\daisee\val\410029\4100291080\4100291080.npz,4100291080.npz,1,val
6343,data\raw\daisee\val\410029\4100291081\4100291081.npz,4100291081.npz,1,val
6344,data\raw\daisee\val\410029\4100291082\4100291082.npz,4100291082.npz,1,test
6345,data\raw\daisee\val\410029\4100291083\4100291083.npz,4100291083.npz,1,test
6346,data\raw\daisee\val\410029\4100291084\4100291084.npz,4100291084.npz,1,val
6347,data\raw\daisee\val\410029\4100292001\4100292001.npz,4100292001.npz,0,val
6348,data\raw\daisee\val\410029\4100292003\4100292003.npz,4100292003.npz,0,train
6349,data\raw\daisee\val\410029\4100292005\4100292005.npz,4100292005.npz,0,train
6350,data\raw\daisee\val\410029\4100292008\4100292008.npz,4100292008.npz,0,train
6351,data\raw\daisee\val\410029\4100292010\4100292010.npz,4100292010.npz,0,train
6352,data\raw\daisee\val\410029\4100292016\4100292016.npz,4100292016.npz,1,test
6353,data\raw\daisee\val\410029\4100292019\4100292019.npz,4100292019.npz,0,train
6354,data\raw\daisee\val\410029\4100292020\4100292020.npz,4100292020.npz,1,val
6355,data\raw\daisee\val\410029\4100292021\4100292021.npz,4100292021.npz,0,train
6356,data\raw\daisee\val\410029\4100292022\4100292022.npz,4100292022.npz,1,test
6357,data\raw\daisee\val\410029\4100292023\4100292023.npz,4100292023.npz,0,test
6358,data\raw\daisee\val\410029\4100292024\4100292024.npz,4100292024.npz,1,train
6359,data\raw\daisee\val\410029\4100292025\4100292025.npz,4100292025.npz,0,train
6360,data\raw\daisee\val\410029\4100292026\4100292026.npz,4100292026.npz,0,train
6361,data\raw\daisee\val\410029\4100292027\4100292027.npz,4100292027.npz,0,test
6362,data\raw\daisee\val\410029\4100292028\4100292028.npz,4100292028.npz,0,train
6363,data\raw\daisee\val\410029\4100292035\4100292035.npz,4100292035.npz,1,train
6364,data\raw\daisee\val\410029\4100292036\4100292036.npz,4100292036.npz,0,train
6365,data\raw\daisee\val\410029\4100292037\4100292037.npz,4100292037.npz,0,val
6366,data\raw\daisee\val\410029\4100292040\4100292040.npz,4100292040.npz,0,train
6367,data\raw\daisee\val\410029\4100292041\4100292041.npz,4100292041.npz,0,train
6368,data\raw\daisee\val\410029\4100292042\4100292042.npz,4100292042.npz,0,train
6369,data\raw\daisee\val\410029\4100292043\4100292043.npz,4100292043.npz,0,train
6370,data\raw\daisee\val\410029\4100292044\4100292044.npz,4100292044.npz,0,train
6371,data\raw\daisee\val\410029\4100292045\4100292045.npz,4100292045.npz,0,train
6372,data\raw\daisee\val\410029\4100292046\4100292046.npz,4100292046.npz,0,train
6373,data\raw\daisee\val\410029\4100292048\4100292048.npz,4100292048.npz,1,train
6374,data\raw\daisee\val\410029\4100292049\4100292049.npz,4100292049.npz,0,train
6375,data\raw\daisee\val\410029\4100292050\4100292050.npz,4100292050.npz,0,test
6376,data\raw\daisee\val\410029\4100292052\4100292052.npz,4100292052.npz,1,train
6377,data\raw\daisee\val\410029\4100292053\4100292053.npz,4100292053.npz,0,train
6378,data\raw\daisee\val\410029\4100292056\4100292056.npz,4100292056.npz,1,test
6379,data\raw\daisee\val\410029\4100292057\4100292057.npz,4100292057.npz,0,train
6380,data\raw\daisee\val\410029\4100292059\4100292059.npz,4100292059.npz,0,test
6381,data\raw\daisee\val\410029\4100292060\4100292060.npz,4100292060.npz,0,train
6382,data\raw\daisee\val\410029\4100292061\4100292061.npz,4100292061.npz,0,test
6383,data\raw\daisee\val\410029\4100292062\4100292062.npz,4100292062.npz,0,train
6384,data\raw\daisee\val\410029\4100292063\4100292063.npz,4100292063.npz,0,train
6385,data\raw\daisee\val\410029\4100292064\4100292064.npz,4100292064.npz,0,train
6386,data\raw\daisee\val\410029\4100292065\4100292065.npz,4100292065.npz,0,train
6387,data\raw\daisee\val\410029\4100292066\4100292066.npz,4100292066.npz,0,val
6388,data\raw\daisee\val\410029\4100292067\4100292067.npz,4100292067.npz,0,test
6389,data\raw\daisee\val\410029\4100292068\4100292068.npz,4100292068.npz,0,train
6390,data\raw\daisee\val\410029\4100292069\4100292069.npz,4100292069.npz,0,train
6391,data\raw\daisee\val\410029\4100292070\4100292070.npz,4100292070.npz,0,test
6392,data\raw\daisee\val\410029\4100292071\4100292071.npz,4100292071.npz,0,train
6393,data\raw\daisee\val\410029\4100292072\4100292072.npz,4100292072.npz,0,test
6394,data\raw\daisee\val\410029\4100292073\4100292073.npz,4100292073.npz,0,train
6395,data\raw\daisee\val\410029\4100292074\4100292074.npz,4100292074.npz,0,val
6396,data\raw\daisee\val\410029\4100292075\4100292075.npz,4100292075.npz,0,train
6397,data\raw\daisee\val\410029\4100292077\4100292077.npz,4100292077.npz,0,train
6398,data\raw\daisee\val\410029\4100292078\4100292078.npz,4100292078.npz,0,test
6399,data\raw\daisee\val\410029\4100292079\4100292079.npz,4100292079.npz,0,val
6400,data\raw\daisee\val\410029\4100292081\4100292081.npz,4100292081.npz,0,train
6401,data\raw\daisee\val\410029\4100292083\4100292083.npz,4100292083.npz,0,train
6402,data\raw\daisee\val\410029\4100292084\4100292084.npz,4100292084.npz,1,train
6403,data\raw\daisee\val\410029\4100292085\4100292085.npz,4100292085.npz,0,train
6404,data\raw\daisee\val\410029\4100292087\4100292087.npz,4100292087.npz,0,train
6405,data\raw\daisee\val\410029\4100292088\4100292088.npz,4100292088.npz,0,test
6406,data\raw\daisee\val\410030\4100302002\4100302002.npz,4100302002.npz,0,val
6407,data\raw\daisee\val\410030\4100302013\4100302013.npz,4100302013.npz,1,val
6408,data\raw\daisee\val\410030\4100302014\4100302014.npz,4100302014.npz,0,train
6409,data\raw\daisee\val\410030\4100302016\4100302016.npz,4100302016.npz,1,val
6410,data\raw\daisee\val\410030\4100302017\4100302017.npz,4100302017.npz,1,test
6411,data\raw\daisee\val\410030\4100302018\4100302018.npz,4100302018.npz,1,train
6412,data\raw\daisee\val\410030\4100302019\4100302019.npz,4100302019.npz,1,test
6413,data\raw\daisee\val\410030\4100302020\4100302020.npz,4100302020.npz,1,train
6414,data\raw\daisee\val\410030\4100302024\4100302024.npz,4100302024.npz,1,val
6415,data\raw\daisee\val\410030\4100302028\4100302028.npz,4100302028.npz,0,train
6416,data\raw\daisee\val\410030\4100302030\4100302030.npz,4100302030.npz,1,train
6417,data\raw\daisee\val\410030\4100302040\4100302040.npz,4100302040.npz,1,val
6418,data\raw\daisee\val\410030\4100302041\4100302041.npz,4100302041.npz,1,val
6419,data\raw\daisee\val\410030\4100302042\4100302042.npz,4100302042.npz,1,train
6420,data\raw\daisee\val\410030\4100302043\4100302043.npz,4100302043.npz,1,val
6421,data\raw\daisee\val\410030\4100302044\4100302044.npz,4100302044.npz,1,val
6422,data\raw\daisee\val\410030\4100302045\4100302045.npz,4100302045.npz,1,train
6423,data\raw\daisee\val\410030\4100302046\4100302046.npz,4100302046.npz,0,train
6424,data\raw\daisee\val\410030\4100302047\4100302047.npz,4100302047.npz,1,train
6425,data\raw\daisee\val\410030\4100302048\4100302048.npz,4100302048.npz,1,train
6426,data\raw\daisee\val\410030\4100302049\4100302049.npz,4100302049.npz,1,train
6427,data\raw\daisee\val\410030\4100302050\4100302050.npz,4100302050.npz,1,train
6428,data\raw\daisee\val\410030\4100302051\4100302051.npz,4100302051.npz,1,train
6429,data\raw\daisee\val\410030\4100302052\4100302052.npz,4100302052.npz,1,train
6430,data\raw\daisee\val\410030\4100302053\4100302053.npz,4100302053.npz,0,train
6431,data\raw\daisee\val\410030\4100302054\4100302054.npz,4100302054.npz,0,train
6432,data\raw\daisee\val\410030\4100302055\4100302055.npz,4100302055.npz,1,train
6433,data\raw\daisee\val\410030\4100302058\4100302058.npz,4100302058.npz,1,train
6434,data\raw\daisee\val\410030\4100302061\4100302061.npz,4100302061.npz,0,test
6435,data\raw\daisee\val\410030\4100302063\4100302063.npz,4100302063.npz,1,train
6436,data\raw\daisee\val\410030\4100302064\4100302064.npz,4100302064.npz,1,train
6437,data\raw\daisee\val\410030\4100302066\4100302066.npz,4100302066.npz,1,train
6438,data\raw\daisee\val\410030\4100302067\4100302067.npz,4100302067.npz,1,train
6439,data\raw\daisee\val\410030\4100302068\4100302068.npz,4100302068.npz,1,train
6440,data\raw\daisee\val\410030\4100302069\4100302069.npz,4100302069.npz,1,val
6441,data\raw\daisee\val\410032\4100321001\4100321001.npz,4100321001.npz,1,train
6442,data\raw\daisee\val\410032\4100321002\4100321002.npz,4100321002.npz,0,val
6443,data\raw\daisee\val\410032\4100321003\4100321003.npz,4100321003.npz,0,train
6444,data\raw\daisee\val\410032\4100321004\4100321004.npz,4100321004.npz,1,train
6445,data\raw\daisee\val\410032\4100321005\4100321005.npz,4100321005.npz,0,train
6446,data\raw\daisee\val\410032\4100321006\4100321006.npz,4100321006.npz,0,train
6447,data\raw\daisee\val\410032\4100321008\4100321008.npz,4100321008.npz,1,train
6448,data\raw\daisee\val\410032\4100321009\4100321009.npz,4100321009.npz,1,test
6449,data\raw\daisee\val\410032\4100321010\4100321010.npz,4100321010.npz,1,train
6450,data\raw\daisee\val\410032\4100321011\4100321011.npz,4100321011.npz,0,train
6451,data\raw\daisee\val\410032\4100321012\4100321012.npz,4100321012.npz,0,train
6452,data\raw\daisee\val\410032\4100321014\4100321014.npz,4100321014.npz,1,train
6453,data\raw\daisee\val\410032\4100321015\4100321015.npz,4100321015.npz,0,val
6454,data\raw\daisee\val\410032\4100321016\4100321016.npz,4100321016.npz,0,train
6455,data\raw\daisee\val\410032\4100321020\4100321020.npz,4100321020.npz,0,train
6456,data\raw\daisee\val\410032\4100321021\4100321021.npz,4100321021.npz,1,train
6457,data\raw\daisee\val\410032\4100321022\4100321022.npz,4100321022.npz,1,train
6458,data\raw\daisee\val\410032\4100321023\4100321023.npz,4100321023.npz,0,train
6459,data\raw\daisee\val\410032\4100321024\4100321024.npz,4100321024.npz,0,train
6460,data\raw\daisee\val\410032\4100321026\4100321026.npz,4100321026.npz,0,train
6461,data\raw\daisee\val\410032\4100321027\4100321027.npz,4100321027.npz,1,val
6462,data\raw\daisee\val\410032\4100321028\4100321028.npz,4100321028.npz,0,train
6463,data\raw\daisee\val\410032\4100321029\4100321029.npz,4100321029.npz,0,test
6464,data\raw\daisee\val\410032\4100321030\4100321030.npz,4100321030.npz,0,train
6465,data\raw\daisee\val\410032\4100321032\4100321032.npz,4100321032.npz,0,train
6466,data\raw\daisee\val\410032\4100321033\4100321033.npz,4100321033.npz,0,test
6467,data\raw\daisee\val\410032\4100321034\4100321034.npz,4100321034.npz,0,train
6468,data\raw\daisee\val\410032\4100321037\4100321037.npz,4100321037.npz,0,train
6469,data\raw\daisee\val\410032\4100321038\4100321038.npz,4100321038.npz,0,train
6470,data\raw\daisee\val\410032\4100321039\4100321039.npz,4100321039.npz,0,train
6471,data\raw\daisee\val\410032\4100321041\4100321041.npz,4100321041.npz,0,val
6472,data\raw\daisee\val\410032\4100321042\4100321042.npz,4100321042.npz,1,train
6473,data\raw\daisee\val\410032\4100321043\4100321043.npz,4100321043.npz,1,train
6474,data\raw\daisee\val\410032\4100321044\4100321044.npz,4100321044.npz,1,train
6475,data\raw\daisee\val\410032\4100321045\4100321045.npz,4100321045.npz,1,train
6476,data\raw\daisee\val\410032\4100321046\4100321046.npz,4100321046.npz,0,val
6477,data\raw\daisee\val\410032\4100321049\4100321049.npz,4100321049.npz,1,train
6478,data\raw\daisee\val\410032\4100321051\4100321051.npz,4100321051.npz,1,test
6479,data\raw\daisee\val\410032\4100321052\4100321052.npz,4100321052.npz,1,train
6480,data\raw\daisee\val\410032\4100321053\4100321053.npz,4100321053.npz,0,train
6481,data\raw\daisee\val\410032\4100322001\4100322001.npz,4100322001.npz,0,train
6482,data\raw\daisee\val\410032\4100322007\4100322007.npz,4100322007.npz,0,train
6483,data\raw\daisee\val\410032\4100322025\4100322025.npz,4100322025.npz,1,val
6484,data\raw\daisee\val\410032\4100322031\4100322031.npz,4100322031.npz,1,train
6485,data\raw\daisee\val\410032\4100322032\4100322032.npz,4100322032.npz,1,val
6486,data\raw\daisee\val\410032\4100322033\4100322033.npz,4100322033.npz,1,train
6487,data\raw\daisee\val\410032\4100322034\4100322034.npz,4100322034.npz,0,train
6488,data\raw\daisee\val\410032\4100322035\4100322035.npz,4100322035.npz,1,train
6489,data\raw\daisee\val\410032\4100322037\4100322037.npz,4100322037.npz,0,train
6490,data\raw\daisee\val\410032\4100322038\4100322038.npz,4100322038.npz,0,train
6491,data\raw\daisee\val\410032\4100322039\4100322039.npz,4100322039.npz,0,test
6492,data\raw\daisee\val\410032\4100322040\4100322040.npz,4100322040.npz,0,val
6493,data\raw\daisee\val\410032\4100322041\4100322041.npz,4100322041.npz,0,train
6494,data\raw\daisee\val\410032\4100322042\4100322042.npz,4100322042.npz,0,test
6495,data\raw\daisee\val\410032\4100322044\4100322044.npz,4100322044.npz,0,val
6496,data\raw\daisee\val\410032\4100322045\4100322045.npz,4100322045.npz,0,train
6497,data\raw\daisee\val\410032\4100322048\4100322048.npz,4100322048.npz,0,train
6498,data\raw\daisee\val\410032\4100322051\4100322051.npz,4100322051.npz,0,train
6499,data\raw\daisee\val\410032\4100322052\4100322052.npz,4100322052.npz,0,train
6500,data\raw\daisee\val\410032\4100322053\4100322053.npz,4100322053.npz,0,test
6501,data\raw\daisee\val\410032\4100322055\4100322055.npz,4100322055.npz,1,val
6502,data\raw\daisee\val\410032\4100322056\4100322056.npz,4100322056.npz,1,train
6503,data\raw\daisee\val\410032\4100322057\4100322057.npz,4100322057.npz,1,train
6504,data\raw\daisee\val\410032\4100322058\4100322058.npz,4100322058.npz,0,train
6505,data\raw\daisee\val\410032\4100322059\4100322059.npz,4100322059.npz,1,val
6506,data\raw\daisee\val\410032\4100322060\4100322060.npz,4100322060.npz,1,train
6507,data\raw\daisee\val\410032\4100322061\4100322061.npz,4100322061.npz,0,test
6508,data\raw\daisee\val\500039\5000391001\5000391001.npz,5000391001.npz,0,train
6509,data\raw\daisee\val\500039\5000391002\5000391002.npz,5000391002.npz,0,val
6510,data\raw\daisee\val\500039\5000391004\5000391004.npz,5000391004.npz,1,train
6511,data\raw\daisee\val\500039\5000391005\5000391005.npz,5000391005.npz,1,train
6512,data\raw\daisee\val\500039\5000391007\5000391007.npz,5000391007.npz,0,train
6513,data\raw\daisee\val\500039\5000391008\5000391008.npz,5000391008.npz,1,train
6514,data\raw\daisee\val\500039\5000391010\5000391010.npz,5000391010.npz,1,train
6515,data\raw\daisee\val\500039\5000391012\5000391012.npz,5000391012.npz,0,train
6516,data\raw\daisee\val\500039\5000391013\5000391013.npz,5000391013.npz,0,train
6517,data\raw\daisee\val\500039\5000391014\5000391014.npz,5000391014.npz,0,train
6518,data\raw\daisee\val\500039\5000391015\5000391015.npz,5000391015.npz,1,test
6519,data\raw\daisee\val\500039\5000391016\5000391016.npz,5000391016.npz,1,val
6520,data\raw\daisee\val\500039\5000391017\5000391017.npz,5000391017.npz,1,val
6521,data\raw\daisee\val\500039\5000391019\5000391019.npz,5000391019.npz,0,train
6522,data\raw\daisee\val\500039\5000391020\5000391020.npz,5000391020.npz,0,train
6523,data\raw\daisee\val\500039\5000391022\5000391022.npz,5000391022.npz,1,train
6524,data\raw\daisee\val\500039\5000391023\5000391023.npz,5000391023.npz,1,train
6525,data\raw\daisee\val\500039\5000391024\5000391024.npz,5000391024.npz,0,train
6526,data\raw\daisee\val\500039\5000391026\5000391026.npz,5000391026.npz,1,train
6527,data\raw\daisee\val\500039\5000391028\5000391028.npz,5000391028.npz,0,train
6528,data\raw\daisee\val\500039\5000391029\5000391029.npz,5000391029.npz,1,train
6529,data\raw\daisee\val\500039\5000391030\5000391030.npz,5000391030.npz,0,train
6530,data\raw\daisee\val\500039\5000391031\5000391031.npz,5000391031.npz,0,train
6531,data\raw\daisee\val\500039\5000391032\5000391032.npz,5000391032.npz,1,test
6532,data\raw\daisee\val\500039\5000391034\5000391034.npz,5000391034.npz,0,train
6533,data\raw\daisee\val\500039\5000391035\5000391035.npz,5000391035.npz,1,test
6534,data\raw\daisee\val\500039\5000391036\5000391036.npz,5000391036.npz,0,train
6535,data\raw\daisee\val\500039\5000391037\5000391037.npz,5000391037.npz,1,train
6536,data\raw\daisee\val\500039\5000391038\5000391038.npz,5000391038.npz,1,train
6537,data\raw\daisee\val\500039\5000391040\5000391040.npz,5000391040.npz,1,train
6538,data\raw\daisee\val\500039\5000391045\5000391045.npz,5000391045.npz,1,train
6539,data\raw\daisee\val\500039\5000391046\5000391046.npz,5000391046.npz,0,train
6540,data\raw\daisee\val\500039\5000391047\5000391047.npz,5000391047.npz,0,test
6541,data\raw\daisee\val\500039\5000391049\5000391049.npz,5000391049.npz,1,test
6542,data\raw\daisee\val\500039\5000391050\5000391050.npz,5000391050.npz,1,val
6543,data\raw\daisee\val\500039\5000391054\5000391054.npz,5000391054.npz,1,train
6544,data\raw\daisee\val\500039\5000391055\5000391055.npz,5000391055.npz,1,train
6545,data\raw\daisee\val\500039\5000391056\5000391056.npz,5000391056.npz,1,train
6546,data\raw\daisee\val\500039\5000391059\5000391059.npz,5000391059.npz,0,train
6547,data\raw\daisee\val\500039\5000391060\5000391060.npz,5000391060.npz,1,train
6548,data\raw\daisee\val\500039\5000391061\5000391061.npz,5000391061.npz,1,train
6549,data\raw\daisee\val\500039\5000391062\5000391062.npz,5000391062.npz,0,train
6550,data\raw\daisee\val\500039\5000391063\5000391063.npz,5000391063.npz,0,train
6551,data\raw\daisee\val\500039\5000391064\5000391064.npz,5000391064.npz,0,train
6552,data\raw\daisee\val\500039\5000391065\5000391065.npz,5000391065.npz,1,train
6553,data\raw\daisee\val\500039\5000391066\5000391066.npz,5000391066.npz,0,train
6554,data\raw\daisee\val\500039\5000391067\5000391067.npz,5000391067.npz,0,val
6555,data\raw\daisee\val\500039\5000391068\5000391068.npz,5000391068.npz,0,train
6556,data\raw\daisee\val\500039\5000391069\5000391069.npz,5000391069.npz,1,train
6557,data\raw\daisee\val\500039\5000391070\5000391070.npz,5000391070.npz,0,train
6558,data\raw\daisee\val\500039\5000391071\5000391071.npz,5000391071.npz,1,test
6559,data\raw\daisee\val\500039\5000391072\5000391072.npz,5000391072.npz,0,train
6560,data\raw\daisee\val\500039\5000391073\5000391073.npz,5000391073.npz,1,train
6561,data\raw\daisee\val\500039\5000391074\5000391074.npz,5000391074.npz,0,test
6562,data\raw\daisee\val\500039\5000391076\5000391076.npz,5000391076.npz,0,train
6563,data\raw\daisee\val\500039\5000391078\5000391078.npz,5000391078.npz,0,val
6564,data\raw\daisee\val\500039\5000391079\5000391079.npz,5000391079.npz,0,train
6565,data\raw\daisee\val\500039\5000391080\5000391080.npz,5000391080.npz,0,train
6566,data\raw\daisee\val\500039\5000391081\5000391081.npz,5000391081.npz,0,train
6567,data\raw\daisee\val\500039\5000392001\5000392001.npz,5000392001.npz,0,train
6568,data\raw\daisee\val\500039\5000392002\5000392002.npz,5000392002.npz,1,train
6569,data\raw\daisee\val\500039\5000392003\5000392003.npz,5000392003.npz,0,train
6570,data\raw\daisee\val\500039\5000392006\5000392006.npz,5000392006.npz,1,val
6571,data\raw\daisee\val\500039\5000392007\5000392007.npz,5000392007.npz,1,train
6572,data\raw\daisee\val\500039\5000392010\5000392010.npz,5000392010.npz,1,val
6573,data\raw\daisee\val\500039\5000392011\5000392011.npz,5000392011.npz,0,test
6574,data\raw\daisee\val\500039\5000392015\5000392015.npz,5000392015.npz,1,train
6575,data\raw\daisee\val\500039\5000392016\5000392016.npz,5000392016.npz,0,train
6576,data\raw\daisee\val\500039\5000392017\5000392017.npz,5000392017.npz,0,test
6577,data\raw\daisee\val\500039\5000392018\5000392018.npz,5000392018.npz,1,train
6578,data\raw\daisee\val\500039\5000392019\5000392019.npz,5000392019.npz,1,val
6579,data\raw\daisee\val\500039\5000392020\5000392020.npz,5000392020.npz,1,train
6580,data\raw\daisee\val\500039\5000392021\5000392021.npz,5000392021.npz,1,val
6581,data\raw\daisee\val\500039\5000392022\5000392022.npz,5000392022.npz,1,train
6582,data\raw\daisee\val\500039\5000392025\5000392025.npz,5000392025.npz,0,val
6583,data\raw\daisee\val\500039\5000392026\5000392026.npz,5000392026.npz,1,test
6584,data\raw\daisee\val\500039\5000392027\5000392027.npz,5000392027.npz,1,train
6585,data\raw\daisee\val\500039\5000392029\5000392029.npz,5000392029.npz,0,train
6586,data\raw\daisee\val\500039\5000392033\5000392033.npz,5000392033.npz,1,train
6587,data\raw\daisee\val\500039\5000392035\5000392035.npz,5000392035.npz,1,train
6588,data\raw\daisee\val\500039\5000392036\5000392036.npz,5000392036.npz,1,train
6589,data\raw\daisee\val\500039\5000392038\5000392038.npz,5000392038.npz,0,test
6590,data\raw\daisee\val\500039\5000392039\5000392039.npz,5000392039.npz,1,train
6591,data\raw\daisee\val\500039\5000392040\5000392040.npz,5000392040.npz,1,test
6592,data\raw\daisee\val\500039\5000392041\5000392041.npz,5000392041.npz,0,train
6593,data\raw\daisee\val\500039\5000392042\5000392042.npz,5000392042.npz,1,train
6594,data\raw\daisee\val\500039\5000392044\5000392044.npz,5000392044.npz,1,train
6595,data\raw\daisee\val\500039\5000392047\5000392047.npz,5000392047.npz,1,val
6596,data\raw\daisee\val\500039\5000392048\5000392048.npz,5000392048.npz,1,val
6597,data\raw\daisee\val\500039\5000392049\5000392049.npz,5000392049.npz,0,train
6598,data\raw\daisee\val\500039\5000392050\5000392050.npz,5000392050.npz,0,val
6599,data\raw\daisee\val\500039\5000392051\5000392051.npz,5000392051.npz,0,train
6600,data\raw\daisee\val\500039\5000392053\5000392053.npz,5000392053.npz,1,train
6601,data\raw\daisee\val\500039\5000392054\5000392054.npz,5000392054.npz,1,train
6602,data\raw\daisee\val\500039\5000392055\5000392055.npz,5000392055.npz,0,test
6603,data\raw\daisee\val\500039\5000392056\5000392056.npz,5000392056.npz,1,train
6604,data\raw\daisee\val\500039\5000392058\5000392058.npz,5000392058.npz,1,train
6605,data\raw\daisee\val\500039\5000392062\5000392062.npz,5000392062.npz,1,train
6606,data\raw\daisee\val\500039\5000392063\5000392063.npz,5000392063.npz,1,train
6607,data\raw\daisee\val\500039\5000392064\5000392064.npz,5000392064.npz,0,train
6608,data\raw\daisee\val\500039\5000392065\5000392065.npz,5000392065.npz,0,train
6609,data\raw\daisee\val\500039\5000392066\5000392066.npz,5000392066.npz,1,train
6610,data\raw\daisee\val\500039\5000392067\5000392067.npz,5000392067.npz,1,train
6611,data\raw\daisee\val\500039\5000392070\5000392070.npz,5000392070.npz,1,train
6612,data\raw\daisee\val\500039\5000392071\5000392071.npz,5000392071.npz,1,test
6613,data\raw\daisee\val\500039\5000392072\5000392072.npz,5000392072.npz,1,train
6614,data\raw\daisee\val\500043\5000431019\5000431019.npz,5000431019.npz,1,train
6615,data\raw\daisee\val\500043\5000431020\5000431020.npz,5000431020.npz,0,train
6616,data\raw\daisee\val\500043\5000431021\5000431021.npz,5000431021.npz,0,test
6617,data\raw\daisee\val\500043\5000431022\5000431022.npz,5000431022.npz,0,train
6618,data\raw\daisee\val\500043\5000431023\5000431023.npz,5000431023.npz,0,train
6619,data\raw\daisee\val\500043\5000431025\5000431025.npz,5000431025.npz,0,test
6620,data\raw\daisee\val\500043\5000431026\5000431026.npz,5000431026.npz,0,val
6621,data\raw\daisee\val\500043\5000431049\5000431049.npz,5000431049.npz,0,train
6622,data\raw\daisee\val\500043\5000431050\5000431050.npz,5000431050.npz,0,train
6623,data\raw\daisee\val\500043\5000432001\5000432001.npz,5000432001.npz,0,val
6624,data\raw\daisee\val\500043\5000432003\5000432003.npz,5000432003.npz,0,val
6625,data\raw\daisee\val\500043\5000432006\5000432006.npz,5000432006.npz,0,test
6626,data\raw\daisee\val\500043\5000432059\5000432059.npz,5000432059.npz,0,test
6627,data\raw\daisee\val\556463\5564630110\5564630110.npz,5564630110.npz,1,train
6628,data\raw\daisee\val\556463\5564630112\5564630112.npz,5564630112.npz,1,train
6629,data\raw\daisee\val\556463\5564630115\5564630115.npz,5564630115.npz,0,train
6630,data\raw\daisee\val\556463\5564630117\5564630117.npz,5564630117.npz,0,train
6631,data\raw\daisee\val\556463\556463012\556463012.npz,556463012.npz,0,val
6632,data\raw\daisee\val\556463\5564630121\5564630121.npz,5564630121.npz,0,train
6633,data\raw\daisee\val\556463\5564630122\5564630122.npz,5564630122.npz,1,test
6634,data\raw\daisee\val\556463\5564630123\5564630123.npz,5564630123.npz,1,train
6635,data\raw\daisee\val\556463\5564630127\5564630127.npz,5564630127.npz,0,train
6636,data\raw\daisee\val\556463\5564630128\5564630128.npz,5564630128.npz,0,train
6637,data\raw\daisee\val\556463\5564630129\5564630129.npz,5564630129.npz,0,train
6638,data\raw\daisee\val\556463\556463013\556463013.npz,556463013.npz,0,test
6639,data\raw\daisee\val\556463\5564630130\5564630130.npz,5564630130.npz,0,train
6640,data\raw\daisee\val\556463\5564630132\5564630132.npz,5564630132.npz,1,train
6641,data\raw\daisee\val\556463\5564630133\5564630133.npz,5564630133.npz,1,train
6642,data\raw\daisee\val\556463\5564630134\5564630134.npz,5564630134.npz,0,train
6643,data\raw\daisee\val\556463\5564630135\5564630135.npz,5564630135.npz,0,train
6644,data\raw\daisee\val\556463\5564630137\5564630137.npz,5564630137.npz,1,val
6645,data\raw\daisee\val\556463\5564630138\5564630138.npz,5564630138.npz,1,train
6646,data\raw\daisee\val\556463\5564630139\5564630139.npz,5564630139.npz,1,train
6647,data\raw\daisee\val\556463\5564630140\5564630140.npz,5564630140.npz,1,train
6648,data\raw\daisee\val\556463\5564630141\5564630141.npz,5564630141.npz,1,train
6649,data\raw\daisee\val\556463\5564630142\5564630142.npz,5564630142.npz,0,train
6650,data\raw\daisee\val\556463\5564630143\5564630143.npz,5564630143.npz,0,train
6651,data\raw\daisee\val\556463\5564630145\5564630145.npz,5564630145.npz,0,train
6652,data\raw\daisee\val\556463\5564630147\5564630147.npz,5564630147.npz,0,train
6653,data\raw\daisee\val\556463\5564630148\5564630148.npz,5564630148.npz,0,val
6654,data\raw\daisee\val\556463\5564630149\5564630149.npz,5564630149.npz,1,train
6655,data\raw\daisee\val\556463\5564630150\5564630150.npz,5564630150.npz,0,val
6656,data\raw\daisee\val\556463\5564630152\5564630152.npz,5564630152.npz,0,test
6657,data\raw\daisee\val\556463\5564630153\5564630153.npz,5564630153.npz,0,train
6658,data\raw\daisee\val\556463\5564630154\5564630154.npz,5564630154.npz,1,train
6659,data\raw\daisee\val\556463\5564630156\5564630156.npz,5564630156.npz,1,train
6660,data\raw\daisee\val\556463\5564630157\5564630157.npz,5564630157.npz,1,train
6661,data\raw\daisee\val\556463\5564630158\5564630158.npz,5564630158.npz,1,val
6662,data\raw\daisee\val\556463\556463016\556463016.npz,556463016.npz,0,train
6663,data\raw\daisee\val\556463\5564630160\5564630160.npz,5564630160.npz,0,test
6664,data\raw\daisee\val\556463\5564630161\5564630161.npz,5564630161.npz,0,train
6665,data\raw\daisee\val\556463\5564630162\5564630162.npz,5564630162.npz,0,train
6666,data\raw\daisee\val\556463\5564630163\5564630163.npz,5564630163.npz,0,val
6667,data\raw\daisee\val\556463\5564630165\5564630165.npz,5564630165.npz,0,train
6668,data\raw\daisee\val\556463\5564630166\5564630166.npz,5564630166.npz,0,train
6669,data\raw\daisee\val\556463\5564630167\5564630167.npz,5564630167.npz,0,train
6670,data\raw\daisee\val\556463\5564630168\5564630168.npz,5564630168.npz,1,train
6671,data\raw\daisee\val\556463\556463018\556463018.npz,556463018.npz,0,train
6672,data\raw\daisee\val\556463\556463019\556463019.npz,556463019.npz,0,train
6673,data\raw\daisee\val\556463\5564630211\5564630211.npz,5564630211.npz,1,train
6674,data\raw\daisee\val\556463\5564630212\5564630212.npz,5564630212.npz,1,train
6675,data\raw\daisee\val\556463\5564630213\5564630213.npz,5564630213.npz,0,train
6676,data\raw\daisee\val\556463\5564630215\5564630215.npz,5564630215.npz,0,train
6677,data\raw\daisee\val\556463\5564630216\5564630216.npz,5564630216.npz,0,test
6678,data\raw\daisee\val\556463\5564630217\5564630217.npz,5564630217.npz,0,train
6679,data\raw\daisee\val\556463\5564630218\5564630218.npz,5564630218.npz,0,val
6680,data\raw\daisee\val\556463\5564630219\5564630219.npz,5564630219.npz,0,train
6681,data\raw\daisee\val\556463\556463022\556463022.npz,556463022.npz,1,train
6682,data\raw\daisee\val\556463\5564630221\5564630221.npz,5564630221.npz,0,val
6683,data\raw\daisee\val\556463\5564630222\5564630222.npz,5564630222.npz,0,val
6684,data\raw\daisee\val\556463\5564630226\5564630226.npz,5564630226.npz,1,train
6685,data\raw\daisee\val\556463\5564630228\5564630228.npz,5564630228.npz,0,train
6686,data\raw\daisee\val\556463\5564630229\5564630229.npz,5564630229.npz,0,val
6687,data\raw\daisee\val\556463\5564630230\5564630230.npz,5564630230.npz,0,train
6688,data\raw\daisee\val\556463\5564630232\5564630232.npz,5564630232.npz,0,train
6689,data\raw\daisee\val\556463\5564630233\5564630233.npz,5564630233.npz,1,test
6690,data\raw\daisee\val\556463\5564630234\5564630234.npz,5564630234.npz,0,train
6691,data\raw\daisee\val\556463\5564630235\5564630235.npz,5564630235.npz,1,train
6692,data\raw\daisee\val\556463\5564630236\5564630236.npz,5564630236.npz,1,val
6693,data\raw\daisee\val\556463\5564630237\5564630237.npz,5564630237.npz,0,val
6694,data\raw\daisee\val\556463\5564630238\5564630238.npz,5564630238.npz,1,train
6695,data\raw\daisee\val\556463\556463024\556463024.npz,556463024.npz,0,val
6696,data\raw\daisee\val\556463\5564630240\5564630240.npz,5564630240.npz,1,train
6697,data\raw\daisee\val\556463\5564630241\5564630241.npz,5564630241.npz,1,test
6698,data\raw\daisee\val\556463\5564630247\5564630247.npz,5564630247.npz,0,test
6699,data\raw\daisee\val\556463\5564630249\5564630249.npz,5564630249.npz,0,train
6700,data\raw\daisee\val\556463\556463025\556463025.npz,556463025.npz,1,train
6701,data\raw\daisee\val\556463\5564630252\5564630252.npz,5564630252.npz,1,train
6702,data\raw\daisee\val\556463\5564630253\5564630253.npz,5564630253.npz,0,test
6703,data\raw\daisee\val\556463\5564630254\5564630254.npz,5564630254.npz,0,train
6704,data\raw\daisee\val\556463\5564630256\5564630256.npz,5564630256.npz,0,train
6705,data\raw\daisee\val\556463\5564630257\5564630257.npz,5564630257.npz,1,train
6706,data\raw\daisee\val\556463\5564630258\5564630258.npz,5564630258.npz,1,train
6707,data\raw\daisee\val\556463\556463026\556463026.npz,556463026.npz,0,train
6708,data\raw\daisee\val\556463\5564630261\5564630261.npz,5564630261.npz,0,train
6709,data\raw\daisee\val\556463\5564630262\5564630262.npz,5564630262.npz,1,train
6710,data\raw\daisee\val\556463\5564630264\5564630264.npz,5564630264.npz,1,train
6711,data\raw\daisee\val\556463\5564630265\5564630265.npz,5564630265.npz,0,val
6712,data\raw\daisee\val\556463\5564630269\5564630269.npz,5564630269.npz,0,train
6713,data\raw\daisee\val\556463\556463027\556463027.npz,556463027.npz,0,train
6714,data\raw\daisee\val\556463\5564630273\5564630273.npz,5564630273.npz,1,train
6715,data\raw\daisee\val\556463\5564630275\5564630275.npz,5564630275.npz,1,train
6716,data\raw\daisee\val\556463\5564630276\5564630276.npz,5564630276.npz,0,test
6717,data\raw\daisee\val\556463\556463028\556463028.npz,556463028.npz,1,train
6718,data\raw\daisee\val\556463\5564630281\5564630281.npz,5564630281.npz,1,train
6719,data\raw\daisee\val\556463\556463029\556463029.npz,556463029.npz,0,train
6720,data\raw\daisee\val\567496\567496011\567496011.npz,567496011.npz,0,train
6721,data\raw\daisee\val\567496\5674960111\5674960111.npz,5674960111.npz,0,train
6722,data\raw\daisee\val\567496\5674960114\5674960114.npz,5674960114.npz,0,train
6723,data\raw\daisee\val\567496\5674960115\5674960115.npz,5674960115.npz,0,train
6724,data\raw\daisee\val\567496\5674960116\5674960116.npz,5674960116.npz,0,train
6725,data\raw\daisee\val\567496\5674960117\5674960117.npz,5674960117.npz,0,val
6726,data\raw\daisee\val\567496\5674960118\5674960118.npz,5674960118.npz,0,train
6727,data\raw\daisee\val\567496\5674960121\5674960121.npz,5674960121.npz,0,train
6728,data\raw\daisee\val\567496\5674960123\5674960123.npz,5674960123.npz,0,train
6729,data\raw\daisee\val\567496\5674960124\5674960124.npz,5674960124.npz,0,train
6730,data\raw\daisee\val\567496\5674960125\5674960125.npz,5674960125.npz,0,train
6731,data\raw\daisee\val\567496\5674960126\5674960126.npz,5674960126.npz,0,train
6732,data\raw\daisee\val\567496\567496013\567496013.npz,567496013.npz,0,test
6733,data\raw\daisee\val\567496\5674960131\5674960131.npz,5674960131.npz,0,test
6734,data\raw\daisee\val\567496\5674960132\5674960132.npz,5674960132.npz,0,test
6735,data\raw\daisee\val\567496\5674960134\5674960134.npz,5674960134.npz,0,train
6736,data\raw\daisee\val\567496\5674960136\5674960136.npz,5674960136.npz,1,test
6737,data\raw\daisee\val\567496\5674960138\5674960138.npz,5674960138.npz,0,train
6738,data\raw\daisee\val\567496\567496014\567496014.npz,567496014.npz,0,test
6739,data\raw\daisee\val\567496\5674960142\5674960142.npz,5674960142.npz,0,train
6740,data\raw\daisee\val\567496\5674960144\5674960144.npz,5674960144.npz,0,train
6741,data\raw\daisee\val\567496\5674960145\5674960145.npz,5674960145.npz,1,val
6742,data\raw\daisee\val\567496\5674960146\5674960146.npz,5674960146.npz,0,val
6743,data\raw\daisee\val\567496\5674960148\5674960148.npz,5674960148.npz,1,train
6744,data\raw\daisee\val\567496\5674960151\5674960151.npz,5674960151.npz,1,train
6745,data\raw\daisee\val\567496\5674960153\5674960153.npz,5674960153.npz,0,train
6746,data\raw\daisee\val\567496\5674960154\5674960154.npz,5674960154.npz,1,test
6747,data\raw\daisee\val\567496\5674960155\5674960155.npz,5674960155.npz,1,test
6748,data\raw\daisee\val\567496\5674960156\5674960156.npz,5674960156.npz,0,train
6749,data\raw\daisee\val\567496\5674960157\5674960157.npz,5674960157.npz,0,train
6750,data\raw\daisee\val\567496\5674960158\5674960158.npz,5674960158.npz,0,val
6751,data\raw\daisee\val\567496\5674960160\5674960160.npz,5674960160.npz,0,train
6752,data\raw\daisee\val\567496\5674960161\5674960161.npz,5674960161.npz,0,train
6753,data\raw\daisee\val\567496\5674960166\5674960166.npz,5674960166.npz,0,train
6754,data\raw\daisee\val\567496\567496017\567496017.npz,567496017.npz,0,train
6755,data\raw\daisee\val\567496\5674960170\5674960170.npz,5674960170.npz,0,train
6756,data\raw\daisee\val\567496\567496018\567496018.npz,567496018.npz,0,train
6757,data\raw\daisee\val\567496\567496019\567496019.npz,567496019.npz,0,train
6758,data\raw\daisee\val\567496\5674960211\5674960211.npz,5674960211.npz,0,val
6759,data\raw\daisee\val\567496\5674960215\5674960215.npz,5674960215.npz,0,val
6760,data\raw\daisee\val\567496\5674960216\5674960216.npz,5674960216.npz,0,val
6761,data\raw\daisee\val\567496\5674960219\5674960219.npz,5674960219.npz,0,train
6762,data\raw\daisee\val\567496\567496022\567496022.npz,567496022.npz,1,train
6763,data\raw\daisee\val\567496\5674960220\5674960220.npz,5674960220.npz,0,train
6764,data\raw\daisee\val\567496\5674960221\5674960221.npz,5674960221.npz,0,train
6765,data\raw\daisee\val\567496\5674960222\5674960222.npz,5674960222.npz,1,train
6766,data\raw\daisee\val\567496\5674960224\5674960224.npz,5674960224.npz,0,train
6767,data\raw\daisee\val\567496\5674960225\5674960225.npz,5674960225.npz,1,train
6768,data\raw\daisee\val\567496\5674960227\5674960227.npz,5674960227.npz,0,test
6769,data\raw\daisee\val\567496\5674960228\5674960228.npz,5674960228.npz,0,train
6770,data\raw\daisee\val\567496\5674960229\5674960229.npz,5674960229.npz,0,train
6771,data\raw\daisee\val\567496\5674960230\5674960230.npz,5674960230.npz,0,train
6772,data\raw\daisee\val\567496\5674960234\5674960234.npz,5674960234.npz,0,test
6773,data\raw\daisee\val\567496\5674960235\5674960235.npz,5674960235.npz,0,train
6774,data\raw\daisee\val\567496\567496024\567496024.npz,567496024.npz,0,train
6775,data\raw\daisee\val\567496\5674960242\5674960242.npz,5674960242.npz,0,val
6776,data\raw\daisee\val\567496\5674960246\5674960246.npz,5674960246.npz,0,train
6777,data\raw\daisee\val\567496\5674960249\5674960249.npz,5674960249.npz,0,test
6778,data\raw\daisee\val\567496\5674960251\5674960251.npz,5674960251.npz,0,train
6779,data\raw\daisee\val\567496\5674960252\5674960252.npz,5674960252.npz,0,test
6780,data\raw\daisee\val\567496\5674960255\5674960255.npz,5674960255.npz,0,train
6781,data\raw\daisee\val\567496\5674960257\5674960257.npz,5674960257.npz,1,train
6782,data\raw\daisee\val\567496\567496026\567496026.npz,567496026.npz,0,train
6783,data\raw\daisee\val\567496\5674960261\5674960261.npz,5674960261.npz,0,train
6784,data\raw\daisee\val\567496\5674960264\5674960264.npz,5674960264.npz,0,train
6785,data\raw\daisee\val\567496\5674960268\5674960268.npz,5674960268.npz,0,train
6786,data\raw\daisee\val\567496\5674960272\5674960272.npz,5674960272.npz,0,test
6787,data\raw\daisee\val\567496\5674960273\5674960273.npz,5674960273.npz,0,test
6788,data\raw\daisee\val\567496\5674960274\5674960274.npz,5674960274.npz,0,train
6789,data\raw\daisee\val\567496\5674960275\5674960275.npz,5674960275.npz,0,val
6790,data\raw\daisee\val\567496\5674960276\5674960276.npz,5674960276.npz,0,train
6791,data\raw\daisee\val\567496\5674960277\5674960277.npz,5674960277.npz,0,train
6792,data\raw\daisee\val\567496\5674960278\5674960278.npz,5674960278.npz,0,train
6793,data\raw\daisee\val\567496\5674960279\5674960279.npz,5674960279.npz,0,train
6794,data\raw\daisee\val\567496\567496028\567496028.npz,567496028.npz,0,train
6795,data\raw\daisee\val\567496\5674960281\5674960281.npz,5674960281.npz,0,test
6796,data\raw\daisee\val\567496\5674960282\5674960282.npz,5674960282.npz,0,train
6797,data\raw\daisee\val\567496\567496029\567496029.npz,567496029.npz,0,train
6798,data\raw\daisee\val\591292\5912920111\5912920111.npz,5912920111.npz,0,train
6799,data\raw\daisee\val\591292\5912920112\5912920112.npz,5912920112.npz,0,train
6800,data\raw\daisee\val\591292\5912920113\5912920113.npz,5912920113.npz,0,test
6801,data\raw\daisee\val\591292\5912920114\5912920114.npz,5912920114.npz,0,train
6802,data\raw\daisee\val\591292\5912920119\5912920119.npz,5912920119.npz,0,train
6803,data\raw\daisee\val\591292\5912920121\5912920121.npz,5912920121.npz,0,train
6804,data\raw\daisee\val\591292\5912920123\5912920123.npz,5912920123.npz,0,train
6805,data\raw\daisee\val\591292\5912920124\5912920124.npz,5912920124.npz,0,train
6806,data\raw\daisee\val\591292\5912920125\5912920125.npz,5912920125.npz,0,train
6807,data\raw\daisee\val\591292\5912920126\5912920126.npz,5912920126.npz,0,train
6808,data\raw\daisee\val\591292\5912920127\5912920127.npz,5912920127.npz,0,train
6809,data\raw\daisee\val\591292\5912920128\5912920128.npz,5912920128.npz,1,test
6810,data\raw\daisee\val\591292\5912920129\5912920129.npz,5912920129.npz,0,test
6811,data\raw\daisee\val\591292\5912920131\5912920131.npz,5912920131.npz,0,train
6812,data\raw\daisee\val\591292\5912920133\5912920133.npz,5912920133.npz,0,train
6813,data\raw\daisee\val\591292\5912920135\5912920135.npz,5912920135.npz,0,train
6814,data\raw\daisee\val\591292\5912920137\5912920137.npz,5912920137.npz,0,train
6815,data\raw\daisee\val\591292\5912920140\5912920140.npz,5912920140.npz,0,train
6816,data\raw\daisee\val\591292\5912920142\5912920142.npz,5912920142.npz,0,val
6817,data\raw\daisee\val\591292\5912920143\5912920143.npz,5912920143.npz,0,train
6818,data\raw\daisee\val\591292\5912920145\5912920145.npz,5912920145.npz,0,train
6819,data\raw\daisee\val\591292\5912920146\5912920146.npz,5912920146.npz,0,train
6820,data\raw\daisee\val\591292\5912920147\5912920147.npz,5912920147.npz,0,train
6821,data\raw\daisee\val\591292\5912920148\5912920148.npz,5912920148.npz,0,train
6822,data\raw\daisee\val\591292\5912920149\5912920149.npz,5912920149.npz,0,train
6823,data\raw\daisee\val\591292\591292015\591292015.npz,591292015.npz,0,train
6824,data\raw\daisee\val\591292\5912920151\5912920151.npz,5912920151.npz,0,train
6825,data\raw\daisee\val\591292\5912920152\5912920152.npz,5912920152.npz,0,val
6826,data\raw\daisee\val\591292\5912920154\5912920154.npz,5912920154.npz,0,train
6827,data\raw\daisee\val\591292\5912920156\5912920156.npz,5912920156.npz,0,train
6828,data\raw\daisee\val\591292\5912920158\5912920158.npz,5912920158.npz,0,test
6829,data\raw\daisee\val\591292\5912920159\5912920159.npz,5912920159.npz,0,train
6830,data\raw\daisee\val\591292\5912920160\5912920160.npz,5912920160.npz,0,train
6831,data\raw\daisee\val\591292\5912920163\5912920163.npz,5912920163.npz,0,train
6832,data\raw\daisee\val\591292\5912920167\5912920167.npz,5912920167.npz,0,val
6833,data\raw\daisee\val\591292\5912920168\5912920168.npz,5912920168.npz,0,train
6834,data\raw\daisee\val\591292\5912920169\5912920169.npz,5912920169.npz,0,test
6835,data\raw\daisee\val\591292\5912920170\5912920170.npz,5912920170.npz,0,train
6836,data\raw\daisee\val\591292\5912920171\5912920171.npz,5912920171.npz,0,train
6837,data\raw\daisee\val\591292\5912920172\5912920172.npz,5912920172.npz,0,train
6838,data\raw\daisee\val\591292\591292019\591292019.npz,591292019.npz,0,val
6839,data\raw\daisee\val\591292\591292021\591292021.npz,591292021.npz,0,train
6840,data\raw\daisee\val\591292\5912920211\5912920211.npz,5912920211.npz,0,train
6841,data\raw\daisee\val\591292\5912920212\5912920212.npz,5912920212.npz,0,train
6842,data\raw\daisee\val\591292\5912920213\5912920213.npz,5912920213.npz,0,train
6843,data\raw\daisee\val\591292\5912920216\5912920216.npz,5912920216.npz,0,train
6844,data\raw\daisee\val\591292\5912920217\5912920217.npz,5912920217.npz,0,test
6845,data\raw\daisee\val\591292\5912920220\5912920220.npz,5912920220.npz,0,val
6846,data\raw\daisee\val\591292\5912920222\5912920222.npz,5912920222.npz,0,train
6847,data\raw\daisee\val\591292\5912920223\5912920223.npz,5912920223.npz,0,test
6848,data\raw\daisee\val\591292\5912920225\5912920225.npz,5912920225.npz,0,test
6849,data\raw\daisee\val\591292\5912920227\5912920227.npz,5912920227.npz,0,train
6850,data\raw\daisee\val\591292\5912920228\5912920228.npz,5912920228.npz,0,test
6851,data\raw\daisee\val\591292\5912920230\5912920230.npz,5912920230.npz,0,train
6852,data\raw\daisee\val\591292\5912920231\5912920231.npz,5912920231.npz,0,train
6853,data\raw\daisee\val\591292\5912920233\5912920233.npz,5912920233.npz,0,train
6854,data\raw\daisee\val\591292\5912920234\5912920234.npz,5912920234.npz,0,train
6855,data\raw\daisee\val\591292\5912920235\5912920235.npz,5912920235.npz,0,test
6856,data\raw\daisee\val\591292\5912920236\5912920236.npz,5912920236.npz,0,train
6857,data\raw\daisee\val\591292\5912920239\5912920239.npz,5912920239.npz,0,val
6858,data\raw\daisee\val\591292\591292024\591292024.npz,591292024.npz,0,val
6859,data\raw\daisee\val\591292\5912920240\5912920240.npz,5912920240.npz,0,train
6860,data\raw\daisee\val\591292\5912920241\5912920241.npz,5912920241.npz,1,train
6861,data\raw\daisee\val\591292\5912920242\5912920242.npz,5912920242.npz,0,train
6862,data\raw\daisee\val\591292\5912920243\5912920243.npz,5912920243.npz,0,train
6863,data\raw\daisee\val\591292\5912920244\5912920244.npz,5912920244.npz,0,test
6864,data\raw\daisee\val\591292\5912920245\5912920245.npz,5912920245.npz,0,train
6865,data\raw\daisee\val\591292\5912920249\5912920249.npz,5912920249.npz,0,val
6866,data\raw\daisee\val\591292\5912920250\5912920250.npz,5912920250.npz,0,test
6867,data\raw\daisee\val\591292\5912920256\5912920256.npz,5912920256.npz,0,train
6868,data\raw\daisee\val\591292\5912920260\5912920260.npz,5912920260.npz,0,train
6869,data\raw\daisee\val\591292\5912920263\5912920263.npz,5912920263.npz,0,train
6870,data\raw\daisee\val\591292\5912920265\5912920265.npz,5912920265.npz,0,train
6871,data\raw\daisee\val\591292\5912920266\5912920266.npz,5912920266.npz,0,train
6872,data\raw\daisee\val\591292\5912920267\5912920267.npz,5912920267.npz,0,train
6873,data\raw\daisee\val\591292\5912920268\5912920268.npz,5912920268.npz,0,train
6874,data\raw\daisee\val\591292\5912920273\5912920273.npz,5912920273.npz,0,train
6875,data\raw\daisee\val\591292\5912920274\5912920274.npz,5912920274.npz,0,train
6876,data\raw\daisee\val\591292\5912920275\5912920275.npz,5912920275.npz,0,train
6877,data\raw\daisee\val\591292\5912920276\5912920276.npz,5912920276.npz,0,train
6878,data\raw\daisee\val\591292\5912920277\5912920277.npz,5912920277.npz,0,test
6879,data\raw\daisee\val\591292\5912920279\5912920279.npz,5912920279.npz,0,train
6880,data\raw\daisee\val\591292\5912920280\5912920280.npz,5912920280.npz,0,val
6881,data\raw\daisee\val\769862\769862011\769862011.npz,769862011.npz,0,train
6882,data\raw\daisee\val\769862\7698620112\7698620112.npz,7698620112.npz,0,val
6883,data\raw\daisee\val\769862\7698620113\7698620113.npz,7698620113.npz,0,train
6884,data\raw\daisee\val\769862\7698620115\7698620115.npz,7698620115.npz,0,train
6885,data\raw\daisee\val\769862\7698620116\7698620116.npz,7698620116.npz,0,train
6886,data\raw\daisee\val\769862\7698620118\7698620118.npz,7698620118.npz,0,test
6887,data\raw\daisee\val\769862\7698620120\7698620120.npz,7698620120.npz,0,train
6888,data\raw\daisee\val\769862\7698620122\7698620122.npz,7698620122.npz,0,train
6889,data\raw\daisee\val\769862\7698620123\7698620123.npz,7698620123.npz,0,val
6890,data\raw\daisee\val\769862\7698620126\7698620126.npz,7698620126.npz,0,train
6891,data\raw\daisee\val\769862\7698620129\7698620129.npz,7698620129.npz,0,val
6892,data\raw\daisee\val\769862\7698620130\7698620130.npz,7698620130.npz,1,train
6893,data\raw\daisee\val\769862\7698620131\7698620131.npz,7698620131.npz,0,train
6894,data\raw\daisee\val\769862\7698620132\7698620132.npz,7698620132.npz,0,train
6895,data\raw\daisee\val\769862\7698620133\7698620133.npz,7698620133.npz,0,train
6896,data\raw\daisee\val\769862\7698620134\7698620134.npz,7698620134.npz,0,train
6897,data\raw\daisee\val\769862\7698620136\7698620136.npz,7698620136.npz,0,val
6898,data\raw\daisee\val\769862\7698620138\7698620138.npz,7698620138.npz,0,train
6899,data\raw\daisee\val\769862\7698620139\7698620139.npz,7698620139.npz,1,train
6900,data\raw\daisee\val\769862\769862014\769862014.npz,769862014.npz,0,train
6901,data\raw\daisee\val\769862\7698620141\7698620141.npz,7698620141.npz,0,train
6902,data\raw\daisee\val\769862\7698620144\7698620144.npz,7698620144.npz,0,train
6903,data\raw\daisee\val\769862\7698620145\7698620145.npz,7698620145.npz,0,train
6904,data\raw\daisee\val\769862\7698620149\7698620149.npz,7698620149.npz,0,train
6905,data\raw\daisee\val\769862\769862015\769862015.npz,769862015.npz,0,train
6906,data\raw\daisee\val\769862\7698620150\7698620150.npz,7698620150.npz,0,train
6907,data\raw\daisee\val\769862\7698620151\7698620151.npz,7698620151.npz,0,train
6908,data\raw\daisee\val\769862\7698620152\7698620152.npz,7698620152.npz,0,train
6909,data\raw\daisee\val\769862\7698620153\7698620153.npz,7698620153.npz,0,train
6910,data\raw\daisee\val\769862\7698620156\7698620156.npz,7698620156.npz,0,train
6911,data\raw\daisee\val\769862\7698620158\7698620158.npz,7698620158.npz,0,train
6912,data\raw\daisee\val\769862\769862016\769862016.npz,769862016.npz,0,train
6913,data\raw\daisee\val\769862\7698620160\7698620160.npz,7698620160.npz,0,train
6914,data\raw\daisee\val\769862\7698620161\7698620161.npz,7698620161.npz,0,train
6915,data\raw\daisee\val\769862\7698620163\7698620163.npz,7698620163.npz,0,train
6916,data\raw\daisee\val\769862\7698620165\7698620165.npz,7698620165.npz,0,train
6917,data\raw\daisee\val\769862\7698620166\7698620166.npz,7698620166.npz,0,test
6918,data\raw\daisee\val\769862\7698620167\7698620167.npz,7698620167.npz,0,train
6919,data\raw\daisee\val\769862\7698620169\7698620169.npz,7698620169.npz,0,val
6920,data\raw\daisee\val\769862\7698620170\7698620170.npz,7698620170.npz,1,val
6921,data\raw\daisee\val\769862\7698620171\7698620171.npz,7698620171.npz,0,train
6922,data\raw\daisee\val\769862\769862018\769862018.npz,769862018.npz,0,train
6923,data\raw\daisee\val\769862\769862019\769862019.npz,769862019.npz,0,train
6924,data\raw\daisee\val\769862\769862021\769862021.npz,769862021.npz,0,train
6925,data\raw\daisee\val\769862\7698620211\7698620211.npz,7698620211.npz,1,test
6926,data\raw\daisee\val\769862\7698620212\7698620212.npz,7698620212.npz,0,val
6927,data\raw\daisee\val\769862\7698620217\7698620217.npz,7698620217.npz,0,train
6928,data\raw\daisee\val\769862\7698620218\7698620218.npz,7698620218.npz,0,test
6929,data\raw\daisee\val\769862\769862022\769862022.npz,769862022.npz,0,val
6930,data\raw\daisee\val\769862\7698620221\7698620221.npz,7698620221.npz,0,train
6931,data\raw\daisee\val\769862\7698620222\7698620222.npz,7698620222.npz,0,val
6932,data\raw\daisee\val\769862\7698620224\7698620224.npz,7698620224.npz,0,train
6933,data\raw\daisee\val\769862\7698620225\7698620225.npz,7698620225.npz,0,train
6934,data\raw\daisee\val\769862\7698620227\7698620227.npz,7698620227.npz,1,train
6935,data\raw\daisee\val\769862\7698620229\7698620229.npz,7698620229.npz,0,train
6936,data\raw\daisee\val\769862\7698620230\7698620230.npz,7698620230.npz,0,train
6937,data\raw\daisee\val\769862\7698620231\7698620231.npz,7698620231.npz,0,train
6938,data\raw\daisee\val\769862\7698620233\7698620233.npz,7698620233.npz,1,val
6939,data\raw\daisee\val\769862\7698620236\7698620236.npz,7698620236.npz,0,val
6940,data\raw\daisee\val\769862\7698620238\7698620238.npz,7698620238.npz,0,train
6941,data\raw\daisee\val\769862\7698620239\7698620239.npz,7698620239.npz,0,train
6942,data\raw\daisee\val\769862\7698620240\7698620240.npz,7698620240.npz,0,train
6943,data\raw\daisee\val\769862\7698620241\7698620241.npz,7698620241.npz,1,train
6944,data\raw\daisee\val\769862\7698620244\7698620244.npz,7698620244.npz,0,train
6945,data\raw\daisee\val\769862\7698620245\7698620245.npz,7698620245.npz,0,train
6946,data\raw\daisee\val\769862\7698620248\7698620248.npz,7698620248.npz,1,test
6947,data\raw\daisee\val\769862\7698620250\7698620250.npz,7698620250.npz,0,train
6948,data\raw\daisee\val\769862\7698620252\7698620252.npz,7698620252.npz,1,train
6949,data\raw\daisee\val\769862\7698620253\7698620253.npz,7698620253.npz,0,train
6950,data\raw\daisee\val\769862\7698620255\7698620255.npz,7698620255.npz,0,train
6951,data\raw\daisee\val\769862\7698620256\7698620256.npz,7698620256.npz,0,train
6952,data\raw\daisee\val\769862\7698620257\7698620257.npz,7698620257.npz,0,train
6953,data\raw\daisee\val\769862\7698620258\7698620258.npz,7698620258.npz,0,train
6954,data\raw\daisee\val\769862\7698620260\7698620260.npz,7698620260.npz,0,train
6955,data\raw\daisee\val\769862\7698620261\7698620261.npz,7698620261.npz,0,train
6956,data\raw\daisee\val\769862\7698620262\7698620262.npz,7698620262.npz,0,train
6957,data\raw\daisee\val\769862\7698620264\7698620264.npz,7698620264.npz,0,train
6958,data\raw\daisee\val\769862\7698620265\7698620265.npz,7698620265.npz,0,val
6959,data\raw\daisee\val\769862\7698620267\7698620267.npz,7698620267.npz,0,test
6960,data\raw\daisee\val\769862\7698620268\7698620268.npz,7698620268.npz,0,train
6961,data\raw\daisee\val\769862\769862027\769862027.npz,769862027.npz,0,train
6962,data\raw\daisee\val\769862\7698620270\7698620270.npz,7698620270.npz,0,train
6963,data\raw\daisee\val\769862\7698620272\7698620272.npz,7698620272.npz,1,train
6964,data\raw\daisee\val\769862\7698620274\7698620274.npz,7698620274.npz,0,train
6965,data\raw\daisee\val\769862\7698620275\7698620275.npz,7698620275.npz,0,train
6966,data\raw\daisee\val\769862\7698620278\7698620278.npz,7698620278.npz,0,train
6967,data\raw\daisee\val\769862\769862028\769862028.npz,769862028.npz,1,train
6968,data\raw\daisee\val\769862\7698620281\7698620281.npz,7698620281.npz,0,train
6969,data\raw\daisee\val\769862\7698620283\7698620283.npz,7698620283.npz,0,train
6970,data\raw\daisee\val\799402\7994020110\7994020110.npz,7994020110.npz,0,train
6971,data\raw\daisee\val\799402\79940201100\79940201100.npz,79940201100.npz,0,train
6972,data\raw\daisee\val\799402\79940201110\79940201110.npz,79940201110.npz,0,val
6973,data\raw\daisee\val\799402\79940201140\79940201140.npz,79940201140.npz,0,test
6974,data\raw\daisee\val\799402\79940201150\79940201150.npz,79940201150.npz,0,train
6975,data\raw\daisee\val\799402\79940201160\79940201160.npz,79940201160.npz,0,train
6976,data\raw\daisee\val\799402\79940201180\79940201180.npz,79940201180.npz,0,train
6977,data\raw\daisee\val\799402\79940201210\79940201210.npz,79940201210.npz,0,test
6978,data\raw\daisee\val\799402\79940201230\79940201230.npz,79940201230.npz,1,train
6979,data\raw\daisee\val\799402\79940201250\79940201250.npz,79940201250.npz,0,test
6980,data\raw\daisee\val\799402\79940201270\79940201270.npz,79940201270.npz,0,train
6981,data\raw\daisee\val\799402\7994020130\7994020130.npz,7994020130.npz,0,train
6982,data\raw\daisee\val\799402\79940201300\79940201300.npz,79940201300.npz,1,train
6983,data\raw\daisee\val\799402\79940201320\79940201320.npz,79940201320.npz,1,train
6984,data\raw\daisee\val\799402\79940201330\79940201330.npz,79940201330.npz,0,train
6985,data\raw\daisee\val\799402\79940201340\79940201340.npz,79940201340.npz,0,train
6986,data\raw\daisee\val\799402\79940201350\79940201350.npz,79940201350.npz,0,train
6987,data\raw\daisee\val\799402\79940201360\79940201360.npz,79940201360.npz,0,train
6988,data\raw\daisee\val\799402\79940201370\79940201370.npz,79940201370.npz,0,train
6989,data\raw\daisee\val\799402\79940201380\79940201380.npz,79940201380.npz,0,test
6990,data\raw\daisee\val\799402\7994020140\7994020140.npz,7994020140.npz,0,train
6991,data\raw\daisee\val\799402\79940201410\79940201410.npz,79940201410.npz,1,train
6992,data\raw\daisee\val\799402\79940201420\79940201420.npz,79940201420.npz,0,train
6993,data\raw\daisee\val\799402\79940201430\79940201430.npz,79940201430.npz,0,train
6994,data\raw\daisee\val\799402\79940201470\79940201470.npz,79940201470.npz,0,train
6995,data\raw\daisee\val\799402\79940201490\79940201490.npz,79940201490.npz,0,train
6996,data\raw\daisee\val\799402\79940201510\79940201510.npz,79940201510.npz,0,val
6997,data\raw\daisee\val\799402\79940201560\79940201560.npz,79940201560.npz,1,train
6998,data\raw\daisee\val\799402\79940201570\79940201570.npz,79940201570.npz,0,val
6999,data\raw\daisee\val\799402\79940201580\79940201580.npz,79940201580.npz,1,train
7000,data\raw\daisee\val\799402\7994020160\7994020160.npz,7994020160.npz,0,val
7001,data\raw\daisee\val\799402\79940201620\79940201620.npz,79940201620.npz,0,train
7002,data\raw\daisee\val\799402\79940201650\79940201650.npz,79940201650.npz,0,val
7003,data\raw\daisee\val\799402\79940201660\79940201660.npz,79940201660.npz,1,train
7004,data\raw\daisee\val\799402\79940201690\79940201690.npz,79940201690.npz,0,train
7005,data\raw\daisee\val\799402\79940201700\79940201700.npz,79940201700.npz,0,train
7006,data\raw\daisee\val\799402\79940201710\79940201710.npz,79940201710.npz,0,train
7007,data\raw\daisee\val\799402\79940201720\79940201720.npz,79940201720.npz,0,test
7008,data\raw\daisee\val\799402\79940201730\79940201730.npz,79940201730.npz,0,train
7009,data\raw\daisee\val\799402\79940201740\79940201740.npz,79940201740.npz,0,train
7010,data\raw\daisee\val\799402\79940201750\79940201750.npz,79940201750.npz,0,train
7011,data\raw\daisee\val\799402\79940201760\79940201760.npz,79940201760.npz,1,train
7012,data\raw\daisee\val\799402\79940201770\79940201770.npz,79940201770.npz,0,train
7013,data\raw\daisee\val\799402\79940201780\79940201780.npz,79940201780.npz,0,train
7014,data\raw\daisee\val\799402\79940201790\79940201790.npz,79940201790.npz,1,train
7015,data\raw\daisee\val\799402\79940201810\79940201810.npz,79940201810.npz,0,train
7016,data\raw\daisee\val\799402\79940201820\79940201820.npz,79940201820.npz,0,test
7017,data\raw\daisee\val\799402\79940201850\79940201850.npz,79940201850.npz,1,train
7018,data\raw\daisee\val\799402\79940201860\79940201860.npz,79940201860.npz,1,train
7019,data\raw\daisee\val\799402\79940201880\79940201880.npz,79940201880.npz,0,train
7020,data\raw\daisee\val\799402\79940201930\79940201930.npz,79940201930.npz,1,train
7021,data\raw\daisee\val\799402\79940201950\79940201950.npz,79940201950.npz,0,test
7022,data\raw\daisee\val\799402\79940202100\79940202100.npz,79940202100.npz,1,train
7023,data\raw\daisee\val\799402\79940202120\79940202120.npz,79940202120.npz,0,train
7024,data\raw\daisee\val\799402\79940202130\79940202130.npz,79940202130.npz,0,train
7025,data\raw\daisee\val\799402\79940202140\79940202140.npz,79940202140.npz,0,train
7026,data\raw\daisee\val\799402\79940202160\79940202160.npz,79940202160.npz,0,train
7027,data\raw\daisee\val\799402\79940202170\79940202170.npz,79940202170.npz,0,train
7028,data\raw\daisee\val\799402\79940202180\79940202180.npz,79940202180.npz,1,train
7029,data\raw\daisee\val\799402\79940202190\79940202190.npz,79940202190.npz,0,train
7030,data\raw\daisee\val\799402\79940202200\79940202200.npz,79940202200.npz,0,train
7031,data\raw\daisee\val\799402\79940202210\79940202210.npz,79940202210.npz,1,val
7032,data\raw\daisee\val\799402\79940202220\79940202220.npz,79940202220.npz,1,train
7033,data\raw\daisee\val\799402\79940202230\79940202230.npz,79940202230.npz,0,train
7034,data\raw\daisee\val\799402\79940202270\79940202270.npz,79940202270.npz,1,val
7035,data\raw\daisee\val\799402\79940202280\79940202280.npz,79940202280.npz,1,val
7036,data\raw\daisee\val\799402\7994020230\7994020230.npz,7994020230.npz,1,train
7037,data\raw\daisee\val\799402\79940202300\79940202300.npz,79940202300.npz,0,train
7038,data\raw\daisee\val\799402\79940202310\79940202310.npz,79940202310.npz,1,train
7039,data\raw\daisee\val\799402\79940202320\79940202320.npz,79940202320.npz,0,test
7040,data\raw\daisee\val\799402\79940202340\79940202340.npz,79940202340.npz,0,val
7041,data\raw\daisee\val\799402\79940202350\79940202350.npz,79940202350.npz,0,train
7042,data\raw\daisee\val\799402\79940202370\79940202370.npz,79940202370.npz,0,val
7043,data\raw\daisee\val\799402\79940202390\79940202390.npz,79940202390.npz,0,train
7044,data\raw\daisee\val\799402\79940202400\79940202400.npz,79940202400.npz,0,train
7045,data\raw\daisee\val\799402\79940202410\79940202410.npz,79940202410.npz,0,train
7046,data\raw\daisee\val\799402\79940202450\79940202450.npz,79940202450.npz,0,val
7047,data\raw\daisee\val\799402\79940202470\79940202470.npz,79940202470.npz,0,train
7048,data\raw\daisee\val\799402\79940202480\79940202480.npz,79940202480.npz,1,train
7049,data\raw\daisee\val\799402\79940202490\79940202490.npz,79940202490.npz,1,train
7050,data\raw\daisee\val\799402\7994020250\7994020250.npz,7994020250.npz,0,train
7051,data\raw\daisee\val\799402\79940202510\79940202510.npz,79940202510.npz,1,test
7052,data\raw\daisee\val\799402\79940202520\79940202520.npz,79940202520.npz,0,test
7053,data\raw\daisee\val\799402\79940202540\79940202540.npz,79940202540.npz,0,train
7054,data\raw\daisee\val\799402\79940202560\79940202560.npz,79940202560.npz,0,train
7055,data\raw\daisee\val\799402\79940202570\79940202570.npz,79940202570.npz,0,test
7056,data\raw\daisee\val\799402\79940202580\79940202580.npz,79940202580.npz,1,val
7057,data\raw\daisee\val\799402\79940202620\79940202620.npz,79940202620.npz,0,test
7058,data\raw\daisee\val\799402\79940202690\79940202690.npz,79940202690.npz,0,train
7059,data\raw\daisee\val\799402\7994020270\7994020270.npz,7994020270.npz,0,test
7060,data\raw\daisee\val\799402\79940202700\79940202700.npz,79940202700.npz,0,train
7061,data\raw\daisee\val\799402\79940202710\79940202710.npz,79940202710.npz,1,train
7062,data\raw\daisee\val\799402\79940202750\79940202750.npz,79940202750.npz,0,train
7063,data\raw\daisee\val\799402\79940202760\79940202760.npz,79940202760.npz,0,train
7064,data\raw\daisee\val\799402\79940202790\79940202790.npz,79940202790.npz,0,train
7065,data\raw\daisee\val\799402\7994020280\7994020280.npz,7994020280.npz,0,train
7066,data\raw\daisee\val\799402\79940202800\79940202800.npz,79940202800.npz,1,train
7067,data\raw\daisee\val\799402\79940202820\79940202820.npz,79940202820.npz,0,train
7068,data\raw\daisee\val\799402\79940202840\79940202840.npz,79940202840.npz,1,val
7069,data\raw\daisee\val\799402\79940202850\79940202850.npz,79940202850.npz,1,train
7070,data\raw\daisee\val\799402\79940202860\79940202860.npz,79940202860.npz,1,train
7071,data\raw\daisee\val\799402\79940202870\79940202870.npz,79940202870.npz,1,train
7072,data\raw\daisee\val\799402\79940202890\79940202890.npz,79940202890.npz,0,test
7073,data\raw\daisee\val\799402\7994020290\7994020290.npz,7994020290.npz,0,test
7074,data\raw\daisee\val\826382\8263820112\8263820112.npz,8263820112.npz,0,train
7075,data\raw\daisee\val\826382\8263820113\8263820113.npz,8263820113.npz,0,train
7076,data\raw\daisee\val\826382\8263820120\8263820120.npz,8263820120.npz,0,train
7077,data\raw\daisee\val\826382\8263820123\8263820123.npz,8263820123.npz,0,train
7078,data\raw\daisee\val\826382\8263820124\8263820124.npz,8263820124.npz,0,train
7079,data\raw\daisee\val\826382\8263820126\8263820126.npz,8263820126.npz,0,train
7080,data\raw\daisee\val\826382\8263820132\8263820132.npz,8263820132.npz,0,val
7081,data\raw\daisee\val\826382\8263820135\8263820135.npz,8263820135.npz,0,train
7082,data\raw\daisee\val\826382\8263820136\8263820136.npz,8263820136.npz,0,train
7083,data\raw\daisee\val\826382\8263820138\8263820138.npz,8263820138.npz,0,test
7084,data\raw\daisee\val\826382\8263820139\8263820139.npz,8263820139.npz,1,test
7085,data\raw\daisee\val\826382\8263820140\8263820140.npz,8263820140.npz,0,train
7086,data\raw\daisee\val\826382\8263820141\8263820141.npz,8263820141.npz,0,test
7087,data\raw\daisee\val\826382\8263820144\8263820144.npz,8263820144.npz,0,val
7088,data\raw\daisee\val\826382\8263820145\8263820145.npz,8263820145.npz,0,train
7089,data\raw\daisee\val\826382\8263820146\8263820146.npz,8263820146.npz,0,val
7090,data\raw\daisee\val\826382\8263820147\8263820147.npz,8263820147.npz,0,train
7091,data\raw\daisee\val\826382\8263820148\8263820148.npz,8263820148.npz,0,val
7092,data\raw\daisee\val\826382\826382015\826382015.npz,826382015.npz,0,train
7093,data\raw\daisee\val\826382\8263820150\8263820150.npz,8263820150.npz,0,test
7094,data\raw\daisee\val\826382\8263820151\8263820151.npz,8263820151.npz,0,train
7095,data\raw\daisee\val\826382\8263820152\8263820152.npz,8263820152.npz,0,train
7096,data\raw\daisee\val\826382\8263820155\8263820155.npz,8263820155.npz,0,test
7097,data\raw\daisee\val\826382\8263820156\8263820156.npz,8263820156.npz,0,train
7098,data\raw\daisee\val\826382\8263820159\8263820159.npz,8263820159.npz,0,train
7099,data\raw\daisee\val\826382\826382016\826382016.npz,826382016.npz,0,train
7100,data\raw\daisee\val\826382\8263820160\8263820160.npz,8263820160.npz,1,val
7101,data\raw\daisee\val\826382\8263820162\8263820162.npz,8263820162.npz,0,val
7102,data\raw\daisee\val\826382\8263820165\8263820165.npz,8263820165.npz,0,train
7103,data\raw\daisee\val\826382\8263820169\8263820169.npz,8263820169.npz,0,train
7104,data\raw\daisee\val\826382\8263820170\8263820170.npz,8263820170.npz,0,train
7105,data\raw\daisee\val\826382\826382018\826382018.npz,826382018.npz,0,val
7106,data\raw\daisee\val\826382\826382021\826382021.npz,826382021.npz,0,train
7107,data\raw\daisee\val\826382\8263820210\8263820210.npz,8263820210.npz,0,val
7108,data\raw\daisee\val\826382\8263820211\8263820211.npz,8263820211.npz,0,train
7109,data\raw\daisee\val\826382\8263820212\8263820212.npz,8263820212.npz,0,test
7110,data\raw\daisee\val\826382\8263820213\8263820213.npz,8263820213.npz,0,train
7111,data\raw\daisee\val\826382\8263820214\8263820214.npz,8263820214.npz,0,train
7112,data\raw\daisee\val\826382\8263820221\8263820221.npz,8263820221.npz,1,test
7113,data\raw\daisee\val\826382\8263820223\8263820223.npz,8263820223.npz,0,train
7114,data\raw\daisee\val\826382\8263820224\8263820224.npz,8263820224.npz,0,test
7115,data\raw\daisee\val\826382\8263820227\8263820227.npz,8263820227.npz,0,train
7116,data\raw\daisee\val\826382\8263820228\8263820228.npz,8263820228.npz,1,val
7117,data\raw\daisee\val\826382\826382023\826382023.npz,826382023.npz,0,train
7118,data\raw\daisee\val\826382\8263820231\8263820231.npz,8263820231.npz,0,test
7119,data\raw\daisee\val\826382\8263820233\8263820233.npz,8263820233.npz,0,train
7120,data\raw\daisee\val\826382\8263820234\8263820234.npz,8263820234.npz,0,train
7121,data\raw\daisee\val\826382\8263820235\8263820235.npz,8263820235.npz,0,train
7122,data\raw\daisee\val\826382\8263820237\8263820237.npz,8263820237.npz,0,val
7123,data\raw\daisee\val\826382\8263820239\8263820239.npz,8263820239.npz,0,train
7124,data\raw\daisee\val\826382\826382024\826382024.npz,826382024.npz,1,val
7125,data\raw\daisee\val\826382\8263820240\8263820240.npz,8263820240.npz,0,train
7126,data\raw\daisee\val\826382\8263820242\8263820242.npz,8263820242.npz,0,train
7127,data\raw\daisee\val\826382\8263820243\8263820243.npz,8263820243.npz,0,test
7128,data\raw\daisee\val\826382\8263820245\8263820245.npz,8263820245.npz,0,train
7129,data\raw\daisee\val\826382\8263820246\8263820246.npz,8263820246.npz,0,train
7130,data\raw\daisee\val\826382\8263820247\8263820247.npz,8263820247.npz,0,val
7131,data\raw\daisee\val\826382\8263820251\8263820251.npz,8263820251.npz,0,train
7132,data\raw\daisee\val\826382\8263820253\8263820253.npz,8263820253.npz,0,train
7133,data\raw\daisee\val\826382\8263820254\8263820254.npz,8263820254.npz,0,val
7134,data\raw\daisee\val\826382\8263820255\8263820255.npz,8263820255.npz,1,test
7135,data\raw\daisee\val\826382\8263820256\8263820256.npz,8263820256.npz,0,train
7136,data\raw\daisee\val\826382\8263820257\8263820257.npz,8263820257.npz,0,train
7137,data\raw\daisee\val\826382\8263820259\8263820259.npz,8263820259.npz,0,test
7138,data\raw\daisee\val\826382\826382026\826382026.npz,826382026.npz,0,train
7139,data\raw\daisee\val\826382\8263820260\8263820260.npz,8263820260.npz,0,train
7140,data\raw\daisee\val\826382\8263820264\8263820264.npz,8263820264.npz,0,train
7141,data\raw\daisee\val\826382\8263820265\8263820265.npz,8263820265.npz,0,train
7142,data\raw\daisee\val\826382\8263820266\8263820266.npz,8263820266.npz,0,train
7143,data\raw\daisee\val\826382\8263820268\8263820268.npz,8263820268.npz,0,train
7144,data\raw\daisee\val\826382\8263820269\8263820269.npz,8263820269.npz,0,train
7145,data\raw\daisee\val\826382\826382027\826382027.npz,826382027.npz,0,train
7146,data\raw\daisee\val\826382\8263820272\8263820272.npz,8263820272.npz,0,train
7147,data\raw\daisee\val\826382\8263820273\8263820273.npz,8263820273.npz,0,train
7148,data\raw\daisee\val\826382\8263820275\8263820275.npz,8263820275.npz,0,train
7149,data\raw\daisee\val\826382\8263820277\8263820277.npz,8263820277.npz,0,train
7150,data\raw\daisee\val\826382\8263820278\8263820278.npz,8263820278.npz,0,train
7151,data\raw\daisee\val\826382\8263820279\8263820279.npz,8263820279.npz,0,val
7152,data\raw\daisee\val\826382\826382028\826382028.npz,826382028.npz,0,train
7153,data\raw\daisee\test\500044\5000441001\5000441001.npz,5000441001.npz,0,val
7154,data\raw\daisee\test\500044\5000441002\5000441002.npz,5000441002.npz,0,train
7155,data\raw\daisee\test\500044\5000441003\5000441003.npz,5000441003.npz,0,train
7156,data\raw\daisee\test\500044\5000441005\5000441005.npz,5000441005.npz,1,train
7157,data\raw\daisee\test\500044\5000441006\5000441006.npz,5000441006.npz,1,test
7158,data\raw\daisee\test\500044\5000441007\5000441007.npz,5000441007.npz,1,train
7159,data\raw\daisee\test\500044\5000441008\5000441008.npz,5000441008.npz,1,train
7160,data\raw\daisee\test\500044\5000441009\5000441009.npz,5000441009.npz,0,val
7161,data\raw\daisee\test\500044\5000441010\5000441010.npz,5000441010.npz,1,train
7162,data\raw\daisee\test\500044\5000441012\5000441012.npz,5000441012.npz,0,test
7163,data\raw\daisee\test\500044\5000441013\5000441013.npz,5000441013.npz,0,val
7164,data\raw\daisee\test\500044\5000441014\5000441014.npz,5000441014.npz,0,train
7165,data\raw\daisee\test\500044\5000441015\5000441015.npz,5000441015.npz,0,val
7166,data\raw\daisee\test\500044\5000441016\5000441016.npz,5000441016.npz,0,train
7167,data\raw\daisee\test\500044\5000441017\5000441017.npz,5000441017.npz,1,train
7168,data\raw\daisee\test\500044\5000441018\5000441018.npz,5000441018.npz,0,train
7169,data\raw\daisee\test\500044\5000441021\5000441021.npz,5000441021.npz,1,train
7170,data\raw\daisee\test\500044\5000441022\5000441022.npz,5000441022.npz,1,train
7171,data\raw\daisee\test\500044\5000441023\5000441023.npz,5000441023.npz,0,train
7172,data\raw\daisee\test\500044\5000441024\5000441024.npz,5000441024.npz,1,train
7173,data\raw\daisee\test\500044\5000441027\5000441027.npz,5000441027.npz,0,val
7174,data\raw\daisee\test\500044\5000441030\5000441030.npz,5000441030.npz,1,train
7175,data\raw\daisee\test\500044\5000441031\5000441031.npz,5000441031.npz,1,train
7176,data\raw\daisee\test\500044\5000441032\5000441032.npz,5000441032.npz,1,train
7177,data\raw\daisee\test\500044\5000441033\5000441033.npz,5000441033.npz,1,test
7178,data\raw\daisee\test\500044\5000441034\5000441034.npz,5000441034.npz,0,train
7179,data\raw\daisee\test\500044\5000441035\5000441035.npz,5000441035.npz,0,train
7180,data\raw\daisee\test\500044\5000441037\5000441037.npz,5000441037.npz,0,train
7181,data\raw\daisee\test\500044\5000441038\5000441038.npz,5000441038.npz,1,train
7182,data\raw\daisee\test\500044\5000441039\5000441039.npz,5000441039.npz,1,test
7183,data\raw\daisee\test\500044\5000441040\5000441040.npz,5000441040.npz,0,test
7184,data\raw\daisee\test\500044\5000441041\5000441041.npz,5000441041.npz,0,train
7185,data\raw\daisee\test\500044\5000441042\5000441042.npz,5000441042.npz,0,train
7186,data\raw\daisee\test\500044\5000441043\5000441043.npz,5000441043.npz,0,test
7187,data\raw\daisee\test\500044\5000441044\5000441044.npz,5000441044.npz,0,train
7188,data\raw\daisee\test\500044\5000441045\5000441045.npz,5000441045.npz,0,train
7189,data\raw\daisee\test\500044\5000441046\5000441046.npz,5000441046.npz,0,val
7190,data\raw\daisee\test\500044\5000441047\5000441047.npz,5000441047.npz,0,train
7191,data\raw\daisee\test\500044\5000441048\5000441048.npz,5000441048.npz,0,train
7192,data\raw\daisee\test\500044\5000441050\5000441050.npz,5000441050.npz,1,test
7193,data\raw\daisee\test\500044\5000441051\5000441051.npz,5000441051.npz,0,train
7194,data\raw\daisee\test\500044\5000441052\5000441052.npz,5000441052.npz,1,train
7195,data\raw\daisee\test\500044\5000441053\5000441053.npz,5000441053.npz,0,train
7196,data\raw\daisee\test\500044\5000441054\5000441054.npz,5000441054.npz,1,train
7197,data\raw\daisee\test\500044\5000441055\5000441055.npz,5000441055.npz,0,train
7198,data\raw\daisee\test\500044\5000441058\5000441058.npz,5000441058.npz,1,train
7199,data\raw\daisee\test\500044\5000441059\5000441059.npz,5000441059.npz,0,train
7200,data\raw\daisee\test\500044\5000441061\5000441061.npz,5000441061.npz,0,val
7201,data\raw\daisee\test\500044\5000441062\5000441062.npz,5000441062.npz,0,val
7202,data\raw\daisee\test\500044\5000441064\5000441064.npz,5000441064.npz,0,val
7203,data\raw\daisee\test\500044\5000441065\5000441065.npz,5000441065.npz,1,train
7204,data\raw\daisee\test\500044\5000441066\5000441066.npz,5000441066.npz,0,val
7205,data\raw\daisee\test\500044\5000441067\5000441067.npz,5000441067.npz,1,train
7206,data\raw\daisee\test\500044\5000441068\5000441068.npz,5000441068.npz,1,val
7207,data\raw\daisee\test\500044\5000441069\5000441069.npz,5000441069.npz,0,train
7208,data\raw\daisee\test\500044\5000441070\5000441070.npz,5000441070.npz,0,train
7209,data\raw\daisee\test\500044\5000441071\5000441071.npz,5000441071.npz,0,val
7210,data\raw\daisee\test\500044\5000441072\5000441072.npz,5000441072.npz,0,train
7211,data\raw\daisee\test\500044\5000442001\5000442001.npz,5000442001.npz,0,train
7212,data\raw\daisee\test\500044\5000442002\5000442002.npz,5000442002.npz,1,train
7213,data\raw\daisee\test\500044\5000442003\5000442003.npz,5000442003.npz,0,val
7214,data\raw\daisee\test\500044\5000442004\5000442004.npz,5000442004.npz,1,train
7215,data\raw\daisee\test\500044\5000442005\5000442005.npz,5000442005.npz,1,train
7216,data\raw\daisee\test\500044\5000442007\5000442007.npz,5000442007.npz,0,test
7217,data\raw\daisee\test\500044\5000442008\5000442008.npz,5000442008.npz,0,train
7218,data\raw\daisee\test\500044\5000442009\5000442009.npz,5000442009.npz,0,train
7219,data\raw\daisee\test\500044\5000442010\5000442010.npz,5000442010.npz,0,train
7220,data\raw\daisee\test\500044\5000442014\5000442014.npz,5000442014.npz,0,train
7221,data\raw\daisee\test\500044\5000442015\5000442015.npz,5000442015.npz,0,train
7222,data\raw\daisee\test\500044\5000442016\5000442016.npz,5000442016.npz,0,train
7223,data\raw\daisee\test\500044\5000442019\5000442019.npz,5000442019.npz,0,train
7224,data\raw\daisee\test\500044\5000442021\5000442021.npz,5000442021.npz,1,train
7225,data\raw\daisee\test\500044\5000442022\5000442022.npz,5000442022.npz,0,train
7226,data\raw\daisee\test\500044\5000442024\5000442024.npz,5000442024.npz,0,train
7227,data\raw\daisee\test\500044\5000442025\5000442025.npz,5000442025.npz,1,train
7228,data\raw\daisee\test\500044\5000442026\5000442026.npz,5000442026.npz,0,train
7229,data\raw\daisee\test\500044\5000442027\5000442027.npz,5000442027.npz,1,train
7230,data\raw\daisee\test\500044\5000442028\5000442028.npz,5000442028.npz,1,val
7231,data\raw\daisee\test\500044\5000442029\5000442029.npz,5000442029.npz,0,test
7232,data\raw\daisee\test\500044\5000442033\5000442033.npz,5000442033.npz,1,train
7233,data\raw\daisee\test\500044\5000442034\5000442034.npz,5000442034.npz,0,train
7234,data\raw\daisee\test\500044\5000442035\5000442035.npz,5000442035.npz,0,train
7235,data\raw\daisee\test\500044\5000442036\5000442036.npz,5000442036.npz,0,val
7236,data\raw\daisee\test\500044\5000442037\5000442037.npz,5000442037.npz,0,train
7237,data\raw\daisee\test\500044\5000442038\5000442038.npz,5000442038.npz,0,val
7238,data\raw\daisee\test\500044\5000442039\5000442039.npz,5000442039.npz,0,train
7239,data\raw\daisee\test\500044\5000442040\5000442040.npz,5000442040.npz,0,train
7240,data\raw\daisee\test\500044\5000442042\5000442042.npz,5000442042.npz,0,test
7241,data\raw\daisee\test\500044\5000442043\5000442043.npz,5000442043.npz,0,train
7242,data\raw\daisee\test\500044\5000442045\5000442045.npz,5000442045.npz,0,train
7243,data\raw\daisee\test\500044\5000442047\5000442047.npz,5000442047.npz,0,train
7244,data\raw\daisee\test\500044\5000442048\5000442048.npz,5000442048.npz,0,train
7245,data\raw\daisee\test\500044\5000442050\5000442050.npz,5000442050.npz,0,train
7246,data\raw\daisee\test\500044\5000442051\5000442051.npz,5000442051.npz,0,train
7247,data\raw\daisee\test\500044\5000442052\5000442052.npz,5000442052.npz,0,train
7248,data\raw\daisee\test\500044\5000442053\5000442053.npz,5000442053.npz,0,val
7249,data\raw\daisee\test\500044\5000442054\5000442054.npz,5000442054.npz,0,train
7250,data\raw\daisee\test\500044\5000442055\5000442055.npz,5000442055.npz,1,train
7251,data\raw\daisee\test\500044\5000442056\5000442056.npz,5000442056.npz,0,train
7252,data\raw\daisee\test\500044\5000442057\5000442057.npz,5000442057.npz,0,train
7253,data\raw\daisee\test\500044\5000442058\5000442058.npz,5000442058.npz,0,train
7254,data\raw\daisee\test\500044\5000442059\5000442059.npz,5000442059.npz,0,train
7255,data\raw\daisee\test\500044\5000442060\5000442060.npz,5000442060.npz,0,train
7256,data\raw\daisee\test\500044\5000442062\5000442062.npz,5000442062.npz,0,train
7257,data\raw\daisee\test\500044\5000442063\5000442063.npz,5000442063.npz,0,train
7258,data\raw\daisee\test\500044\5000442064\5000442064.npz,5000442064.npz,0,val
7259,data\raw\daisee\test\500044\5000442065\5000442065.npz,5000442065.npz,0,train
7260,data\raw\daisee\test\500044\5000442066\5000442066.npz,5000442066.npz,0,test
7261,data\raw\daisee\test\500044\5000442067\5000442067.npz,5000442067.npz,0,train
7262,data\raw\daisee\test\500044\5000442068\5000442068.npz,5000442068.npz,0,train
7263,data\raw\daisee\test\500044\5000442069\5000442069.npz,5000442069.npz,0,train
7264,data\raw\daisee\test\500044\5000442070\5000442070.npz,5000442070.npz,0,train
7265,data\raw\daisee\test\500044\5000442072\5000442072.npz,5000442072.npz,0,train
7266,data\raw\daisee\test\500044\5000442073\5000442073.npz,5000442073.npz,0,train
7267,data\raw\daisee\test\500044\5000442074\5000442074.npz,5000442074.npz,0,train
7268,data\raw\daisee\test\500044\5000442075\5000442075.npz,5000442075.npz,0,train
7269,data\raw\daisee\test\500044\5000442076\5000442076.npz,5000442076.npz,0,train
7270,data\raw\daisee\test\500044\5000442077\5000442077.npz,5000442077.npz,1,train
7271,data\raw\daisee\test\500044\5000442078\5000442078.npz,5000442078.npz,0,train
7272,data\raw\daisee\test\500067\5000671001\5000671001.npz,5000671001.npz,0,val
7273,data\raw\daisee\test\500067\5000671002\5000671002.npz,5000671002.npz,0,train
7274,data\raw\daisee\test\500067\5000671003\5000671003.npz,5000671003.npz,0,train
7275,data\raw\daisee\test\500067\5000671004\5000671004.npz,5000671004.npz,0,train
7276,data\raw\daisee\test\500067\5000671005\5000671005.npz,5000671005.npz,1,test
7277,data\raw\daisee\test\500067\5000671006\5000671006.npz,5000671006.npz,0,val
7278,data\raw\daisee\test\500067\5000671008\5000671008.npz,5000671008.npz,0,val
7279,data\raw\daisee\test\500067\5000671009\5000671009.npz,5000671009.npz,0,test
7280,data\raw\daisee\test\500067\5000671010\5000671010.npz,5000671010.npz,0,train
7281,data\raw\daisee\test\500067\5000671011\5000671011.npz,5000671011.npz,0,val
7282,data\raw\daisee\test\500067\5000671012\5000671012.npz,5000671012.npz,0,train
7283,data\raw\daisee\test\500067\5000671013\5000671013.npz,5000671013.npz,1,train
7284,data\raw\daisee\test\500067\5000671014\5000671014.npz,5000671014.npz,0,train
7285,data\raw\daisee\test\500067\5000671015\5000671015.npz,5000671015.npz,0,train
7286,data\raw\daisee\test\500067\5000671016\5000671016.npz,5000671016.npz,0,train
7287,data\raw\daisee\test\500067\5000671017\5000671017.npz,5000671017.npz,0,train
7288,data\raw\daisee\test\500067\5000671018\5000671018.npz,5000671018.npz,0,train
7289,data\raw\daisee\test\500067\5000671019\5000671019.npz,5000671019.npz,0,train
7290,data\raw\daisee\test\500067\5000671020\5000671020.npz,5000671020.npz,1,val
7291,data\raw\daisee\test\500067\5000671022\5000671022.npz,5000671022.npz,0,test
7292,data\raw\daisee\test\500067\5000671023\5000671023.npz,5000671023.npz,0,train
7293,data\raw\daisee\test\500067\5000671024\5000671024.npz,5000671024.npz,0,test
7294,data\raw\daisee\test\500067\5000671026\5000671026.npz,5000671026.npz,1,train
7295,data\raw\daisee\test\500067\5000671027\5000671027.npz,5000671027.npz,0,val
7296,data\raw\daisee\test\500067\5000671028\5000671028.npz,5000671028.npz,0,train
7297,data\raw\daisee\test\500067\5000671029\5000671029.npz,5000671029.npz,1,val
7298,data\raw\daisee\test\500067\5000671030\5000671030.npz,5000671030.npz,0,train
7299,data\raw\daisee\test\500067\5000671031\5000671031.npz,5000671031.npz,1,test
7300,data\raw\daisee\test\500067\5000671032\5000671032.npz,5000671032.npz,0,test
7301,data\raw\daisee\test\500067\5000671033\5000671033.npz,5000671033.npz,0,test
7302,data\raw\daisee\test\500067\5000671034\5000671034.npz,5000671034.npz,1,train
7303,data\raw\daisee\test\500067\5000671035\5000671035.npz,5000671035.npz,0,train
7304,data\raw\daisee\test\500067\5000671036\5000671036.npz,5000671036.npz,0,train
7305,data\raw\daisee\test\500067\5000671037\5000671037.npz,5000671037.npz,0,val
7306,data\raw\daisee\test\500067\5000671038\5000671038.npz,5000671038.npz,1,test
7307,data\raw\daisee\test\500067\5000671039\5000671039.npz,5000671039.npz,1,train
7308,data\raw\daisee\test\500067\5000671040\5000671040.npz,5000671040.npz,1,train
7309,data\raw\daisee\test\500067\5000671041\5000671041.npz,5000671041.npz,1,train
7310,data\raw\daisee\test\500067\5000671042\5000671042.npz,5000671042.npz,1,train
7311,data\raw\daisee\test\500067\5000671043\5000671043.npz,5000671043.npz,1,train
7312,data\raw\daisee\test\500067\5000671046\5000671046.npz,5000671046.npz,0,train
7313,data\raw\daisee\test\500067\5000671047\5000671047.npz,5000671047.npz,1,train
7314,data\raw\daisee\test\500067\5000671048\5000671048.npz,5000671048.npz,1,test
7315,data\raw\daisee\test\500067\5000671049\5000671049.npz,5000671049.npz,1,test
7316,data\raw\daisee\test\500067\5000671050\5000671050.npz,5000671050.npz,1,train
7317,data\raw\daisee\test\500067\5000671051\5000671051.npz,5000671051.npz,1,train
7318,data\raw\daisee\test\500067\5000671053\5000671053.npz,5000671053.npz,0,train
7319,data\raw\daisee\test\500067\5000671055\5000671055.npz,5000671055.npz,0,train
7320,data\raw\daisee\test\500067\5000671056\5000671056.npz,5000671056.npz,1,train
7321,data\raw\daisee\test\500067\5000671057\5000671057.npz,5000671057.npz,1,val
7322,data\raw\daisee\test\500067\5000671058\5000671058.npz,5000671058.npz,1,train
7323,data\raw\daisee\test\500067\5000671059\5000671059.npz,5000671059.npz,0,test
7324,data\raw\daisee\test\500067\5000671060\5000671060.npz,5000671060.npz,0,train
7325,data\raw\daisee\test\500067\5000671061\5000671061.npz,5000671061.npz,1,train
7326,data\raw\daisee\test\500067\5000671062\5000671062.npz,5000671062.npz,0,train
7327,data\raw\daisee\test\500067\5000671063\5000671063.npz,5000671063.npz,0,val
7328,data\raw\daisee\test\500067\5000671064\5000671064.npz,5000671064.npz,0,test
7329,data\raw\daisee\test\500067\5000671065\5000671065.npz,5000671065.npz,1,train
7330,data\raw\daisee\test\500067\5000671066\5000671066.npz,5000671066.npz,0,test
7331,data\raw\daisee\test\500067\5000671067\5000671067.npz,5000671067.npz,1,train
7332,data\raw\daisee\test\500067\5000671069\5000671069.npz,5000671069.npz,1,test
7333,data\raw\daisee\test\500067\5000671070\5000671070.npz,5000671070.npz,1,val
7334,data\raw\daisee\test\500067\5000671071\5000671071.npz,5000671071.npz,1,train
7335,data\raw\daisee\test\500067\5000672002\5000672002.npz,5000672002.npz,0,train
7336,data\raw\daisee\test\500067\5000672004\5000672004.npz,5000672004.npz,0,train
7337,data\raw\daisee\test\500067\5000672005\5000672005.npz,5000672005.npz,0,val
7338,data\raw\daisee\test\500067\5000672006\5000672006.npz,5000672006.npz,0,train
7339,data\raw\daisee\test\500067\5000672007\5000672007.npz,5000672007.npz,0,train
7340,data\raw\daisee\test\500067\5000672008\5000672008.npz,5000672008.npz,1,train
7341,data\raw\daisee\test\500067\5000672010\5000672010.npz,5000672010.npz,1,test
7342,data\raw\daisee\test\500067\5000672011\5000672011.npz,5000672011.npz,1,val
7343,data\raw\daisee\test\500067\5000672012\5000672012.npz,5000672012.npz,0,train
7344,data\raw\daisee\test\500067\5000672013\5000672013.npz,5000672013.npz,0,train
7345,data\raw\daisee\test\500067\5000672014\5000672014.npz,5000672014.npz,0,train
7346,data\raw\daisee\test\500067\5000672016\5000672016.npz,5000672016.npz,1,train
7347,data\raw\daisee\test\500067\5000672017\5000672017.npz,5000672017.npz,1,val
7348,data\raw\daisee\test\500067\5000672019\5000672019.npz,5000672019.npz,0,train
7349,data\raw\daisee\test\500067\5000672020\5000672020.npz,5000672020.npz,0,val
7350,data\raw\daisee\test\500067\5000672021\5000672021.npz,5000672021.npz,0,train
7351,data\raw\daisee\test\500067\5000672022\5000672022.npz,5000672022.npz,0,train
7352,data\raw\daisee\test\500067\5000672023\5000672023.npz,5000672023.npz,0,test
7353,data\raw\daisee\test\500067\5000672024\5000672024.npz,5000672024.npz,0,train
7354,data\raw\daisee\test\500067\5000672025\5000672025.npz,5000672025.npz,0,test
7355,data\raw\daisee\test\500067\5000672026\5000672026.npz,5000672026.npz,0,val
7356,data\raw\daisee\test\500067\5000672027\5000672027.npz,5000672027.npz,0,val
7357,data\raw\daisee\test\500067\5000672030\5000672030.npz,5000672030.npz,1,train
7358,data\raw\daisee\test\500067\5000672031\5000672031.npz,5000672031.npz,1,train
7359,data\raw\daisee\test\500067\5000672033\5000672033.npz,5000672033.npz,0,train
7360,data\raw\daisee\test\500067\5000672034\5000672034.npz,5000672034.npz,1,train
7361,data\raw\daisee\test\500067\5000672035\5000672035.npz,5000672035.npz,0,train
7362,data\raw\daisee\test\500067\5000672036\5000672036.npz,5000672036.npz,0,val
7363,data\raw\daisee\test\500067\5000672038\5000672038.npz,5000672038.npz,0,train
7364,data\raw\daisee\test\500067\5000672042\5000672042.npz,5000672042.npz,0,train
7365,data\raw\daisee\test\500067\5000672043\5000672043.npz,5000672043.npz,0,val
7366,data\raw\daisee\test\500067\5000672044\5000672044.npz,5000672044.npz,0,val
7367,data\raw\daisee\test\500067\5000672045\5000672045.npz,5000672045.npz,0,test
7368,data\raw\daisee\test\500067\5000672046\5000672046.npz,5000672046.npz,0,train
7369,data\raw\daisee\test\500067\5000672047\5000672047.npz,5000672047.npz,0,train
7370,data\raw\daisee\test\500067\5000672048\5000672048.npz,5000672048.npz,0,train
7371,data\raw\daisee\test\500067\5000672049\5000672049.npz,5000672049.npz,1,train
7372,data\raw\daisee\test\500067\5000672050\5000672050.npz,5000672050.npz,0,test
7373,data\raw\daisee\test\500067\5000672051\5000672051.npz,5000672051.npz,0,train
7374,data\raw\daisee\test\500067\5000672052\5000672052.npz,5000672052.npz,0,val
7375,data\raw\daisee\test\500067\5000672053\5000672053.npz,5000672053.npz,0,train
7376,data\raw\daisee\test\500067\5000672054\5000672054.npz,5000672054.npz,0,train
7377,data\raw\daisee\test\500067\5000672055\5000672055.npz,5000672055.npz,1,val
7378,data\raw\daisee\test\500067\5000672056\5000672056.npz,5000672056.npz,0,train
7379,data\raw\daisee\test\500067\5000672057\5000672057.npz,5000672057.npz,1,train
7380,data\raw\daisee\test\500067\5000672058\5000672058.npz,5000672058.npz,0,train
7381,data\raw\daisee\test\500067\5000672059\5000672059.npz,5000672059.npz,1,train
7382,data\raw\daisee\test\500067\5000672060\5000672060.npz,5000672060.npz,0,train
7383,data\raw\daisee\test\500067\5000672062\5000672062.npz,5000672062.npz,0,test
7384,data\raw\daisee\test\500067\5000672064\5000672064.npz,5000672064.npz,0,test
7385,data\raw\daisee\test\500067\5000672065\5000672065.npz,5000672065.npz,0,test
7386,data\raw\daisee\test\500067\5000672066\5000672066.npz,5000672066.npz,0,test
7387,data\raw\daisee\test\500067\5000672067\5000672067.npz,5000672067.npz,0,test
7388,data\raw\daisee\test\500067\5000672068\5000672068.npz,5000672068.npz,0,train
7389,data\raw\daisee\test\500067\5000672070\5000672070.npz,5000672070.npz,1,train
7390,data\raw\daisee\test\500067\5000672071\5000672071.npz,5000672071.npz,0,train
7391,data\raw\daisee\test\500067\5000672072\5000672072.npz,5000672072.npz,0,train
7392,data\raw\daisee\test\500067\5000672074\5000672074.npz,5000672074.npz,0,train
7393,data\raw\daisee\test\500067\5000672075\5000672075.npz,5000672075.npz,1,train
7394,data\raw\daisee\test\500067\5000672076\5000672076.npz,5000672076.npz,0,train
7395,data\raw\daisee\test\500067\5000672077\5000672077.npz,5000672077.npz,0,train
7396,data\raw\daisee\test\500067\5000672081\5000672081.npz,5000672081.npz,0,train
7397,data\raw\daisee\test\500067\5000672082\5000672082.npz,5000672082.npz,0,train
7398,data\raw\daisee\test\500095\5000951001\5000951001.npz,5000951001.npz,0,test
7399,data\raw\daisee\test\500095\5000951002\5000951002.npz,5000951002.npz,0,train
7400,data\raw\daisee\test\500095\5000951003\5000951003.npz,5000951003.npz,0,val
7401,data\raw\daisee\test\500095\5000951004\5000951004.npz,5000951004.npz,0,train
7402,data\raw\daisee\test\500095\5000951005\5000951005.npz,5000951005.npz,0,train
7403,data\raw\daisee\test\500095\5000951006\5000951006.npz,5000951006.npz,0,train
7404,data\raw\daisee\test\500095\5000951007\5000951007.npz,5000951007.npz,0,train
7405,data\raw\daisee\test\500095\5000951008\5000951008.npz,5000951008.npz,1,train
7406,data\raw\daisee\test\500095\5000951009\5000951009.npz,5000951009.npz,0,test
7407,data\raw\daisee\test\500095\5000951010\5000951010.npz,5000951010.npz,1,train
7408,data\raw\daisee\test\500095\5000951011\5000951011.npz,5000951011.npz,0,train
7409,data\raw\daisee\test\500095\5000951012\5000951012.npz,5000951012.npz,1,train
7410,data\raw\daisee\test\500095\5000951013\5000951013.npz,5000951013.npz,1,train
7411,data\raw\daisee\test\500095\5000951015\5000951015.npz,5000951015.npz,1,train
7412,data\raw\daisee\test\500095\5000951016\5000951016.npz,5000951016.npz,1,train
7413,data\raw\daisee\test\500095\5000951017\5000951017.npz,5000951017.npz,1,train
7414,data\raw\daisee\test\500095\5000951018\5000951018.npz,5000951018.npz,1,test
7415,data\raw\daisee\test\500095\5000951019\5000951019.npz,5000951019.npz,1,test
7416,data\raw\daisee\test\500095\5000951021\5000951021.npz,5000951021.npz,1,train
7417,data\raw\daisee\test\500095\5000951023\5000951023.npz,5000951023.npz,1,train
7418,data\raw\daisee\test\500095\5000951024\5000951024.npz,5000951024.npz,1,train
7419,data\raw\daisee\test\500095\5000951025\5000951025.npz,5000951025.npz,1,train
7420,data\raw\daisee\test\500095\5000951027\5000951027.npz,5000951027.npz,1,train
7421,data\raw\daisee\test\500095\5000951028\5000951028.npz,5000951028.npz,0,train
7422,data\raw\daisee\test\500095\5000951033\5000951033.npz,5000951033.npz,0,train
7423,data\raw\daisee\test\500095\5000951034\5000951034.npz,5000951034.npz,1,test
7424,data\raw\daisee\test\500095\5000951035\5000951035.npz,5000951035.npz,0,train
7425,data\raw\daisee\test\500095\5000951037\5000951037.npz,5000951037.npz,1,val
7426,data\raw\daisee\test\500095\5000951039\5000951039.npz,5000951039.npz,0,train
7427,data\raw\daisee\test\500095\5000951040\5000951040.npz,5000951040.npz,0,train
7428,data\raw\daisee\test\500095\5000951042\5000951042.npz,5000951042.npz,0,train
7429,data\raw\daisee\test\500095\5000951043\5000951043.npz,5000951043.npz,0,test
7430,data\raw\daisee\test\500095\5000951044\5000951044.npz,5000951044.npz,0,train
7431,data\raw\daisee\test\500095\5000951045\5000951045.npz,5000951045.npz,1,test
7432,data\raw\daisee\test\500095\5000951047\5000951047.npz,5000951047.npz,0,train
7433,data\raw\daisee\test\500095\5000951049\5000951049.npz,5000951049.npz,0,train
7434,data\raw\daisee\test\500095\5000951051\5000951051.npz,5000951051.npz,0,test
7435,data\raw\daisee\test\500095\5000951052\5000951052.npz,5000951052.npz,0,test
7436,data\raw\daisee\test\500095\5000951053\5000951053.npz,5000951053.npz,0,train
7437,data\raw\daisee\test\500095\5000951054\5000951054.npz,5000951054.npz,0,train
7438,data\raw\daisee\test\500095\5000951055\5000951055.npz,5000951055.npz,0,val
7439,data\raw\daisee\test\500095\5000951056\5000951056.npz,5000951056.npz,1,train
7440,data\raw\daisee\test\500095\5000951057\5000951057.npz,5000951057.npz,0,val
7441,data\raw\daisee\test\500095\5000951058\5000951058.npz,5000951058.npz,0,train
7442,data\raw\daisee\test\500095\5000951060\5000951060.npz,5000951060.npz,1,val
7443,data\raw\daisee\test\500095\5000951061\5000951061.npz,5000951061.npz,0,train
7444,data\raw\daisee\test\500095\5000951062\5000951062.npz,5000951062.npz,1,train
7445,data\raw\daisee\test\500095\5000951063\5000951063.npz,5000951063.npz,0,test
7446,data\raw\daisee\test\500095\5000951065\5000951065.npz,5000951065.npz,0,train
7447,data\raw\daisee\test\500095\5000951066\5000951066.npz,5000951066.npz,0,train
7448,data\raw\daisee\test\500095\5000951067\5000951067.npz,5000951067.npz,0,val
7449,data\raw\daisee\test\500095\5000952002\5000952002.npz,5000952002.npz,1,train
7450,data\raw\daisee\test\500095\5000952003\5000952003.npz,5000952003.npz,1,train
7451,data\raw\daisee\test\500095\5000952004\5000952004.npz,5000952004.npz,1,train
7452,data\raw\daisee\test\500095\5000952005\5000952005.npz,5000952005.npz,0,train
7453,data\raw\daisee\test\500095\5000952007\5000952007.npz,5000952007.npz,0,val
7454,data\raw\daisee\test\500095\5000952008\5000952008.npz,5000952008.npz,1,train
7455,data\raw\daisee\test\500095\5000952011\5000952011.npz,5000952011.npz,1,val
7456,data\raw\daisee\test\500095\5000952013\5000952013.npz,5000952013.npz,1,train
7457,data\raw\daisee\test\500095\5000952014\5000952014.npz,5000952014.npz,1,train
7458,data\raw\daisee\test\500095\5000952015\5000952015.npz,5000952015.npz,0,val
7459,data\raw\daisee\test\500095\5000952016\5000952016.npz,5000952016.npz,0,val
7460,data\raw\daisee\test\500095\5000952017\5000952017.npz,5000952017.npz,0,val
7461,data\raw\daisee\test\500095\5000952018\5000952018.npz,5000952018.npz,1,train
7462,data\raw\daisee\test\500095\5000952020\5000952020.npz,5000952020.npz,0,train
7463,data\raw\daisee\test\500095\5000952021\5000952021.npz,5000952021.npz,0,val
7464,data\raw\daisee\test\500095\5000952022\5000952022.npz,5000952022.npz,0,train
7465,data\raw\daisee\test\500095\5000952023\5000952023.npz,5000952023.npz,0,train
7466,data\raw\daisee\test\500095\5000952024\5000952024.npz,5000952024.npz,0,train
7467,data\raw\daisee\test\500095\5000952025\5000952025.npz,5000952025.npz,0,val
7468,data\raw\daisee\test\500095\5000952026\5000952026.npz,5000952026.npz,0,val
7469,data\raw\daisee\test\500095\5000952027\5000952027.npz,5000952027.npz,0,train
7470,data\raw\daisee\test\500095\5000952028\5000952028.npz,5000952028.npz,0,test
7471,data\raw\daisee\test\500095\5000952029\5000952029.npz,5000952029.npz,1,train
7472,data\raw\daisee\test\500095\5000952031\5000952031.npz,5000952031.npz,1,train
7473,data\raw\daisee\test\500095\5000952032\5000952032.npz,5000952032.npz,0,train
7474,data\raw\daisee\test\500095\5000952033\5000952033.npz,5000952033.npz,0,test
7475,data\raw\daisee\test\500095\5000952034\5000952034.npz,5000952034.npz,1,train
7476,data\raw\daisee\test\500095\5000952035\5000952035.npz,5000952035.npz,0,train
7477,data\raw\daisee\test\500095\5000952036\5000952036.npz,5000952036.npz,0,train
7478,data\raw\daisee\test\500095\5000952038\5000952038.npz,5000952038.npz,0,train
7479,data\raw\daisee\test\500095\5000952040\5000952040.npz,5000952040.npz,1,train
7480,data\raw\daisee\test\500095\5000952041\5000952041.npz,5000952041.npz,0,val
7481,data\raw\daisee\test\500095\5000952042\5000952042.npz,5000952042.npz,0,train
7482,data\raw\daisee\test\500095\5000952044\5000952044.npz,5000952044.npz,0,train
7483,data\raw\daisee\test\500095\5000952045\5000952045.npz,5000952045.npz,0,train
7484,data\raw\daisee\test\500095\5000952046\5000952046.npz,5000952046.npz,0,val
7485,data\raw\daisee\test\500095\5000952048\5000952048.npz,5000952048.npz,0,train
7486,data\raw\daisee\test\500095\5000952050\5000952050.npz,5000952050.npz,0,train
7487,data\raw\daisee\test\500095\5000952052\5000952052.npz,5000952052.npz,0,test
7488,data\raw\daisee\test\500095\5000952053\5000952053.npz,5000952053.npz,0,train
7489,data\raw\daisee\test\500095\5000952054\5000952054.npz,5000952054.npz,0,test
7490,data\raw\daisee\test\500095\5000952055\5000952055.npz,5000952055.npz,0,train
7491,data\raw\daisee\test\500095\5000952060\5000952060.npz,5000952060.npz,1,train
7492,data\raw\daisee\test\500095\5000952061\5000952061.npz,5000952061.npz,1,test
7493,data\raw\daisee\test\500095\5000952062\5000952062.npz,5000952062.npz,1,val
7494,data\raw\daisee\test\500095\5000952063\5000952063.npz,5000952063.npz,0,val
7495,data\raw\daisee\test\500095\5000952064\5000952064.npz,5000952064.npz,0,train
7496,data\raw\daisee\test\500095\5000952065\5000952065.npz,5000952065.npz,1,train
7497,data\raw\daisee\test\500095\5000952066\5000952066.npz,5000952066.npz,1,test
7498,data\raw\daisee\test\500095\5000952068\5000952068.npz,5000952068.npz,0,train
7499,data\raw\daisee\test\500095\5000952069\5000952069.npz,5000952069.npz,1,val
7500,data\raw\daisee\test\500095\5000952070\5000952070.npz,5000952070.npz,0,train
7501,data\raw\daisee\test\500095\5000952071\5000952071.npz,5000952071.npz,1,val
7502,data\raw\daisee\test\500095\5000952072\5000952072.npz,5000952072.npz,0,val
7503,data\raw\daisee\test\500095\5000952073\5000952073.npz,5000952073.npz,0,test
7504,data\raw\daisee\test\500095\5000952075\5000952075.npz,5000952075.npz,0,test
7505,data\raw\daisee\test\500095\5000952076\5000952076.npz,5000952076.npz,1,test
7506,data\raw\daisee\test\500095\5000952077\5000952077.npz,5000952077.npz,0,test
7507,data\raw\daisee\test\500095\5000952078\5000952078.npz,5000952078.npz,1,val
7508,data\raw\daisee\test\500095\5000952080\5000952080.npz,5000952080.npz,0,val
7509,data\raw\daisee\test\500095\5000952083\5000952083.npz,5000952083.npz,1,train
7510,data\raw\daisee\test\510009\5100091001\5100091001.npz,5100091001.npz,0,train
7511,data\raw\daisee\test\510009\5100091003\5100091003.npz,5100091003.npz,0,train
7512,data\raw\daisee\test\510009\5100091004\5100091004.npz,5100091004.npz,0,train
7513,data\raw\daisee\test\510009\5100091005\5100091005.npz,5100091005.npz,0,train
7514,data\raw\daisee\test\510009\5100091006\5100091006.npz,5100091006.npz,0,test
7515,data\raw\daisee\test\510009\5100091007\5100091007.npz,5100091007.npz,0,test
7516,data\raw\daisee\test\510009\5100091008\5100091008.npz,5100091008.npz,0,train
7517,data\raw\daisee\test\510009\5100091009\5100091009.npz,5100091009.npz,0,test
7518,data\raw\daisee\test\510009\5100091010\5100091010.npz,5100091010.npz,0,train
7519,data\raw\daisee\test\510009\5100091012\5100091012.npz,5100091012.npz,0,val
7520,data\raw\daisee\test\510009\5100091017\5100091017.npz,5100091017.npz,1,train
7521,data\raw\daisee\test\510009\5100091019\5100091019.npz,5100091019.npz,1,train
7522,data\raw\daisee\test\510009\5100091020\5100091020.npz,5100091020.npz,0,train
7523,data\raw\daisee\test\510009\5100091025\5100091025.npz,5100091025.npz,0,test
7524,data\raw\daisee\test\510009\5100091026\5100091026.npz,5100091026.npz,0,train
7525,data\raw\daisee\test\510009\5100091027\5100091027.npz,5100091027.npz,0,train
7526,data\raw\daisee\test\510009\5100091028\5100091028.npz,5100091028.npz,0,train
7527,data\raw\daisee\test\510009\5100091032\5100091032.npz,5100091032.npz,0,train
7528,data\raw\daisee\test\510009\5100091033\5100091033.npz,5100091033.npz,1,train
7529,data\raw\daisee\test\510009\5100091034\5100091034.npz,5100091034.npz,0,test
7530,data\raw\daisee\test\510009\5100091035\5100091035.npz,5100091035.npz,0,test
7531,data\raw\daisee\test\510009\5100091036\5100091036.npz,5100091036.npz,0,train
7532,data\raw\daisee\test\510009\5100091038\5100091038.npz,5100091038.npz,0,train
7533,data\raw\daisee\test\510009\5100091039\5100091039.npz,5100091039.npz,0,val
7534,data\raw\daisee\test\510009\5100091042\5100091042.npz,5100091042.npz,0,train
7535,data\raw\daisee\test\510009\5100091046\5100091046.npz,5100091046.npz,0,val
7536,data\raw\daisee\test\510009\5100091049\5100091049.npz,5100091049.npz,1,val
7537,data\raw\daisee\test\510009\5100091050\5100091050.npz,5100091050.npz,1,train
7538,data\raw\daisee\test\510009\5100091051\5100091051.npz,5100091051.npz,0,test
7539,data\raw\daisee\test\510009\5100091053\5100091053.npz,5100091053.npz,0,train
7540,data\raw\daisee\test\510009\5100091055\5100091055.npz,5100091055.npz,0,val
7541,data\raw\daisee\test\510009\5100091056\5100091056.npz,5100091056.npz,0,train
7542,data\raw\daisee\test\510009\5100091057\5100091057.npz,5100091057.npz,0,train
7543,data\raw\daisee\test\510009\5100091058\5100091058.npz,5100091058.npz,0,train
7544,data\raw\daisee\test\510009\5100091059\5100091059.npz,5100091059.npz,0,train
7545,data\raw\daisee\test\510009\5100091062\5100091062.npz,5100091062.npz,0,test
7546,data\raw\daisee\test\510009\5100091064\5100091064.npz,5100091064.npz,1,train
7547,data\raw\daisee\test\510009\5100091065\5100091065.npz,5100091065.npz,0,train
7548,data\raw\daisee\test\510009\5100091066\5100091066.npz,5100091066.npz,0,train
7549,data\raw\daisee\test\510009\5100091067\5100091067.npz,5100091067.npz,0,train
7550,data\raw\daisee\test\510009\5100091068\5100091068.npz,5100091068.npz,0,val
7551,data\raw\daisee\test\510009\5100091069\5100091069.npz,5100091069.npz,0,val
7552,data\raw\daisee\test\510009\5100092002\5100092002.npz,5100092002.npz,0,train
7553,data\raw\daisee\test\510009\5100092003\5100092003.npz,5100092003.npz,0,train
7554,data\raw\daisee\test\510009\5100092005\5100092005.npz,5100092005.npz,0,train
7555,data\raw\daisee\test\510009\5100092006\5100092006.npz,5100092006.npz,0,train
7556,data\raw\daisee\test\510009\5100092008\5100092008.npz,5100092008.npz,0,train
7557,data\raw\daisee\test\510009\5100092010\5100092010.npz,5100092010.npz,0,val
7558,data\raw\daisee\test\510009\5100092011\5100092011.npz,5100092011.npz,0,train
7559,data\raw\daisee\test\510009\5100092013\5100092013.npz,5100092013.npz,0,train
7560,data\raw\daisee\test\510009\5100092017\5100092017.npz,5100092017.npz,0,train
7561,data\raw\daisee\test\510009\5100092019\5100092019.npz,5100092019.npz,0,val
7562,data\raw\daisee\test\510009\5100092021\5100092021.npz,5100092021.npz,0,train
7563,data\raw\daisee\test\510009\5100092022\5100092022.npz,5100092022.npz,0,train
7564,data\raw\daisee\test\510009\5100092023\5100092023.npz,5100092023.npz,0,train
7565,data\raw\daisee\test\510009\5100092026\5100092026.npz,5100092026.npz,0,val
7566,data\raw\daisee\test\510009\5100092027\5100092027.npz,5100092027.npz,0,train
7567,data\raw\daisee\test\510009\5100092032\5100092032.npz,5100092032.npz,0,test
7568,data\raw\daisee\test\510009\5100092033\5100092033.npz,5100092033.npz,0,train
7569,data\raw\daisee\test\510009\5100092034\5100092034.npz,5100092034.npz,0,train
7570,data\raw\daisee\test\510009\5100092035\5100092035.npz,5100092035.npz,1,val
7571,data\raw\daisee\test\510009\5100092037\5100092037.npz,5100092037.npz,0,train
7572,data\raw\daisee\test\510009\5100092038\5100092038.npz,5100092038.npz,0,train
7573,data\raw\daisee\test\510009\5100092039\5100092039.npz,5100092039.npz,0,train
7574,data\raw\daisee\test\510009\5100092040\5100092040.npz,5100092040.npz,0,train
7575,data\raw\daisee\test\510009\5100092041\5100092041.npz,5100092041.npz,0,val
7576,data\raw\daisee\test\510009\5100092042\5100092042.npz,5100092042.npz,0,train
7577,data\raw\daisee\test\510009\5100092043\5100092043.npz,5100092043.npz,0,train
7578,data\raw\daisee\test\510009\5100092044\5100092044.npz,5100092044.npz,0,test
7579,data\raw\daisee\test\510009\5100092045\5100092045.npz,5100092045.npz,0,test
7580,data\raw\daisee\test\510009\5100092053\5100092053.npz,5100092053.npz,0,test
7581,data\raw\daisee\test\510009\5100092056\5100092056.npz,5100092056.npz,0,test
7582,data\raw\daisee\test\510009\5100092057\5100092057.npz,5100092057.npz,0,train
7583,data\raw\daisee\test\510009\5100092060\5100092060.npz,5100092060.npz,0,train
7584,data\raw\daisee\test\510009\5100092061\5100092061.npz,5100092061.npz,0,test
7585,data\raw\daisee\test\510009\5100092062\5100092062.npz,5100092062.npz,0,train
7586,data\raw\daisee\test\510009\5100092063\5100092063.npz,5100092063.npz,0,train
7587,data\raw\daisee\test\510009\5100092064\5100092064.npz,5100092064.npz,0,train
7588,data\raw\daisee\test\510009\5100092065\5100092065.npz,5100092065.npz,0,val
7589,data\raw\daisee\test\510009\5100092067\5100092067.npz,5100092067.npz,0,train
7590,data\raw\daisee\test\510009\5100092068\5100092068.npz,5100092068.npz,0,train
7591,data\raw\daisee\test\510009\5100092069\5100092069.npz,5100092069.npz,0,train
7592,data\raw\daisee\test\510009\5100092071\5100092071.npz,5100092071.npz,0,train
7593,data\raw\daisee\test\510009\5100092072\5100092072.npz,5100092072.npz,0,train
7594,data\raw\daisee\test\510034\5100341002\5100341002.npz,5100341002.npz,0,train
7595,data\raw\daisee\test\510034\5100341003\5100341003.npz,5100341003.npz,0,train
7596,data\raw\daisee\test\510034\5100341004\5100341004.npz,5100341004.npz,0,test
7597,data\raw\daisee\test\510034\5100341005\5100341005.npz,5100341005.npz,0,val
7598,data\raw\daisee\test\510034\5100341006\5100341006.npz,5100341006.npz,1,train
7599,data\raw\daisee\test\510034\5100341008\5100341008.npz,5100341008.npz,1,train
7600,data\raw\daisee\test\510034\5100341009\5100341009.npz,5100341009.npz,1,test
7601,data\raw\daisee\test\510034\5100341010\5100341010.npz,5100341010.npz,1,test
7602,data\raw\daisee\test\510034\5100341012\5100341012.npz,5100341012.npz,1,train
7603,data\raw\daisee\test\510034\5100341013\5100341013.npz,5100341013.npz,0,test
7604,data\raw\daisee\test\510034\5100341014\5100341014.npz,5100341014.npz,0,val
7605,data\raw\daisee\test\510034\5100341015\5100341015.npz,5100341015.npz,0,train
7606,data\raw\daisee\test\510034\5100341016\5100341016.npz,5100341016.npz,1,test
7607,data\raw\daisee\test\510034\5100341017\5100341017.npz,5100341017.npz,1,train
7608,data\raw\daisee\test\510034\5100341019\5100341019.npz,5100341019.npz,1,train
7609,data\raw\daisee\test\510034\5100341020\5100341020.npz,5100341020.npz,1,test
7610,data\raw\daisee\test\510034\5100341021\5100341021.npz,5100341021.npz,0,train
7611,data\raw\daisee\test\510034\5100341022\5100341022.npz,5100341022.npz,1,train
7612,data\raw\daisee\test\510034\5100341023\5100341023.npz,5100341023.npz,0,train
7613,data\raw\daisee\test\510034\5100341024\5100341024.npz,5100341024.npz,0,train
7614,data\raw\daisee\test\510034\5100341025\5100341025.npz,5100341025.npz,0,train
7615,data\raw\daisee\test\510034\5100341026\5100341026.npz,5100341026.npz,0,train
7616,data\raw\daisee\test\510034\5100341027\5100341027.npz,5100341027.npz,0,train
7617,data\raw\daisee\test\510034\5100341028\5100341028.npz,5100341028.npz,0,train
7618,data\raw\daisee\test\510034\5100341030\5100341030.npz,5100341030.npz,1,test
7619,data\raw\daisee\test\510034\5100341031\5100341031.npz,5100341031.npz,1,val
7620,data\raw\daisee\test\510034\5100341032\5100341032.npz,5100341032.npz,1,train
7621,data\raw\daisee\test\510034\5100341033\5100341033.npz,5100341033.npz,0,val
7622,data\raw\daisee\test\510034\5100341034\5100341034.npz,5100341034.npz,0,train
7623,data\raw\daisee\test\510034\5100341035\5100341035.npz,5100341035.npz,0,train
7624,data\raw\daisee\test\510034\5100341037\5100341037.npz,5100341037.npz,0,train
7625,data\raw\daisee\test\510034\5100341038\5100341038.npz,5100341038.npz,0,train
7626,data\raw\daisee\test\510034\5100341039\5100341039.npz,5100341039.npz,0,train
7627,data\raw\daisee\test\510034\5100341042\5100341042.npz,5100341042.npz,1,train
7628,data\raw\daisee\test\510034\5100341046\5100341046.npz,5100341046.npz,0,train
7629,data\raw\daisee\test\510034\5100341048\5100341048.npz,5100341048.npz,0,test
7630,data\raw\daisee\test\510034\5100341050\5100341050.npz,5100341050.npz,1,train
7631,data\raw\daisee\test\510034\5100341052\5100341052.npz,5100341052.npz,0,val
7632,data\raw\daisee\test\510034\5100341054\5100341054.npz,5100341054.npz,1,train
7633,data\raw\daisee\test\510034\5100341055\5100341055.npz,5100341055.npz,1,train
7634,data\raw\daisee\test\510034\5100341056\5100341056.npz,5100341056.npz,1,train
7635,data\raw\daisee\test\510034\5100341057\5100341057.npz,5100341057.npz,1,train
7636,data\raw\daisee\test\510034\5100341058\5100341058.npz,5100341058.npz,0,train
7637,data\raw\daisee\test\510034\5100341061\5100341061.npz,5100341061.npz,1,train
7638,data\raw\daisee\test\510034\5100341062\5100341062.npz,5100341062.npz,0,train
7639,data\raw\daisee\test\510034\5100341065\5100341065.npz,5100341065.npz,0,train
7640,data\raw\daisee\test\510034\5100341067\5100341067.npz,5100341067.npz,0,train
7641,data\raw\daisee\test\510034\5100341068\5100341068.npz,5100341068.npz,0,train
7642,data\raw\daisee\test\510034\5100341070\5100341070.npz,5100341070.npz,0,train
7643,data\raw\daisee\test\510034\5100341071\5100341071.npz,5100341071.npz,0,test
7644,data\raw\daisee\test\510034\5100341072\5100341072.npz,5100341072.npz,0,train
7645,data\raw\daisee\test\510034\5100341074\5100341074.npz,5100341074.npz,1,test
7646,data\raw\daisee\test\510034\5100341075\5100341075.npz,5100341075.npz,1,train
7647,data\raw\daisee\test\510034\5100341076\5100341076.npz,5100341076.npz,1,val
7648,data\raw\daisee\test\510034\5100341077\5100341077.npz,5100341077.npz,0,train
7649,data\raw\daisee\test\510034\5100341078\5100341078.npz,5100341078.npz,1,train
7650,data\raw\daisee\test\510034\5100341079\5100341079.npz,5100341079.npz,0,test
7651,data\raw\daisee\test\510034\5100342002\5100342002.npz,5100342002.npz,1,train
7652,data\raw\daisee\test\510034\5100342003\5100342003.npz,5100342003.npz,1,train
7653,data\raw\daisee\test\510034\5100342007\5100342007.npz,5100342007.npz,1,train
7654,data\raw\daisee\test\510034\5100342008\5100342008.npz,5100342008.npz,1,test
7655,data\raw\daisee\test\510034\5100342009\5100342009.npz,5100342009.npz,1,train
7656,data\raw\daisee\test\510034\5100342012\5100342012.npz,5100342012.npz,0,train
7657,data\raw\daisee\test\510034\5100342016\5100342016.npz,5100342016.npz,1,train
7658,data\raw\daisee\test\510034\5100342017\5100342017.npz,5100342017.npz,1,train
7659,data\raw\daisee\test\510034\5100342018\5100342018.npz,5100342018.npz,0,train
7660,data\raw\daisee\test\510034\5100342020\5100342020.npz,5100342020.npz,1,train
7661,data\raw\daisee\test\510034\5100342022\5100342022.npz,5100342022.npz,1,train
7662,data\raw\daisee\test\510034\5100342023\5100342023.npz,5100342023.npz,1,test
7663,data\raw\daisee\test\510034\5100342024\5100342024.npz,5100342024.npz,1,test
7664,data\raw\daisee\test\510034\5100342025\5100342025.npz,5100342025.npz,1,train
7665,data\raw\daisee\test\510034\5100342028\5100342028.npz,5100342028.npz,1,train
7666,data\raw\daisee\test\510034\5100342030\5100342030.npz,5100342030.npz,1,train
7667,data\raw\daisee\test\510034\5100342031\5100342031.npz,5100342031.npz,1,test
7668,data\raw\daisee\test\510034\5100342034\5100342034.npz,5100342034.npz,1,train
7669,data\raw\daisee\test\510034\5100342036\5100342036.npz,5100342036.npz,1,train
7670,data\raw\daisee\test\510034\5100342042\5100342042.npz,5100342042.npz,1,test
7671,data\raw\daisee\test\510034\5100342043\5100342043.npz,5100342043.npz,1,train
7672,data\raw\daisee\test\510034\5100342045\5100342045.npz,5100342045.npz,1,train
7673,data\raw\daisee\test\510034\5100342048\5100342048.npz,5100342048.npz,1,test
7674,data\raw\daisee\test\510035\5100351001\5100351001.npz,5100351001.npz,1,test
7675,data\raw\daisee\test\510035\5100351002\5100351002.npz,5100351002.npz,1,train
7676,data\raw\daisee\test\510035\5100351004\5100351004.npz,5100351004.npz,1,train
7677,data\raw\daisee\test\510035\5100351005\5100351005.npz,5100351005.npz,0,train
7678,data\raw\daisee\test\510035\5100351007\5100351007.npz,5100351007.npz,1,train
7679,data\raw\daisee\test\510035\5100351009\5100351009.npz,5100351009.npz,1,val
7680,data\raw\daisee\test\510035\5100351010\5100351010.npz,5100351010.npz,0,train
7681,data\raw\daisee\test\510035\5100351012\5100351012.npz,5100351012.npz,1,train
7682,data\raw\daisee\test\510035\5100351013\5100351013.npz,5100351013.npz,1,train
7683,data\raw\daisee\test\510035\5100351015\5100351015.npz,5100351015.npz,0,train
7684,data\raw\daisee\test\510035\5100351016\5100351016.npz,5100351016.npz,1,train
7685,data\raw\daisee\test\510035\5100351019\5100351019.npz,5100351019.npz,1,train
7686,data\raw\daisee\test\510035\5100351020\5100351020.npz,5100351020.npz,1,train
7687,data\raw\daisee\test\510035\5100351021\5100351021.npz,5100351021.npz,1,train
7688,data\raw\daisee\test\510035\5100351022\5100351022.npz,5100351022.npz,1,test
7689,data\raw\daisee\test\510035\5100351023\5100351023.npz,5100351023.npz,0,train
7690,data\raw\daisee\test\510035\5100351024\5100351024.npz,5100351024.npz,1,val
7691,data\raw\daisee\test\510035\5100351025\5100351025.npz,5100351025.npz,1,val
7692,data\raw\daisee\test\510035\5100351026\5100351026.npz,5100351026.npz,0,train
7693,data\raw\daisee\test\510035\5100351032\5100351032.npz,5100351032.npz,1,train
7694,data\raw\daisee\test\510035\5100351034\5100351034.npz,5100351034.npz,1,train
7695,data\raw\daisee\test\510035\5100351035\5100351035.npz,5100351035.npz,1,train
7696,data\raw\daisee\test\510035\5100351036\5100351036.npz,5100351036.npz,0,test
7697,data\raw\daisee\test\510035\5100351038\5100351038.npz,5100351038.npz,1,train
7698,data\raw\daisee\test\510035\5100351039\5100351039.npz,5100351039.npz,0,test
7699,data\raw\daisee\test\510035\5100351040\5100351040.npz,5100351040.npz,0,val
7700,data\raw\daisee\test\510035\5100351043\5100351043.npz,5100351043.npz,0,train
7701,data\raw\daisee\test\510035\5100351044\5100351044.npz,5100351044.npz,0,train
7702,data\raw\daisee\test\510035\5100351045\5100351045.npz,5100351045.npz,0,train
7703,data\raw\daisee\test\510035\5100351046\5100351046.npz,5100351046.npz,1,train
7704,data\raw\daisee\test\510035\5100351049\5100351049.npz,5100351049.npz,1,train
7705,data\raw\daisee\test\510035\5100351051\5100351051.npz,5100351051.npz,1,val
7706,data\raw\daisee\test\510035\5100351054\5100351054.npz,5100351054.npz,1,train
7707,data\raw\daisee\test\510035\5100351058\5100351058.npz,5100351058.npz,1,train
7708,data\raw\daisee\test\510035\5100352001\5100352001.npz,5100352001.npz,0,train
7709,data\raw\daisee\test\510035\5100352002\5100352002.npz,5100352002.npz,1,train
7710,data\raw\daisee\test\510035\5100352003\5100352003.npz,5100352003.npz,1,train
7711,data\raw\daisee\test\510035\5100352004\5100352004.npz,5100352004.npz,0,train
7712,data\raw\daisee\test\510035\5100352005\5100352005.npz,5100352005.npz,1,train
7713,data\raw\daisee\test\510035\5100352006\5100352006.npz,5100352006.npz,1,val
7714,data\raw\daisee\test\510035\5100352007\5100352007.npz,5100352007.npz,0,train
7715,data\raw\daisee\test\510035\5100352008\5100352008.npz,5100352008.npz,1,train
7716,data\raw\daisee\test\510035\5100352009\5100352009.npz,5100352009.npz,0,train
7717,data\raw\daisee\test\510035\5100352011\5100352011.npz,5100352011.npz,0,train
7718,data\raw\daisee\test\510035\5100352012\5100352012.npz,5100352012.npz,0,test
7719,data\raw\daisee\test\510035\5100352013\5100352013.npz,5100352013.npz,0,val
7720,data\raw\daisee\test\510035\5100352014\5100352014.npz,5100352014.npz,0,train
7721,data\raw\daisee\test\510035\5100352015\5100352015.npz,5100352015.npz,1,test
7722,data\raw\daisee\test\510035\5100352016\5100352016.npz,5100352016.npz,1,val
7723,data\raw\daisee\test\510035\5100352017\5100352017.npz,5100352017.npz,0,train
7724,data\raw\daisee\test\510035\5100352018\5100352018.npz,5100352018.npz,0,test
7725,data\raw\daisee\test\510035\5100352020\5100352020.npz,5100352020.npz,0,train
7726,data\raw\daisee\test\510035\5100352021\5100352021.npz,5100352021.npz,1,val
7727,data\raw\daisee\test\510035\5100352022\5100352022.npz,5100352022.npz,1,val
7728,data\raw\daisee\test\510035\5100352026\5100352026.npz,5100352026.npz,0,val
7729,data\raw\daisee\test\510035\5100352027\5100352027.npz,5100352027.npz,0,test
7730,data\raw\daisee\test\510035\5100352028\5100352028.npz,5100352028.npz,0,train
7731,data\raw\daisee\test\510035\5100352030\5100352030.npz,5100352030.npz,0,train
7732,data\raw\daisee\test\510035\5100352031\5100352031.npz,5100352031.npz,0,val
7733,data\raw\daisee\test\510035\5100352032\5100352032.npz,5100352032.npz,1,test
7734,data\raw\daisee\test\510035\5100352033\5100352033.npz,5100352033.npz,0,val
7735,data\raw\daisee\test\510035\5100352034\5100352034.npz,5100352034.npz,0,train
7736,data\raw\daisee\test\510035\5100352035\5100352035.npz,5100352035.npz,0,train
7737,data\raw\daisee\test\510035\5100352037\5100352037.npz,5100352037.npz,0,train
7738,data\raw\daisee\test\510035\5100352038\5100352038.npz,5100352038.npz,0,train
7739,data\raw\daisee\test\510035\5100352039\5100352039.npz,5100352039.npz,0,train
7740,data\raw\daisee\test\510035\5100352041\5100352041.npz,5100352041.npz,0,train
7741,data\raw\daisee\test\510035\5100352042\5100352042.npz,5100352042.npz,0,train
7742,data\raw\daisee\test\510035\5100352043\5100352043.npz,5100352043.npz,1,val
7743,data\raw\daisee\test\510035\5100352044\5100352044.npz,5100352044.npz,1,train
7744,data\raw\daisee\test\510035\5100352045\5100352045.npz,5100352045.npz,1,test
7745,data\raw\daisee\test\510035\5100352046\5100352046.npz,5100352046.npz,1,train
7746,data\raw\daisee\test\510035\5100352049\5100352049.npz,5100352049.npz,0,train
7747,data\raw\daisee\test\510035\5100352050\5100352050.npz,5100352050.npz,0,train
7748,data\raw\daisee\test\510035\5100352051\5100352051.npz,5100352051.npz,0,train
7749,data\raw\daisee\test\510035\5100352052\5100352052.npz,5100352052.npz,0,train
7750,data\raw\daisee\test\510035\5100352054\5100352054.npz,5100352054.npz,1,val
7751,data\raw\daisee\test\510035\5100352055\5100352055.npz,5100352055.npz,0,val
7752,data\raw\daisee\test\510035\5100352056\5100352056.npz,5100352056.npz,0,train
7753,data\raw\daisee\test\510035\5100352057\5100352057.npz,5100352057.npz,0,train
7754,data\raw\daisee\test\510035\5100352060\5100352060.npz,5100352060.npz,0,val
7755,data\raw\daisee\test\510035\5100352061\5100352061.npz,5100352061.npz,0,val
7756,data\raw\daisee\test\510035\5100352063\5100352063.npz,5100352063.npz,1,train
7757,data\raw\daisee\test\510036\5100361009\5100361009.npz,5100361009.npz,1,train
7758,data\raw\daisee\test\510036\5100361056\5100361056.npz,5100361056.npz,0,test
7759,data\raw\daisee\test\510036\5100362028\5100362028.npz,5100362028.npz,1,train
7760,data\raw\daisee\test\510036\5100362029\5100362029.npz,5100362029.npz,1,train
7761,data\raw\daisee\test\510036\5100362030\5100362030.npz,5100362030.npz,0,test
7762,data\raw\daisee\test\510036\5100362052\5100362052.npz,5100362052.npz,1,train
7763,data\raw\daisee\test\510037\5100371022\5100371022.npz,5100371022.npz,0,train
7764,data\raw\daisee\test\510037\5100371023\5100371023.npz,5100371023.npz,0,train
7765,data\raw\daisee\test\510037\5100371024\5100371024.npz,5100371024.npz,0,test
7766,data\raw\daisee\test\510037\5100371026\5100371026.npz,5100371026.npz,0,train
7767,data\raw\daisee\test\510037\5100371027\5100371027.npz,5100371027.npz,0,train
7768,data\raw\daisee\test\510037\5100371042\5100371042.npz,5100371042.npz,0,train
7769,data\raw\daisee\test\510037\5100371055\5100371055.npz,5100371055.npz,0,test
7770,data\raw\daisee\test\510037\5100371056\5100371056.npz,5100371056.npz,0,train
7771,data\raw\daisee\test\510037\5100371067\5100371067.npz,5100371067.npz,0,train
7772,data\raw\daisee\test\510037\5100371079\5100371079.npz,5100371079.npz,0,train
7773,data\raw\daisee\test\510037\5100372001\5100372001.npz,5100372001.npz,0,train
7774,data\raw\daisee\test\510037\5100372002\5100372002.npz,5100372002.npz,0,train
7775,data\raw\daisee\test\510037\5100372003\5100372003.npz,5100372003.npz,0,val
7776,data\raw\daisee\test\510037\5100372005\5100372005.npz,5100372005.npz,0,val
7777,data\raw\daisee\test\510037\5100372006\5100372006.npz,5100372006.npz,0,val
7778,data\raw\daisee\test\510037\5100372007\5100372007.npz,5100372007.npz,0,val
7779,data\raw\daisee\test\510037\5100372009\5100372009.npz,5100372009.npz,0,train
7780,data\raw\daisee\test\510037\5100372011\5100372011.npz,5100372011.npz,0,train
7781,data\raw\daisee\test\510037\5100372015\5100372015.npz,5100372015.npz,0,test
7782,data\raw\daisee\test\510037\5100372016\5100372016.npz,5100372016.npz,0,val
7783,data\raw\daisee\test\510037\5100372017\5100372017.npz,5100372017.npz,0,train
7784,data\raw\daisee\test\510037\5100372018\5100372018.npz,5100372018.npz,0,train
7785,data\raw\daisee\test\510037\5100372019\5100372019.npz,5100372019.npz,0,val
7786,data\raw\daisee\test\510037\5100372020\5100372020.npz,5100372020.npz,0,train
7787,data\raw\daisee\test\510037\5100372021\5100372021.npz,5100372021.npz,0,train
7788,data\raw\daisee\test\510037\5100372022\5100372022.npz,5100372022.npz,0,train
7789,data\raw\daisee\test\510037\5100372023\5100372023.npz,5100372023.npz,0,val
7790,data\raw\daisee\test\510037\5100372026\5100372026.npz,5100372026.npz,0,val
7791,data\raw\daisee\test\510037\5100372027\5100372027.npz,5100372027.npz,0,train
7792,data\raw\daisee\test\510037\5100372028\5100372028.npz,5100372028.npz,0,val
7793,data\raw\daisee\test\510037\5100372069\5100372069.npz,5100372069.npz,0,test
7794,data\raw\daisee\test\510038\5100381002\5100381002.npz,5100381002.npz,1,test
7795,data\raw\daisee\test\510038\5100381003\5100381003.npz,5100381003.npz,0,test
7796,data\raw\daisee\test\510038\5100381004\5100381004.npz,5100381004.npz,0,train
7797,data\raw\daisee\test\510038\5100381005\5100381005.npz,5100381005.npz,0,train
7798,data\raw\daisee\test\510038\5100381006\5100381006.npz,5100381006.npz,0,train
7799,data\raw\daisee\test\510038\5100381007\5100381007.npz,5100381007.npz,0,test
7800,data\raw\daisee\test\510038\5100381008\5100381008.npz,5100381008.npz,1,train
7801,data\raw\daisee\test\510038\5100381009\5100381009.npz,5100381009.npz,0,train
7802,data\raw\daisee\test\510038\5100381010\5100381010.npz,5100381010.npz,0,train
7803,data\raw\daisee\test\510038\5100381011\5100381011.npz,5100381011.npz,0,train
7804,data\raw\daisee\test\510038\5100381012\5100381012.npz,5100381012.npz,0,val
7805,data\raw\daisee\test\510038\5100381015\5100381015.npz,5100381015.npz,0,test
7806,data\raw\daisee\test\510038\5100381016\5100381016.npz,5100381016.npz,0,train
7807,data\raw\daisee\test\510038\5100381017\5100381017.npz,5100381017.npz,0,val
7808,data\raw\daisee\test\510038\5100381018\5100381018.npz,5100381018.npz,1,train
7809,data\raw\daisee\test\510038\5100381019\5100381019.npz,5100381019.npz,0,val
7810,data\raw\daisee\test\510038\5100381020\5100381020.npz,5100381020.npz,0,train
7811,data\raw\daisee\test\510038\5100381021\5100381021.npz,5100381021.npz,0,train
7812,data\raw\daisee\test\510038\5100381022\5100381022.npz,5100381022.npz,0,test
7813,data\raw\daisee\test\510038\5100381023\5100381023.npz,5100381023.npz,0,train
7814,data\raw\daisee\test\510038\5100381024\5100381024.npz,5100381024.npz,0,train
7815,data\raw\daisee\test\510038\5100381026\5100381026.npz,5100381026.npz,0,test
7816,data\raw\daisee\test\510038\5100381027\5100381027.npz,5100381027.npz,0,train
7817,data\raw\daisee\test\510038\5100381028\5100381028.npz,5100381028.npz,1,train
7818,data\raw\daisee\test\510038\5100381029\5100381029.npz,5100381029.npz,0,train
7819,data\raw\daisee\test\510038\5100381031\5100381031.npz,5100381031.npz,0,train
7820,data\raw\daisee\test\510038\5100381032\5100381032.npz,5100381032.npz,0,train
7821,data\raw\daisee\test\510038\5100381034\5100381034.npz,5100381034.npz,0,train
7822,data\raw\daisee\test\510038\5100381035\5100381035.npz,5100381035.npz,0,test
7823,data\raw\daisee\test\510038\5100381037\5100381037.npz,5100381037.npz,0,test
7824,data\raw\daisee\test\510038\5100381038\5100381038.npz,5100381038.npz,0,train
7825,data\raw\daisee\test\510038\5100381039\5100381039.npz,5100381039.npz,1,train
7826,data\raw\daisee\test\510038\5100381040\5100381040.npz,5100381040.npz,0,test
7827,data\raw\daisee\test\510038\5100381041\5100381041.npz,5100381041.npz,0,test
7828,data\raw\daisee\test\510038\5100381042\5100381042.npz,5100381042.npz,0,train
7829,data\raw\daisee\test\510038\5100381043\5100381043.npz,5100381043.npz,0,train
7830,data\raw\daisee\test\510038\5100381044\5100381044.npz,5100381044.npz,0,train
7831,data\raw\daisee\test\510038\5100381045\5100381045.npz,5100381045.npz,0,test
7832,data\raw\daisee\test\510038\5100381046\5100381046.npz,5100381046.npz,1,test
7833,data\raw\daisee\test\510038\5100381047\5100381047.npz,5100381047.npz,0,train
7834,data\raw\daisee\test\510038\5100381048\5100381048.npz,5100381048.npz,1,train
7835,data\raw\daisee\test\510038\5100381049\5100381049.npz,5100381049.npz,0,train
7836,data\raw\daisee\test\510038\5100381050\5100381050.npz,5100381050.npz,0,train
7837,data\raw\daisee\test\510038\5100381051\5100381051.npz,5100381051.npz,0,train
7838,data\raw\daisee\test\510038\5100381052\5100381052.npz,5100381052.npz,0,train
7839,data\raw\daisee\test\510038\5100381053\5100381053.npz,5100381053.npz,0,test
7840,data\raw\daisee\test\510038\5100381054\5100381054.npz,5100381054.npz,0,train
7841,data\raw\daisee\test\510038\5100381055\5100381055.npz,5100381055.npz,0,train
7842,data\raw\daisee\test\510038\5100381056\5100381056.npz,5100381056.npz,0,train
7843,data\raw\daisee\test\510038\5100381058\5100381058.npz,5100381058.npz,0,test
7844,data\raw\daisee\test\510038\5100381059\5100381059.npz,5100381059.npz,0,train
7845,data\raw\daisee\test\510038\5100381060\5100381060.npz,5100381060.npz,0,train
7846,data\raw\daisee\test\510038\5100381061\5100381061.npz,5100381061.npz,0,train
7847,data\raw\daisee\test\510038\5100381063\5100381063.npz,5100381063.npz,1,train
7848,data\raw\daisee\test\510038\5100381065\5100381065.npz,5100381065.npz,0,train
7849,data\raw\daisee\test\510038\5100381066\5100381066.npz,5100381066.npz,0,train
7850,data\raw\daisee\test\510038\5100381067\5100381067.npz,5100381067.npz,0,train
7851,data\raw\daisee\test\510038\5100381069\5100381069.npz,5100381069.npz,1,train
7852,data\raw\daisee\test\510038\5100382001\5100382001.npz,5100382001.npz,0,train
7853,data\raw\daisee\test\510038\5100382003\5100382003.npz,5100382003.npz,0,train
7854,data\raw\daisee\test\510038\5100382007\5100382007.npz,5100382007.npz,0,train
7855,data\raw\daisee\test\510038\5100382008\5100382008.npz,5100382008.npz,0,train
7856,data\raw\daisee\test\510038\5100382010\5100382010.npz,5100382010.npz,0,train
7857,data\raw\daisee\test\510038\5100382011\5100382011.npz,5100382011.npz,0,train
7858,data\raw\daisee\test\510038\5100382012\5100382012.npz,5100382012.npz,0,train
7859,data\raw\daisee\test\510038\5100382013\5100382013.npz,5100382013.npz,0,train
7860,data\raw\daisee\test\510038\5100382014\5100382014.npz,5100382014.npz,0,train
7861,data\raw\daisee\test\510038\5100382015\5100382015.npz,5100382015.npz,0,train
7862,data\raw\daisee\test\510038\5100382016\5100382016.npz,5100382016.npz,0,train
7863,data\raw\daisee\test\510038\5100382018\5100382018.npz,5100382018.npz,0,train
7864,data\raw\daisee\test\510038\5100382019\5100382019.npz,5100382019.npz,0,test
7865,data\raw\daisee\test\510038\5100382020\5100382020.npz,5100382020.npz,0,val
7866,data\raw\daisee\test\510038\5100382021\5100382021.npz,5100382021.npz,0,train
7867,data\raw\daisee\test\510038\5100382022\5100382022.npz,5100382022.npz,0,train
7868,data\raw\daisee\test\510038\5100382023\5100382023.npz,5100382023.npz,0,train
7869,data\raw\daisee\test\510038\5100382025\5100382025.npz,5100382025.npz,0,train
7870,data\raw\daisee\test\510038\5100382026\5100382026.npz,5100382026.npz,0,train
7871,data\raw\daisee\test\510038\5100382027\5100382027.npz,5100382027.npz,0,train
7872,data\raw\daisee\test\510038\5100382028\5100382028.npz,5100382028.npz,0,train
7873,data\raw\daisee\test\510038\5100382029\5100382029.npz,5100382029.npz,0,train
7874,data\raw\daisee\test\510038\5100382030\5100382030.npz,5100382030.npz,0,train
7875,data\raw\daisee\test\510038\5100382031\5100382031.npz,5100382031.npz,0,train
7876,data\raw\daisee\test\510038\5100382032\5100382032.npz,5100382032.npz,0,train
7877,data\raw\daisee\test\510038\5100382033\5100382033.npz,5100382033.npz,0,train
7878,data\raw\daisee\test\510038\5100382034\5100382034.npz,5100382034.npz,0,val
7879,data\raw\daisee\test\510038\5100382035\5100382035.npz,5100382035.npz,0,train
7880,data\raw\daisee\test\510038\5100382036\5100382036.npz,5100382036.npz,0,test
7881,data\raw\daisee\test\510038\5100382037\5100382037.npz,5100382037.npz,0,test
7882,data\raw\daisee\test\510038\5100382038\5100382038.npz,5100382038.npz,0,train
7883,data\raw\daisee\test\510038\5100382039\5100382039.npz,5100382039.npz,0,train
7884,data\raw\daisee\test\510038\5100382040\5100382040.npz,5100382040.npz,0,train
7885,data\raw\daisee\test\510038\5100382042\5100382042.npz,5100382042.npz,0,train
7886,data\raw\daisee\test\510038\5100382045\5100382045.npz,5100382045.npz,0,train
7887,data\raw\daisee\test\510038\5100382046\5100382046.npz,5100382046.npz,0,train
7888,data\raw\daisee\test\510038\5100382048\5100382048.npz,5100382048.npz,0,test
7889,data\raw\daisee\test\510038\5100382050\5100382050.npz,5100382050.npz,0,train
7890,data\raw\daisee\test\510038\5100382051\5100382051.npz,5100382051.npz,0,train
7891,data\raw\daisee\test\510038\5100382052\5100382052.npz,5100382052.npz,0,test
7892,data\raw\daisee\test\510038\5100382053\5100382053.npz,5100382053.npz,0,test
7893,data\raw\daisee\test\510038\5100382054\5100382054.npz,5100382054.npz,1,test
7894,data\raw\daisee\test\510038\5100382055\5100382055.npz,5100382055.npz,0,train
7895,data\raw\daisee\test\510038\5100382056\5100382056.npz,5100382056.npz,0,train
7896,data\raw\daisee\test\510038\5100382057\5100382057.npz,5100382057.npz,0,train
7897,data\raw\daisee\test\510038\5100382058\5100382058.npz,5100382058.npz,0,train
7898,data\raw\daisee\test\510038\5100382059\5100382059.npz,5100382059.npz,0,train
7899,data\raw\daisee\test\510038\5100382060\5100382060.npz,5100382060.npz,0,train
7900,data\raw\daisee\test\510038\5100382061\5100382061.npz,5100382061.npz,0,test
7901,data\raw\daisee\test\510038\5100382062\5100382062.npz,5100382062.npz,0,train
7902,data\raw\daisee\test\510038\5100382063\5100382063.npz,5100382063.npz,0,test
7903,data\raw\daisee\test\510038\5100382064\5100382064.npz,5100382064.npz,0,train
7904,data\raw\daisee\test\510038\5100382065\5100382065.npz,5100382065.npz,0,train
7905,data\raw\daisee\test\510038\5100382066\5100382066.npz,5100382066.npz,0,val
7906,data\raw\daisee\test\510038\5100382067\5100382067.npz,5100382067.npz,0,train
7907,data\raw\daisee\test\510038\5100382068\5100382068.npz,5100382068.npz,0,train
7908,data\raw\daisee\test\510038\5100382069\5100382069.npz,5100382069.npz,0,train
7909,data\raw\daisee\test\510038\5100382070\5100382070.npz,5100382070.npz,0,train
7910,data\raw\daisee\test\510038\5100382071\5100382071.npz,5100382071.npz,0,train
7911,data\raw\daisee\test\510038\5100382072\5100382072.npz,5100382072.npz,0,train
7912,data\raw\daisee\test\510038\5100382073\5100382073.npz,5100382073.npz,0,test
7913,data\raw\daisee\test\510038\5100382075\5100382075.npz,5100382075.npz,0,val
7914,data\raw\daisee\test\510038\5100382076\5100382076.npz,5100382076.npz,0,test
7915,data\raw\daisee\test\510038\5100382077\5100382077.npz,5100382077.npz,0,train
7916,data\raw\daisee\test\510038\5100382078\5100382078.npz,5100382078.npz,0,train
7917,data\raw\daisee\test\510038\5100382079\5100382079.npz,5100382079.npz,0,train
7918,data\raw\daisee\test\510040\5100401001\5100401001.npz,5100401001.npz,1,train
7919,data\raw\daisee\test\510040\5100401003\5100401003.npz,5100401003.npz,1,train
7920,data\raw\daisee\test\510040\5100401005\5100401005.npz,5100401005.npz,1,train
7921,data\raw\daisee\test\510040\5100401006\5100401006.npz,5100401006.npz,1,train
7922,data\raw\daisee\test\510040\5100401007\5100401007.npz,5100401007.npz,0,test
7923,data\raw\daisee\test\510040\5100401008\5100401008.npz,5100401008.npz,0,val
7924,data\raw\daisee\test\510040\5100401010\5100401010.npz,5100401010.npz,1,train
7925,data\raw\daisee\test\510040\5100401011\5100401011.npz,5100401011.npz,1,val
7926,data\raw\daisee\test\510040\5100401012\5100401012.npz,5100401012.npz,0,train
7927,data\raw\daisee\test\510040\5100401014\5100401014.npz,5100401014.npz,0,train
7928,data\raw\daisee\test\510040\5100401015\5100401015.npz,5100401015.npz,0,test
7929,data\raw\daisee\test\510040\5100401016\5100401016.npz,5100401016.npz,0,train
7930,data\raw\daisee\test\510040\5100401018\5100401018.npz,5100401018.npz,0,train
7931,data\raw\daisee\test\510040\5100401021\5100401021.npz,5100401021.npz,0,train
7932,data\raw\daisee\test\510040\5100401022\5100401022.npz,5100401022.npz,1,train
7933,data\raw\daisee\test\510040\5100401023\5100401023.npz,5100401023.npz,1,train
7934,data\raw\daisee\test\510040\5100401025\5100401025.npz,5100401025.npz,0,val
7935,data\raw\daisee\test\510040\5100401026\5100401026.npz,5100401026.npz,0,train
7936,data\raw\daisee\test\510040\5100401028\5100401028.npz,5100401028.npz,0,train
7937,data\raw\daisee\test\510040\5100401029\5100401029.npz,5100401029.npz,1,train
7938,data\raw\daisee\test\510040\5100401030\5100401030.npz,5100401030.npz,0,train
7939,data\raw\daisee\test\510040\5100401031\5100401031.npz,5100401031.npz,0,train
7940,data\raw\daisee\test\510040\5100401032\5100401032.npz,5100401032.npz,0,train
7941,data\raw\daisee\test\510040\5100401033\5100401033.npz,5100401033.npz,1,train
7942,data\raw\daisee\test\510040\5100401034\5100401034.npz,5100401034.npz,1,train
7943,data\raw\daisee\test\510040\5100401035\5100401035.npz,5100401035.npz,1,train
7944,data\raw\daisee\test\510040\5100401036\5100401036.npz,5100401036.npz,0,train
7945,data\raw\daisee\test\510040\5100401038\5100401038.npz,5100401038.npz,0,train
7946,data\raw\daisee\test\510040\5100401039\5100401039.npz,5100401039.npz,1,train
7947,data\raw\daisee\test\510040\5100401040\5100401040.npz,5100401040.npz,0,train
7948,data\raw\daisee\test\510040\5100401042\5100401042.npz,5100401042.npz,0,val
7949,data\raw\daisee\test\510040\5100401043\5100401043.npz,5100401043.npz,1,train
7950,data\raw\daisee\test\510040\5100401044\5100401044.npz,5100401044.npz,0,val
7951,data\raw\daisee\test\510040\5100401045\5100401045.npz,5100401045.npz,0,train
7952,data\raw\daisee\test\510040\5100401046\5100401046.npz,5100401046.npz,0,train
7953,data\raw\daisee\test\510040\5100401047\5100401047.npz,5100401047.npz,1,test
7954,data\raw\daisee\test\510040\5100401048\5100401048.npz,5100401048.npz,0,train
7955,data\raw\daisee\test\510040\5100401049\5100401049.npz,5100401049.npz,0,val
7956,data\raw\daisee\test\510040\5100401050\5100401050.npz,5100401050.npz,0,train
7957,data\raw\daisee\test\510040\5100401051\5100401051.npz,5100401051.npz,1,train
7958,data\raw\daisee\test\510040\5100401053\5100401053.npz,5100401053.npz,0,train
7959,data\raw\daisee\test\510040\5100401054\5100401054.npz,5100401054.npz,0,train
7960,data\raw\daisee\test\510040\5100401055\5100401055.npz,5100401055.npz,0,train
7961,data\raw\daisee\test\510040\5100401056\5100401056.npz,5100401056.npz,0,val
7962,data\raw\daisee\test\510040\5100401057\5100401057.npz,5100401057.npz,0,train
7963,data\raw\daisee\test\510040\5100401059\5100401059.npz,5100401059.npz,0,train
7964,data\raw\daisee\test\510040\5100401060\5100401060.npz,5100401060.npz,1,test
7965,data\raw\daisee\test\510040\5100401061\5100401061.npz,5100401061.npz,0,train
7966,data\raw\daisee\test\510040\5100401062\5100401062.npz,5100401062.npz,0,val
7967,data\raw\daisee\test\510040\5100401063\5100401063.npz,5100401063.npz,0,val
7968,data\raw\daisee\test\510040\5100401064\5100401064.npz,5100401064.npz,1,train
7969,data\raw\daisee\test\510040\5100401065\5100401065.npz,5100401065.npz,1,train
7970,data\raw\daisee\test\510040\5100401066\5100401066.npz,5100401066.npz,0,test
7971,data\raw\daisee\test\510040\5100401067\5100401067.npz,5100401067.npz,0,test
7972,data\raw\daisee\test\510040\5100401069\5100401069.npz,5100401069.npz,1,test
7973,data\raw\daisee\test\510040\5100401070\5100401070.npz,5100401070.npz,1,train
7974,data\raw\daisee\test\510040\5100401071\5100401071.npz,5100401071.npz,0,val
7975,data\raw\daisee\test\510040\5100401072\5100401072.npz,5100401072.npz,0,train
7976,data\raw\daisee\test\510040\5100401073\5100401073.npz,5100401073.npz,0,test
7977,data\raw\daisee\test\510040\5100401074\5100401074.npz,5100401074.npz,0,train
7978,data\raw\daisee\test\510040\5100401075\5100401075.npz,5100401075.npz,0,train
7979,data\raw\daisee\test\510040\5100401076\5100401076.npz,5100401076.npz,0,val
7980,data\raw\daisee\test\510040\5100401077\5100401077.npz,5100401077.npz,1,train
7981,data\raw\daisee\test\510040\5100401078\5100401078.npz,5100401078.npz,0,train
7982,data\raw\daisee\test\510040\5100402001\5100402001.npz,5100402001.npz,1,train
7983,data\raw\daisee\test\510040\5100402002\5100402002.npz,5100402002.npz,0,test
7984,data\raw\daisee\test\510040\5100402004\5100402004.npz,5100402004.npz,0,test
7985,data\raw\daisee\test\510040\5100402005\5100402005.npz,5100402005.npz,0,test
7986,data\raw\daisee\test\510040\5100402007\5100402007.npz,5100402007.npz,0,train
7987,data\raw\daisee\test\510040\5100402008\5100402008.npz,5100402008.npz,1,train
7988,data\raw\daisee\test\510040\5100402009\5100402009.npz,5100402009.npz,0,train
7989,data\raw\daisee\test\510040\5100402011\5100402011.npz,5100402011.npz,1,val
7990,data\raw\daisee\test\510040\5100402012\5100402012.npz,5100402012.npz,0,val
7991,data\raw\daisee\test\510040\5100402015\5100402015.npz,5100402015.npz,0,val
7992,data\raw\daisee\test\510040\5100402016\5100402016.npz,5100402016.npz,0,test
7993,data\raw\daisee\test\510040\5100402017\5100402017.npz,5100402017.npz,0,train
7994,data\raw\daisee\test\510040\5100402019\5100402019.npz,5100402019.npz,0,val
7995,data\raw\daisee\test\510040\5100402020\5100402020.npz,5100402020.npz,1,test
7996,data\raw\daisee\test\510040\5100402023\5100402023.npz,5100402023.npz,0,train
7997,data\raw\daisee\test\510040\5100402024\5100402024.npz,5100402024.npz,1,train
7998,data\raw\daisee\test\510040\5100402028\5100402028.npz,5100402028.npz,0,val
7999,data\raw\daisee\test\510040\5100402029\5100402029.npz,5100402029.npz,1,val
8000,data\raw\daisee\test\510040\5100402031\5100402031.npz,5100402031.npz,1,train
8001,data\raw\daisee\test\510040\5100402032\5100402032.npz,5100402032.npz,0,train
8002,data\raw\daisee\test\510040\5100402033\5100402033.npz,5100402033.npz,1,train
8003,data\raw\daisee\test\510040\5100402034\5100402034.npz,5100402034.npz,0,train
8004,data\raw\daisee\test\510040\5100402035\5100402035.npz,5100402035.npz,1,val
8005,data\raw\daisee\test\510040\5100402036\5100402036.npz,5100402036.npz,0,test
8006,data\raw\daisee\test\510040\5100402037\5100402037.npz,5100402037.npz,1,train
8007,data\raw\daisee\test\510040\5100402038\5100402038.npz,5100402038.npz,0,train
8008,data\raw\daisee\test\510040\5100402039\5100402039.npz,5100402039.npz,0,train
8009,data\raw\daisee\test\510040\5100402040\5100402040.npz,5100402040.npz,1,train
8010,data\raw\daisee\test\510040\5100402046\5100402046.npz,5100402046.npz,1,train
8011,data\raw\daisee\test\510040\5100402047\5100402047.npz,5100402047.npz,0,train
8012,data\raw\daisee\test\510040\5100402048\5100402048.npz,5100402048.npz,1,train
8013,data\raw\daisee\test\510040\5100402049\5100402049.npz,5100402049.npz,0,train
8014,data\raw\daisee\test\510040\5100402050\5100402050.npz,5100402050.npz,0,train
8015,data\raw\daisee\test\510040\5100402051\5100402051.npz,5100402051.npz,1,train
8016,data\raw\daisee\test\510040\5100402052\5100402052.npz,5100402052.npz,1,val
8017,data\raw\daisee\test\510040\5100402053\5100402053.npz,5100402053.npz,0,val
8018,data\raw\daisee\test\510040\5100402054\5100402054.npz,5100402054.npz,1,val
8019,data\raw\daisee\test\510040\5100402055\5100402055.npz,5100402055.npz,0,train
8020,data\raw\daisee\test\510040\5100402057\5100402057.npz,5100402057.npz,0,val
8021,data\raw\daisee\test\510040\5100402058\5100402058.npz,5100402058.npz,1,val
8022,data\raw\daisee\test\510040\5100402059\5100402059.npz,5100402059.npz,0,train
8023,data\raw\daisee\test\510040\5100402062\5100402062.npz,5100402062.npz,1,val
8024,data\raw\daisee\test\510040\5100402063\5100402063.npz,5100402063.npz,1,train
8025,data\raw\daisee\test\510040\5100402065\5100402065.npz,5100402065.npz,1,test
8026,data\raw\daisee\test\510040\5100402066\5100402066.npz,5100402066.npz,1,train
8027,data\raw\daisee\test\510040\5100402067\5100402067.npz,5100402067.npz,0,train
8028,data\raw\daisee\test\510040\5100402068\5100402068.npz,5100402068.npz,1,val
8029,data\raw\daisee\test\510040\5100402069\5100402069.npz,5100402069.npz,1,train
8030,data\raw\daisee\test\510042\5100421001\5100421001.npz,5100421001.npz,0,train
8031,data\raw\daisee\test\510042\5100421002\5100421002.npz,5100421002.npz,0,train
8032,data\raw\daisee\test\510042\5100421003\5100421003.npz,5100421003.npz,0,train
8033,data\raw\daisee\test\510042\5100421005\5100421005.npz,5100421005.npz,0,train
8034,data\raw\daisee\test\510042\5100421007\5100421007.npz,5100421007.npz,1,train
8035,data\raw\daisee\test\510042\5100421009\5100421009.npz,5100421009.npz,1,train
8036,data\raw\daisee\test\510042\5100421011\5100421011.npz,5100421011.npz,0,train
8037,data\raw\daisee\test\510042\5100421012\5100421012.npz,5100421012.npz,0,train
8038,data\raw\daisee\test\510042\5100421013\5100421013.npz,5100421013.npz,0,val
8039,data\raw\daisee\test\510042\5100421015\5100421015.npz,5100421015.npz,0,train
8040,data\raw\daisee\test\510042\5100421016\5100421016.npz,5100421016.npz,0,train
8041,data\raw\daisee\test\510042\5100421017\5100421017.npz,5100421017.npz,0,test
8042,data\raw\daisee\test\510042\5100421018\5100421018.npz,5100421018.npz,0,train
8043,data\raw\daisee\test\510042\5100421019\5100421019.npz,5100421019.npz,0,train
8044,data\raw\daisee\test\510042\5100421020\5100421020.npz,5100421020.npz,0,train
8045,data\raw\daisee\test\510042\5100421021\5100421021.npz,5100421021.npz,0,val
8046,data\raw\daisee\test\510042\5100421024\5100421024.npz,5100421024.npz,1,val
8047,data\raw\daisee\test\510042\5100421025\5100421025.npz,5100421025.npz,0,val
8048,data\raw\daisee\test\510042\5100421026\5100421026.npz,5100421026.npz,0,val
8049,data\raw\daisee\test\510042\5100421027\5100421027.npz,5100421027.npz,1,train
8050,data\raw\daisee\test\510042\5100421029\5100421029.npz,5100421029.npz,0,test
8051,data\raw\daisee\test\510042\5100421032\5100421032.npz,5100421032.npz,0,train
8052,data\raw\daisee\test\510042\5100421033\5100421033.npz,5100421033.npz,1,val
8053,data\raw\daisee\test\510042\5100421034\5100421034.npz,5100421034.npz,0,train
8054,data\raw\daisee\test\510042\5100421038\5100421038.npz,5100421038.npz,1,test
8055,data\raw\daisee\test\510042\5100421039\5100421039.npz,5100421039.npz,0,train
8056,data\raw\daisee\test\510042\5100421040\5100421040.npz,5100421040.npz,1,train
8057,data\raw\daisee\test\510042\5100421041\5100421041.npz,5100421041.npz,1,train
8058,data\raw\daisee\test\510042\5100421043\5100421043.npz,5100421043.npz,0,train
8059,data\raw\daisee\test\510042\5100421045\5100421045.npz,5100421045.npz,0,val
8060,data\raw\daisee\test\510042\5100421047\5100421047.npz,5100421047.npz,0,train
8061,data\raw\daisee\test\510042\5100421048\5100421048.npz,5100421048.npz,0,val
8062,data\raw\daisee\test\510042\5100421049\5100421049.npz,5100421049.npz,0,train
8063,data\raw\daisee\test\510042\5100421050\5100421050.npz,5100421050.npz,1,train
8064,data\raw\daisee\test\510042\5100421051\5100421051.npz,5100421051.npz,1,train
8065,data\raw\daisee\test\510042\5100421052\5100421052.npz,5100421052.npz,0,train
8066,data\raw\daisee\test\510042\5100421053\5100421053.npz,5100421053.npz,0,train
8067,data\raw\daisee\test\510042\5100421054\5100421054.npz,5100421054.npz,0,train
8068,data\raw\daisee\test\510042\5100421056\5100421056.npz,5100421056.npz,0,val
8069,data\raw\daisee\test\510042\5100421057\5100421057.npz,5100421057.npz,0,train
8070,data\raw\daisee\test\510042\5100421058\5100421058.npz,5100421058.npz,1,train
8071,data\raw\daisee\test\510042\5100421059\5100421059.npz,5100421059.npz,0,val
8072,data\raw\daisee\test\510042\5100421060\5100421060.npz,5100421060.npz,0,train
8073,data\raw\daisee\test\510042\5100421061\5100421061.npz,5100421061.npz,0,train
8074,data\raw\daisee\test\510042\5100421062\5100421062.npz,5100421062.npz,0,train
8075,data\raw\daisee\test\510042\5100421063\5100421063.npz,5100421063.npz,1,train
8076,data\raw\daisee\test\510042\5100421064\5100421064.npz,5100421064.npz,0,train
8077,data\raw\daisee\test\510042\5100421065\5100421065.npz,5100421065.npz,1,train
8078,data\raw\daisee\test\510042\5100421067\5100421067.npz,5100421067.npz,0,train
8079,data\raw\daisee\test\510042\5100421068\5100421068.npz,5100421068.npz,0,test
8080,data\raw\daisee\test\510042\5100421069\5100421069.npz,5100421069.npz,0,train
8081,data\raw\daisee\test\510042\5100421070\5100421070.npz,5100421070.npz,0,test
8082,data\raw\daisee\test\510042\5100421071\5100421071.npz,5100421071.npz,0,test
8083,data\raw\daisee\test\510042\5100421072\5100421072.npz,5100421072.npz,0,train
8084,data\raw\daisee\test\510042\5100421073\5100421073.npz,5100421073.npz,0,test
8085,data\raw\daisee\test\510042\5100421074\5100421074.npz,5100421074.npz,1,train
8086,data\raw\daisee\test\510042\5100421076\5100421076.npz,5100421076.npz,0,train
8087,data\raw\daisee\test\510042\5100421078\5100421078.npz,5100421078.npz,0,train
8088,data\raw\daisee\test\510042\5100421079\5100421079.npz,5100421079.npz,0,val
8089,data\raw\daisee\test\510042\5100421080\5100421080.npz,5100421080.npz,0,train
8090,data\raw\daisee\test\510042\5100421081\5100421081.npz,5100421081.npz,0,train
8091,data\raw\daisee\test\510042\5100422002\5100422002.npz,5100422002.npz,1,train
8092,data\raw\daisee\test\510042\5100422003\5100422003.npz,5100422003.npz,1,train
8093,data\raw\daisee\test\510042\5100422004\5100422004.npz,5100422004.npz,0,val
8094,data\raw\daisee\test\510042\5100422005\5100422005.npz,5100422005.npz,1,val
8095,data\raw\daisee\test\510042\5100422006\5100422006.npz,5100422006.npz,0,val
8096,data\raw\daisee\test\510042\5100422007\5100422007.npz,5100422007.npz,0,train
8097,data\raw\daisee\test\510042\5100422008\5100422008.npz,5100422008.npz,0,train
8098,data\raw\daisee\test\510042\5100422009\5100422009.npz,5100422009.npz,0,train
8099,data\raw\daisee\test\510042\5100422011\5100422011.npz,5100422011.npz,1,test
8100,data\raw\daisee\test\510042\5100422012\5100422012.npz,5100422012.npz,1,val
8101,data\raw\daisee\test\510042\5100422013\5100422013.npz,5100422013.npz,0,test
8102,data\raw\daisee\test\510042\5100422014\5100422014.npz,5100422014.npz,1,val
8103,data\raw\daisee\test\510042\5100422016\5100422016.npz,5100422016.npz,0,train
8104,data\raw\daisee\test\510042\5100422017\5100422017.npz,5100422017.npz,1,train
8105,data\raw\daisee\test\510042\5100422018\5100422018.npz,5100422018.npz,0,test
8106,data\raw\daisee\test\510042\5100422019\5100422019.npz,5100422019.npz,0,train
8107,data\raw\daisee\test\510042\5100422022\5100422022.npz,5100422022.npz,1,test
8108,data\raw\daisee\test\510042\5100422023\5100422023.npz,5100422023.npz,0,train
8109,data\raw\daisee\test\510042\5100422024\5100422024.npz,5100422024.npz,0,test
8110,data\raw\daisee\test\510042\5100422025\5100422025.npz,5100422025.npz,0,train
8111,data\raw\daisee\test\510042\5100422026\5100422026.npz,5100422026.npz,0,test
8112,data\raw\daisee\test\510042\5100422027\5100422027.npz,5100422027.npz,0,test
8113,data\raw\daisee\test\510042\5100422028\5100422028.npz,5100422028.npz,1,train
8114,data\raw\daisee\test\510042\5100422029\5100422029.npz,5100422029.npz,1,test
8115,data\raw\daisee\test\510042\5100422030\5100422030.npz,5100422030.npz,0,train
8116,data\raw\daisee\test\510042\5100422033\5100422033.npz,5100422033.npz,0,train
8117,data\raw\daisee\test\510042\5100422034\5100422034.npz,5100422034.npz,0,train
8118,data\raw\daisee\test\510042\5100422035\5100422035.npz,5100422035.npz,0,test
8119,data\raw\daisee\test\510042\5100422036\5100422036.npz,5100422036.npz,0,train
8120,data\raw\daisee\test\510042\5100422037\5100422037.npz,5100422037.npz,0,test
8121,data\raw\daisee\test\510042\5100422038\5100422038.npz,5100422038.npz,0,train
8122,data\raw\daisee\test\510042\5100422039\5100422039.npz,5100422039.npz,0,train
8123,data\raw\daisee\test\510042\5100422041\5100422041.npz,5100422041.npz,0,train
8124,data\raw\daisee\test\510042\5100422042\5100422042.npz,5100422042.npz,0,val
8125,data\raw\daisee\test\510042\5100422044\5100422044.npz,5100422044.npz,0,train
8126,data\raw\daisee\test\510042\5100422045\5100422045.npz,5100422045.npz,0,val
8127,data\raw\daisee\test\510042\5100422046\5100422046.npz,5100422046.npz,0,train
8128,data\raw\daisee\test\510042\5100422047\5100422047.npz,5100422047.npz,0,train
8129,data\raw\daisee\test\510042\5100422049\5100422049.npz,5100422049.npz,0,train
8130,data\raw\daisee\test\510042\5100422050\5100422050.npz,5100422050.npz,0,train
8131,data\raw\daisee\test\510042\5100422051\5100422051.npz,5100422051.npz,0,train
8132,data\raw\daisee\test\510042\5100422052\5100422052.npz,5100422052.npz,1,val
8133,data\raw\daisee\test\510042\5100422055\5100422055.npz,5100422055.npz,0,test
8134,data\raw\daisee\test\510042\5100422056\5100422056.npz,5100422056.npz,0,train
8135,data\raw\daisee\test\510042\5100422057\5100422057.npz,5100422057.npz,0,train
8136,data\raw\daisee\test\510042\5100422058\5100422058.npz,5100422058.npz,0,train
8137,data\raw\daisee\test\510042\5100422059\5100422059.npz,5100422059.npz,0,train
8138,data\raw\daisee\test\510042\5100422060\5100422060.npz,5100422060.npz,0,train
8139,data\raw\daisee\test\510042\5100422061\5100422061.npz,5100422061.npz,0,val
8140,data\raw\daisee\test\510042\5100422062\5100422062.npz,5100422062.npz,0,train
8141,data\raw\daisee\test\510042\5100422063\5100422063.npz,5100422063.npz,0,test
8142,data\raw\daisee\test\510042\5100422065\5100422065.npz,5100422065.npz,0,train
8143,data\raw\daisee\test\510042\5100422066\5100422066.npz,5100422066.npz,1,train
8144,data\raw\daisee\test\510042\5100422067\5100422067.npz,5100422067.npz,0,val
8145,data\raw\daisee\test\510042\5100422068\5100422068.npz,5100422068.npz,0,train
8146,data\raw\daisee\test\510042\5100422069\5100422069.npz,5100422069.npz,0,train
8147,data\raw\daisee\test\510042\5100422071\5100422071.npz,5100422071.npz,1,train
8148,data\raw\daisee\test\510042\5100422072\5100422072.npz,5100422072.npz,0,test
8149,data\raw\daisee\test\510042\5100422073\5100422073.npz,5100422073.npz,0,val
8150,data\raw\daisee\test\510042\5100422074\5100422074.npz,5100422074.npz,0,train
8151,data\raw\daisee\test\510042\5100422075\5100422075.npz,5100422075.npz,0,train
8152,data\raw\daisee\test\510042\5100422077\5100422077.npz,5100422077.npz,0,val
8153,data\raw\daisee\test\510042\5100422078\5100422078.npz,5100422078.npz,0,train
8154,data\raw\daisee\test\510042\5100422079\5100422079.npz,5100422079.npz,1,train
8155,data\raw\daisee\test\510042\5100422080\5100422080.npz,5100422080.npz,0,train
8156,data\raw\daisee\test\510042\5100422081\5100422081.npz,5100422081.npz,0,train
8157,data\raw\daisee\test\510042\5100422084\5100422084.npz,5100422084.npz,1,train
8158,data\raw\daisee\test\510042\5100422085\5100422085.npz,5100422085.npz,1,val
8159,data\raw\daisee\test\510045\5100451001\5100451001.npz,5100451001.npz,0,test
8160,data\raw\daisee\test\510045\5100451003\5100451003.npz,5100451003.npz,0,train
8161,data\raw\daisee\test\510045\5100451004\5100451004.npz,5100451004.npz,0,train
8162,data\raw\daisee\test\510045\5100451006\5100451006.npz,5100451006.npz,0,test
8163,data\raw\daisee\test\510045\5100451007\5100451007.npz,5100451007.npz,0,train
8164,data\raw\daisee\test\510045\5100451012\5100451012.npz,5100451012.npz,0,train
8165,data\raw\daisee\test\510045\5100451013\5100451013.npz,5100451013.npz,0,test
8166,data\raw\daisee\test\510045\5100451015\5100451015.npz,5100451015.npz,0,train
8167,data\raw\daisee\test\510045\5100451016\5100451016.npz,5100451016.npz,0,train
8168,data\raw\daisee\test\510045\5100451017\5100451017.npz,5100451017.npz,0,train
8169,data\raw\daisee\test\510045\5100451018\5100451018.npz,5100451018.npz,0,train
8170,data\raw\daisee\test\510045\5100451019\5100451019.npz,5100451019.npz,0,val
8171,data\raw\daisee\test\510045\5100451020\5100451020.npz,5100451020.npz,0,val
8172,data\raw\daisee\test\510045\5100451024\5100451024.npz,5100451024.npz,0,test
8173,data\raw\daisee\test\510045\5100451026\5100451026.npz,5100451026.npz,0,val
8174,data\raw\daisee\test\510045\5100451027\5100451027.npz,5100451027.npz,0,train
8175,data\raw\daisee\test\510045\5100451033\5100451033.npz,5100451033.npz,0,val
8176,data\raw\daisee\test\510045\5100451034\5100451034.npz,5100451034.npz,0,train
8177,data\raw\daisee\test\510045\5100451035\5100451035.npz,5100451035.npz,0,test
8178,data\raw\daisee\test\510045\5100451036\5100451036.npz,5100451036.npz,0,train
8179,data\raw\daisee\test\510045\5100451038\5100451038.npz,5100451038.npz,0,train
8180,data\raw\daisee\test\510045\5100451041\5100451041.npz,5100451041.npz,0,train
8181,data\raw\daisee\test\510045\5100451043\5100451043.npz,5100451043.npz,0,test
8182,data\raw\daisee\test\510045\5100451044\5100451044.npz,5100451044.npz,0,val
8183,data\raw\daisee\test\510045\5100451045\5100451045.npz,5100451045.npz,0,train
8184,data\raw\daisee\test\510045\5100451049\5100451049.npz,5100451049.npz,0,train
8185,data\raw\daisee\test\510045\5100451050\5100451050.npz,5100451050.npz,0,train
8186,data\raw\daisee\test\510045\5100451051\5100451051.npz,5100451051.npz,0,train
8187,data\raw\daisee\test\510045\5100451052\5100451052.npz,5100451052.npz,0,test
8188,data\raw\daisee\test\510045\5100451055\5100451055.npz,5100451055.npz,0,test
8189,data\raw\daisee\test\510045\5100451056\5100451056.npz,5100451056.npz,0,val
8190,data\raw\daisee\test\510045\5100451059\5100451059.npz,5100451059.npz,0,test
8191,data\raw\daisee\test\510045\5100451060\5100451060.npz,5100451060.npz,0,train
8192,data\raw\daisee\test\510045\5100451061\5100451061.npz,5100451061.npz,0,test
8193,data\raw\daisee\test\510045\5100451064\5100451064.npz,5100451064.npz,0,train
8194,data\raw\daisee\test\510045\5100451065\5100451065.npz,5100451065.npz,0,train
8195,data\raw\daisee\test\510045\5100451066\5100451066.npz,5100451066.npz,0,train
8196,data\raw\daisee\test\510045\5100451067\5100451067.npz,5100451067.npz,0,train
8197,data\raw\daisee\test\510045\5100451070\5100451070.npz,5100451070.npz,0,train
8198,data\raw\daisee\test\510045\5100451071\5100451071.npz,5100451071.npz,0,train
8199,data\raw\daisee\test\510045\5100452002\5100452002.npz,5100452002.npz,0,train
8200,data\raw\daisee\test\510045\5100452004\5100452004.npz,5100452004.npz,0,train
8201,data\raw\daisee\test\510045\5100452005\5100452005.npz,5100452005.npz,0,train
8202,data\raw\daisee\test\510045\5100452006\5100452006.npz,5100452006.npz,0,train
8203,data\raw\daisee\test\510045\5100452007\5100452007.npz,5100452007.npz,0,train
8204,data\raw\daisee\test\510045\5100452008\5100452008.npz,5100452008.npz,0,train
8205,data\raw\daisee\test\510045\5100452009\5100452009.npz,5100452009.npz,0,val
8206,data\raw\daisee\test\510045\5100452010\5100452010.npz,5100452010.npz,0,train
8207,data\raw\daisee\test\510045\5100452011\5100452011.npz,5100452011.npz,0,train
8208,data\raw\daisee\test\510045\5100452012\5100452012.npz,5100452012.npz,0,val
8209,data\raw\daisee\test\510045\5100452013\5100452013.npz,5100452013.npz,0,train
8210,data\raw\daisee\test\510045\5100452014\5100452014.npz,5100452014.npz,0,val
8211,data\raw\daisee\test\510045\5100452016\5100452016.npz,5100452016.npz,1,test
8212,data\raw\daisee\test\510045\5100452017\5100452017.npz,5100452017.npz,0,val
8213,data\raw\daisee\test\510045\5100452018\5100452018.npz,5100452018.npz,1,train
8214,data\raw\daisee\test\510045\5100452021\5100452021.npz,5100452021.npz,0,train
8215,data\raw\daisee\test\510045\5100452023\5100452023.npz,5100452023.npz,1,train
8216,data\raw\daisee\test\510045\5100452025\5100452025.npz,5100452025.npz,0,test
8217,data\raw\daisee\test\510045\5100452027\5100452027.npz,5100452027.npz,0,val
8218,data\raw\daisee\test\510045\5100452028\5100452028.npz,5100452028.npz,0,train
8219,data\raw\daisee\test\510045\5100452030\5100452030.npz,5100452030.npz,0,val
8220,data\raw\daisee\test\510045\5100452031\5100452031.npz,5100452031.npz,0,train
8221,data\raw\daisee\test\510045\5100452032\5100452032.npz,5100452032.npz,0,train
8222,data\raw\daisee\test\510045\5100452033\5100452033.npz,5100452033.npz,0,train
8223,data\raw\daisee\test\510045\5100452034\5100452034.npz,5100452034.npz,0,test
8224,data\raw\daisee\test\510045\5100452035\5100452035.npz,5100452035.npz,0,test
8225,data\raw\daisee\test\510045\5100452036\5100452036.npz,5100452036.npz,0,train
8226,data\raw\daisee\test\510045\5100452037\5100452037.npz,5100452037.npz,0,train
8227,data\raw\daisee\test\510045\5100452038\5100452038.npz,5100452038.npz,0,val
8228,data\raw\daisee\test\510045\5100452039\5100452039.npz,5100452039.npz,0,train
8229,data\raw\daisee\test\510045\5100452040\5100452040.npz,5100452040.npz,0,train
8230,data\raw\daisee\test\510045\5100452047\5100452047.npz,5100452047.npz,0,train
8231,data\raw\daisee\test\510045\5100452049\5100452049.npz,5100452049.npz,0,train
8232,data\raw\daisee\test\510045\5100452050\5100452050.npz,5100452050.npz,0,train
8233,data\raw\daisee\test\510045\5100452053\5100452053.npz,5100452053.npz,0,val
8234,data\raw\daisee\test\510045\5100452054\5100452054.npz,5100452054.npz,0,test
8235,data\raw\daisee\test\510045\5100452055\5100452055.npz,5100452055.npz,0,train
8236,data\raw\daisee\test\510045\5100452059\5100452059.npz,5100452059.npz,0,val
8237,data\raw\daisee\test\510045\5100452060\5100452060.npz,5100452060.npz,0,train
8238,data\raw\daisee\test\510045\5100452061\5100452061.npz,5100452061.npz,0,train
8239,data\raw\daisee\test\510045\5100452065\5100452065.npz,5100452065.npz,0,test
8240,data\raw\daisee\test\510045\5100452066\5100452066.npz,5100452066.npz,0,train
8241,data\raw\daisee\test\510045\5100452067\5100452067.npz,5100452067.npz,0,test
8242,data\raw\daisee\test\510045\5100452076\5100452076.npz,5100452076.npz,0,train
8243,data\raw\daisee\test\510045\5100452078\5100452078.npz,5100452078.npz,0,train
8244,data\raw\daisee\test\510045\5100452079\5100452079.npz,5100452079.npz,0,train
8245,data\raw\daisee\test\510045\5100452080\5100452080.npz,5100452080.npz,0,train
8246,data\raw\daisee\test\510045\5100452081\5100452081.npz,5100452081.npz,0,train
8247,data\raw\daisee\test\510046\5100461004\5100461004.npz,5100461004.npz,0,train
8248,data\raw\daisee\test\510046\5100461005\5100461005.npz,5100461005.npz,0,train
8249,data\raw\daisee\test\510046\5100461006\5100461006.npz,5100461006.npz,0,train
8250,data\raw\daisee\test\510046\5100461007\5100461007.npz,5100461007.npz,1,train
8251,data\raw\daisee\test\510046\5100461008\5100461008.npz,5100461008.npz,1,val
8252,data\raw\daisee\test\510046\5100461009\5100461009.npz,5100461009.npz,1,test
8253,data\raw\daisee\test\510046\5100461010\5100461010.npz,5100461010.npz,0,train
8254,data\raw\daisee\test\510046\5100461011\5100461011.npz,5100461011.npz,0,train
8255,data\raw\daisee\test\510046\5100461014\5100461014.npz,5100461014.npz,0,val
8256,data\raw\daisee\test\510046\5100461015\5100461015.npz,5100461015.npz,0,train
8257,data\raw\daisee\test\510046\5100461016\5100461016.npz,5100461016.npz,0,train
8258,data\raw\daisee\test\510046\5100461017\5100461017.npz,5100461017.npz,0,val
8259,data\raw\daisee\test\510046\5100461018\5100461018.npz,5100461018.npz,0,train
8260,data\raw\daisee\test\510046\5100461020\5100461020.npz,5100461020.npz,0,train
8261,data\raw\daisee\test\510046\5100461021\5100461021.npz,5100461021.npz,0,train
8262,data\raw\daisee\test\510046\5100461022\5100461022.npz,5100461022.npz,0,val
8263,data\raw\daisee\test\510046\5100461023\5100461023.npz,5100461023.npz,1,test
8264,data\raw\daisee\test\510046\5100461025\5100461025.npz,5100461025.npz,0,train
8265,data\raw\daisee\test\510046\5100461029\5100461029.npz,5100461029.npz,0,train
8266,data\raw\daisee\test\510046\5100461030\5100461030.npz,5100461030.npz,0,train
8267,data\raw\daisee\test\510046\5100461031\5100461031.npz,5100461031.npz,0,test
8268,data\raw\daisee\test\510046\5100461032\5100461032.npz,5100461032.npz,1,val
8269,data\raw\daisee\test\510046\5100461033\5100461033.npz,5100461033.npz,0,train
8270,data\raw\daisee\test\510046\5100461034\5100461034.npz,5100461034.npz,0,train
8271,data\raw\daisee\test\510046\5100461035\5100461035.npz,5100461035.npz,1,test
8272,data\raw\daisee\test\510046\5100461036\5100461036.npz,5100461036.npz,0,test
8273,data\raw\daisee\test\510046\5100461037\5100461037.npz,5100461037.npz,0,train
8274,data\raw\daisee\test\510046\5100461038\5100461038.npz,5100461038.npz,0,test
8275,data\raw\daisee\test\510046\5100461039\5100461039.npz,5100461039.npz,0,test
8276,data\raw\daisee\test\510046\5100461040\5100461040.npz,5100461040.npz,0,train
8277,data\raw\daisee\test\510046\5100461042\5100461042.npz,5100461042.npz,1,train
8278,data\raw\daisee\test\510046\5100461043\5100461043.npz,5100461043.npz,0,train
8279,data\raw\daisee\test\510046\5100461044\5100461044.npz,5100461044.npz,0,train
8280,data\raw\daisee\test\510046\5100461046\5100461046.npz,5100461046.npz,0,val
8281,data\raw\daisee\test\510046\5100461047\5100461047.npz,5100461047.npz,0,test
8282,data\raw\daisee\test\510046\5100461048\5100461048.npz,5100461048.npz,0,test
8283,data\raw\daisee\test\510046\5100461049\5100461049.npz,5100461049.npz,1,test
8284,data\raw\daisee\test\510046\5100461050\5100461050.npz,5100461050.npz,0,train
8285,data\raw\daisee\test\510046\5100461051\5100461051.npz,5100461051.npz,0,train
8286,data\raw\daisee\test\510046\5100461052\5100461052.npz,5100461052.npz,1,train
8287,data\raw\daisee\test\510046\5100461053\5100461053.npz,5100461053.npz,0,train
8288,data\raw\daisee\test\510046\5100461054\5100461054.npz,5100461054.npz,0,train
8289,data\raw\daisee\test\510046\5100461055\5100461055.npz,5100461055.npz,0,test
8290,data\raw\daisee\test\510046\5100461056\5100461056.npz,5100461056.npz,0,val
8291,data\raw\daisee\test\510046\5100461057\5100461057.npz,5100461057.npz,0,train
8292,data\raw\daisee\test\510046\5100461058\5100461058.npz,5100461058.npz,0,train
8293,data\raw\daisee\test\510046\5100461061\5100461061.npz,5100461061.npz,0,train
8294,data\raw\daisee\test\510046\5100461062\5100461062.npz,5100461062.npz,0,train
8295,data\raw\daisee\test\510046\5100461063\5100461063.npz,5100461063.npz,0,train
8296,data\raw\daisee\test\510046\5100461064\5100461064.npz,5100461064.npz,1,test
8297,data\raw\daisee\test\510046\5100461065\5100461065.npz,5100461065.npz,0,test
8298,data\raw\daisee\test\510046\5100461066\5100461066.npz,5100461066.npz,0,train
8299,data\raw\daisee\test\510046\5100461067\5100461067.npz,5100461067.npz,0,train
8300,data\raw\daisee\test\510046\5100461068\5100461068.npz,5100461068.npz,0,test
8301,data\raw\daisee\test\510046\5100461069\5100461069.npz,5100461069.npz,0,train
8302,data\raw\daisee\test\510046\5100462001\5100462001.npz,5100462001.npz,0,train
8303,data\raw\daisee\test\510046\5100462002\5100462002.npz,5100462002.npz,0,test
8304,data\raw\daisee\test\510046\5100462005\5100462005.npz,5100462005.npz,0,train
8305,data\raw\daisee\test\510046\5100462009\5100462009.npz,5100462009.npz,0,test
8306,data\raw\daisee\test\510046\5100462010\5100462010.npz,5100462010.npz,0,train
8307,data\raw\daisee\test\510046\5100462011\5100462011.npz,5100462011.npz,0,train
8308,data\raw\daisee\test\510046\5100462012\5100462012.npz,5100462012.npz,0,train
8309,data\raw\daisee\test\510046\5100462014\5100462014.npz,5100462014.npz,0,test
8310,data\raw\daisee\test\510046\5100462015\5100462015.npz,5100462015.npz,0,train
8311,data\raw\daisee\test\510046\5100462016\5100462016.npz,5100462016.npz,0,test
8312,data\raw\daisee\test\510046\5100462017\5100462017.npz,5100462017.npz,1,train
8313,data\raw\daisee\test\510046\5100462018\5100462018.npz,5100462018.npz,0,val
8314,data\raw\daisee\test\510046\5100462019\5100462019.npz,5100462019.npz,0,train
8315,data\raw\daisee\test\510046\5100462021\5100462021.npz,5100462021.npz,0,val
8316,data\raw\daisee\test\510046\5100462022\5100462022.npz,5100462022.npz,0,train
8317,data\raw\daisee\test\510046\5100462023\5100462023.npz,5100462023.npz,0,train
8318,data\raw\daisee\test\510046\5100462024\5100462024.npz,5100462024.npz,0,train
8319,data\raw\daisee\test\510046\5100462025\5100462025.npz,5100462025.npz,1,val
8320,data\raw\daisee\test\510046\5100462026\5100462026.npz,5100462026.npz,0,train
8321,data\raw\daisee\test\510046\5100462027\5100462027.npz,5100462027.npz,0,val
8322,data\raw\daisee\test\510046\5100462028\5100462028.npz,5100462028.npz,0,test
8323,data\raw\daisee\test\510046\5100462029\5100462029.npz,5100462029.npz,0,train
8324,data\raw\daisee\test\510046\5100462031\5100462031.npz,5100462031.npz,0,train
8325,data\raw\daisee\test\510046\5100462032\5100462032.npz,5100462032.npz,1,train
8326,data\raw\daisee\test\510046\5100462033\5100462033.npz,5100462033.npz,1,train
8327,data\raw\daisee\test\510046\5100462035\5100462035.npz,5100462035.npz,1,test
8328,data\raw\daisee\test\510046\5100462037\5100462037.npz,5100462037.npz,0,train
8329,data\raw\daisee\test\510046\5100462038\5100462038.npz,5100462038.npz,0,val
8330,data\raw\daisee\test\510046\5100462039\5100462039.npz,5100462039.npz,0,test
8331,data\raw\daisee\test\510046\5100462040\5100462040.npz,5100462040.npz,0,val
8332,data\raw\daisee\test\510046\5100462041\5100462041.npz,5100462041.npz,0,val
8333,data\raw\daisee\test\510046\5100462042\5100462042.npz,5100462042.npz,0,train
8334,data\raw\daisee\test\510046\5100462043\5100462043.npz,5100462043.npz,0,train
8335,data\raw\daisee\test\510046\5100462044\5100462044.npz,5100462044.npz,0,train
8336,data\raw\daisee\test\510046\5100462045\5100462045.npz,5100462045.npz,0,train
8337,data\raw\daisee\test\510046\5100462046\5100462046.npz,5100462046.npz,0,train
8338,data\raw\daisee\test\510046\5100462047\5100462047.npz,5100462047.npz,1,train
8339,data\raw\daisee\test\510046\5100462048\5100462048.npz,5100462048.npz,0,train
8340,data\raw\daisee\test\510046\5100462050\5100462050.npz,5100462050.npz,0,train
8341,data\raw\daisee\test\510046\5100462051\5100462051.npz,5100462051.npz,1,train
8342,data\raw\daisee\test\510046\5100462052\5100462052.npz,5100462052.npz,1,test
8343,data\raw\daisee\test\510046\5100462053\5100462053.npz,5100462053.npz,0,test
8344,data\raw\daisee\test\510046\5100462054\5100462054.npz,5100462054.npz,0,train
8345,data\raw\daisee\test\510046\5100462055\5100462055.npz,5100462055.npz,0,train
8346,data\raw\daisee\test\510046\5100462057\5100462057.npz,5100462057.npz,0,test
8347,data\raw\daisee\test\510046\5100462058\5100462058.npz,5100462058.npz,0,train
8348,data\raw\daisee\test\510046\5100462059\5100462059.npz,5100462059.npz,1,test
8349,data\raw\daisee\test\510046\5100462061\5100462061.npz,5100462061.npz,0,train
8350,data\raw\daisee\test\510046\5100462062\5100462062.npz,5100462062.npz,0,train
8351,data\raw\daisee\test\510046\5100462063\5100462063.npz,5100462063.npz,0,train
8352,data\raw\daisee\test\510046\5100462064\5100462064.npz,5100462064.npz,0,train
8353,data\raw\daisee\test\510046\5100462066\5100462066.npz,5100462066.npz,0,test
8354,data\raw\daisee\test\510046\5100462067\5100462067.npz,5100462067.npz,0,train
8355,data\raw\daisee\test\510046\5100462068\5100462068.npz,5100462068.npz,0,test
8356,data\raw\daisee\test\510046\5100462069\5100462069.npz,5100462069.npz,0,train
8357,data\raw\daisee\test\510046\5100462070\5100462070.npz,5100462070.npz,0,test
8358,data\raw\daisee\test\510046\5100462071\5100462071.npz,5100462071.npz,0,val
8359,data\raw\daisee\test\510046\5100462072\5100462072.npz,5100462072.npz,0,val
8360,data\raw\daisee\test\510046\5100462074\5100462074.npz,5100462074.npz,0,train
8361,data\raw\daisee\test\510046\5100462075\5100462075.npz,5100462075.npz,0,train
8362,data\raw\daisee\test\510046\5100462077\5100462077.npz,5100462077.npz,0,val
8363,data\raw\daisee\test\510046\5100462078\5100462078.npz,5100462078.npz,0,train
8364,data\raw\daisee\test\510046\5100462079\5100462079.npz,5100462079.npz,0,train
8365,data\raw\daisee\test\510046\5100462080\5100462080.npz,5100462080.npz,0,train
8366,data\raw\daisee\test\510046\5100462081\5100462081.npz,5100462081.npz,0,train
8367,data\raw\daisee\test\510046\5100462082\5100462082.npz,5100462082.npz,0,train
8368,data\raw\daisee\test\510047\5100471001\5100471001.npz,5100471001.npz,1,train
8369,data\raw\daisee\test\510047\5100471002\5100471002.npz,5100471002.npz,0,val
8370,data\raw\daisee\test\510047\5100471003\5100471003.npz,5100471003.npz,0,train
8371,data\raw\daisee\test\510047\5100471011\5100471011.npz,5100471011.npz,0,val
8372,data\raw\daisee\test\510047\5100471012\5100471012.npz,5100471012.npz,0,train
8373,data\raw\daisee\test\510047\5100471013\5100471013.npz,5100471013.npz,1,train
8374,data\raw\daisee\test\510047\5100471015\5100471015.npz,5100471015.npz,1,train
8375,data\raw\daisee\test\510047\5100471016\5100471016.npz,5100471016.npz,0,test
8376,data\raw\daisee\test\510047\5100471018\5100471018.npz,5100471018.npz,0,train
8377,data\raw\daisee\test\510047\5100471019\5100471019.npz,5100471019.npz,0,train
8378,data\raw\daisee\test\510047\5100471020\5100471020.npz,5100471020.npz,1,train
8379,data\raw\daisee\test\510047\5100471021\5100471021.npz,5100471021.npz,0,train
8380,data\raw\daisee\test\510047\5100471023\5100471023.npz,5100471023.npz,0,val
8381,data\raw\daisee\test\510047\5100471026\5100471026.npz,5100471026.npz,0,val
8382,data\raw\daisee\test\510047\5100471027\5100471027.npz,5100471027.npz,0,test
8383,data\raw\daisee\test\510047\5100471028\5100471028.npz,5100471028.npz,0,train
8384,data\raw\daisee\test\510047\5100471029\5100471029.npz,5100471029.npz,1,train
8385,data\raw\daisee\test\510047\5100471030\5100471030.npz,5100471030.npz,1,val
8386,data\raw\daisee\test\510047\5100471031\5100471031.npz,5100471031.npz,1,val
8387,data\raw\daisee\test\510047\5100471034\5100471034.npz,5100471034.npz,0,train
8388,data\raw\daisee\test\510047\5100471037\5100471037.npz,5100471037.npz,0,train
8389,data\raw\daisee\test\510047\5100471038\5100471038.npz,5100471038.npz,0,train
8390,data\raw\daisee\test\510047\5100471039\5100471039.npz,5100471039.npz,0,train
8391,data\raw\daisee\test\510047\5100471041\5100471041.npz,5100471041.npz,0,train
8392,data\raw\daisee\test\510047\5100471042\5100471042.npz,5100471042.npz,0,test
8393,data\raw\daisee\test\510047\5100471044\5100471044.npz,5100471044.npz,0,train
8394,data\raw\daisee\test\510047\5100471045\5100471045.npz,5100471045.npz,0,train
8395,data\raw\daisee\test\510047\5100471047\5100471047.npz,5100471047.npz,0,train
8396,data\raw\daisee\test\510047\5100471049\5100471049.npz,5100471049.npz,0,train
8397,data\raw\daisee\test\510047\5100471050\5100471050.npz,5100471050.npz,0,train
8398,data\raw\daisee\test\510047\5100471051\5100471051.npz,5100471051.npz,1,val
8399,data\raw\daisee\test\510047\5100471052\5100471052.npz,5100471052.npz,1,train
8400,data\raw\daisee\test\510047\5100471054\5100471054.npz,5100471054.npz,0,train
8401,data\raw\daisee\test\510047\5100471056\5100471056.npz,5100471056.npz,1,train
8402,data\raw\daisee\test\510047\5100471057\5100471057.npz,5100471057.npz,0,train
8403,data\raw\daisee\test\510047\5100471058\5100471058.npz,5100471058.npz,0,train
8404,data\raw\daisee\test\510047\5100471059\5100471059.npz,5100471059.npz,0,test
8405,data\raw\daisee\test\510047\5100471060\5100471060.npz,5100471060.npz,1,train
8406,data\raw\daisee\test\510047\5100471062\5100471062.npz,5100471062.npz,0,train
8407,data\raw\daisee\test\510047\5100471063\5100471063.npz,5100471063.npz,0,train
8408,data\raw\daisee\test\510047\5100471065\5100471065.npz,5100471065.npz,1,train
8409,data\raw\daisee\test\510047\5100471068\5100471068.npz,5100471068.npz,1,test
8410,data\raw\daisee\test\510047\5100471069\5100471069.npz,5100471069.npz,0,val
8411,data\raw\daisee\test\510047\5100471070\5100471070.npz,5100471070.npz,0,train
8412,data\raw\daisee\test\510047\5100471072\5100471072.npz,5100471072.npz,0,train
8413,data\raw\daisee\test\510047\5100471074\5100471074.npz,5100471074.npz,1,train
8414,data\raw\daisee\test\510047\5100471075\5100471075.npz,5100471075.npz,0,train
8415,data\raw\daisee\test\510047\5100471080\5100471080.npz,5100471080.npz,0,train
8416,data\raw\daisee\test\510047\5100471081\5100471081.npz,5100471081.npz,0,train
8417,data\raw\daisee\test\510047\5100472001\5100472001.npz,5100472001.npz,1,train
8418,data\raw\daisee\test\510047\5100472002\5100472002.npz,5100472002.npz,0,val
8419,data\raw\daisee\test\510047\5100472003\5100472003.npz,5100472003.npz,0,val
8420,data\raw\daisee\test\510047\5100472004\5100472004.npz,5100472004.npz,0,train
8421,data\raw\daisee\test\510047\5100472005\5100472005.npz,5100472005.npz,0,train
8422,data\raw\daisee\test\510047\5100472007\5100472007.npz,5100472007.npz,0,train
8423,data\raw\daisee\test\510047\5100472009\5100472009.npz,5100472009.npz,0,train
8424,data\raw\daisee\test\510047\5100472010\5100472010.npz,5100472010.npz,0,train
8425,data\raw\daisee\test\510047\5100472011\5100472011.npz,5100472011.npz,0,val
8426,data\raw\daisee\test\510047\5100472012\5100472012.npz,5100472012.npz,0,train
8427,data\raw\daisee\test\510047\5100472014\5100472014.npz,5100472014.npz,0,val
8428,data\raw\daisee\test\510047\5100472019\5100472019.npz,5100472019.npz,0,train
8429,data\raw\daisee\test\510047\5100472020\5100472020.npz,5100472020.npz,0,train
8430,data\raw\daisee\test\510047\5100472021\5100472021.npz,5100472021.npz,0,train
8431,data\raw\daisee\test\510047\5100472027\5100472027.npz,5100472027.npz,0,train
8432,data\raw\daisee\test\510047\5100472030\5100472030.npz,5100472030.npz,0,train
8433,data\raw\daisee\test\510047\5100472031\5100472031.npz,5100472031.npz,0,train
8434,data\raw\daisee\test\510047\5100472032\5100472032.npz,5100472032.npz,0,train
8435,data\raw\daisee\test\510047\5100472035\5100472035.npz,5100472035.npz,0,train
8436,data\raw\daisee\test\510047\5100472039\5100472039.npz,5100472039.npz,0,train
8437,data\raw\daisee\test\510047\5100472040\5100472040.npz,5100472040.npz,0,train
8438,data\raw\daisee\test\510047\5100472041\5100472041.npz,5100472041.npz,0,train
8439,data\raw\daisee\test\510047\5100472042\5100472042.npz,5100472042.npz,0,train
8440,data\raw\daisee\test\510047\5100472044\5100472044.npz,5100472044.npz,1,val
8441,data\raw\daisee\test\510047\5100472045\5100472045.npz,5100472045.npz,0,train
8442,data\raw\daisee\test\510047\5100472047\5100472047.npz,5100472047.npz,1,test
8443,data\raw\daisee\test\510047\5100472050\5100472050.npz,5100472050.npz,1,train
8444,data\raw\daisee\test\510047\5100472052\5100472052.npz,5100472052.npz,0,train
8445,data\raw\daisee\test\510047\5100472053\5100472053.npz,5100472053.npz,0,train
8446,data\raw\daisee\test\510047\5100472054\5100472054.npz,5100472054.npz,0,train
8447,data\raw\daisee\test\510047\5100472060\5100472060.npz,5100472060.npz,0,train
8448,data\raw\daisee\test\510047\5100472063\5100472063.npz,5100472063.npz,1,train
8449,data\raw\daisee\test\510047\5100472064\5100472064.npz,5100472064.npz,0,train
8450,data\raw\daisee\test\826412\826412010\826412010.npz,826412010.npz,0,train
8451,data\raw\daisee\test\826412\8264120110\8264120110.npz,8264120110.npz,0,train
8452,data\raw\daisee\test\826412\8264120111\8264120111.npz,8264120111.npz,0,train
8453,data\raw\daisee\test\826412\8264120112\8264120112.npz,8264120112.npz,0,train
8454,data\raw\daisee\test\826412\8264120113\8264120113.npz,8264120113.npz,0,train
8455,data\raw\daisee\test\826412\8264120116\8264120116.npz,8264120116.npz,1,train
8456,data\raw\daisee\test\826412\8264120117\8264120117.npz,8264120117.npz,0,train
8457,data\raw\daisee\test\826412\8264120119\8264120119.npz,8264120119.npz,0,train
8458,data\raw\daisee\test\826412\8264120120\8264120120.npz,8264120120.npz,1,train
8459,data\raw\daisee\test\826412\8264120121\8264120121.npz,8264120121.npz,1,train
8460,data\raw\daisee\test\826412\8264120122\8264120122.npz,8264120122.npz,0,val
8461,data\raw\daisee\test\826412\8264120123\8264120123.npz,8264120123.npz,1,train
8462,data\raw\daisee\test\826412\8264120124\8264120124.npz,8264120124.npz,0,train
8463,data\raw\daisee\test\826412\8264120125\8264120125.npz,8264120125.npz,0,train
8464,data\raw\daisee\test\826412\8264120126\8264120126.npz,8264120126.npz,1,train
8465,data\raw\daisee\test\826412\8264120127\8264120127.npz,8264120127.npz,1,test
8466,data\raw\daisee\test\826412\826412013\826412013.npz,826412013.npz,1,train
8467,data\raw\daisee\test\826412\8264120131\8264120131.npz,8264120131.npz,0,train
8468,data\raw\daisee\test\826412\8264120132\8264120132.npz,8264120132.npz,1,val
8469,data\raw\daisee\test\826412\8264120136\8264120136.npz,8264120136.npz,0,train
8470,data\raw\daisee\test\826412\8264120139\8264120139.npz,8264120139.npz,0,train
8471,data\raw\daisee\test\826412\8264120141\8264120141.npz,8264120141.npz,1,train
8472,data\raw\daisee\test\826412\8264120144\8264120144.npz,8264120144.npz,0,train
8473,data\raw\daisee\test\826412\8264120145\8264120145.npz,8264120145.npz,0,val
8474,data\raw\daisee\test\826412\8264120146\8264120146.npz,8264120146.npz,0,train
8475,data\raw\daisee\test\826412\8264120149\8264120149.npz,8264120149.npz,1,train
8476,data\raw\daisee\test\826412\8264120150\8264120150.npz,8264120150.npz,1,train
8477,data\raw\daisee\test\826412\8264120156\8264120156.npz,8264120156.npz,1,train
8478,data\raw\daisee\test\826412\8264120157\8264120157.npz,8264120157.npz,0,train
8479,data\raw\daisee\test\826412\8264120159\8264120159.npz,8264120159.npz,0,val
8480,data\raw\daisee\test\826412\8264120165\8264120165.npz,8264120165.npz,1,train
8481,data\raw\daisee\test\826412\8264120166\8264120166.npz,8264120166.npz,0,train
8482,data\raw\daisee\test\826412\8264120169\8264120169.npz,8264120169.npz,1,train
8483,data\raw\daisee\test\826412\826412017\826412017.npz,826412017.npz,0,train
8484,data\raw\daisee\test\826412\826412018\826412018.npz,826412018.npz,0,train
8485,data\raw\daisee\test\826412\826412019\826412019.npz,826412019.npz,0,train
8486,data\raw\daisee\test\826412\8264120210\8264120210.npz,8264120210.npz,0,train
8487,data\raw\daisee\test\826412\8264120211\8264120211.npz,8264120211.npz,1,train
8488,data\raw\daisee\test\826412\8264120213\8264120213.npz,8264120213.npz,0,train
8489,data\raw\daisee\test\826412\8264120215\8264120215.npz,8264120215.npz,0,val
8490,data\raw\daisee\test\826412\8264120216\8264120216.npz,8264120216.npz,1,train
8491,data\raw\daisee\test\826412\8264120218\8264120218.npz,8264120218.npz,0,train
8492,data\raw\daisee\test\826412\8264120219\8264120219.npz,8264120219.npz,1,train
8493,data\raw\daisee\test\826412\8264120220\8264120220.npz,8264120220.npz,0,train
8494,data\raw\daisee\test\826412\8264120221\8264120221.npz,8264120221.npz,1,train
8495,data\raw\daisee\test\826412\8264120223\8264120223.npz,8264120223.npz,0,train
8496,data\raw\daisee\test\826412\8264120224\8264120224.npz,8264120224.npz,0,val
8497,data\raw\daisee\test\826412\8264120227\8264120227.npz,8264120227.npz,0,test
8498,data\raw\daisee\test\826412\8264120228\8264120228.npz,8264120228.npz,1,train
8499,data\raw\daisee\test\826412\8264120229\8264120229.npz,8264120229.npz,0,train
8500,data\raw\daisee\test\826412\826412023\826412023.npz,826412023.npz,0,test
8501,data\raw\daisee\test\826412\8264120231\8264120231.npz,8264120231.npz,1,test
8502,data\raw\daisee\test\826412\8264120232\8264120232.npz,8264120232.npz,0,train
8503,data\raw\daisee\test\826412\8264120233\8264120233.npz,8264120233.npz,0,val
8504,data\raw\daisee\test\826412\8264120234\8264120234.npz,8264120234.npz,0,train
8505,data\raw\daisee\test\826412\8264120239\8264120239.npz,8264120239.npz,1,train
8506,data\raw\daisee\test\826412\826412024\826412024.npz,826412024.npz,0,val
8507,data\raw\daisee\test\826412\8264120240\8264120240.npz,8264120240.npz,1,train
8508,data\raw\daisee\test\826412\8264120241\8264120241.npz,8264120241.npz,1,train
8509,data\raw\daisee\test\826412\8264120242\8264120242.npz,8264120242.npz,0,test
8510,data\raw\daisee\test\826412\8264120243\8264120243.npz,8264120243.npz,1,test
8511,data\raw\daisee\test\826412\8264120245\8264120245.npz,8264120245.npz,1,val
8512,data\raw\daisee\test\826412\8264120247\8264120247.npz,8264120247.npz,1,train
8513,data\raw\daisee\test\826412\8264120248\8264120248.npz,8264120248.npz,1,train
8514,data\raw\daisee\test\826412\8264120249\8264120249.npz,8264120249.npz,1,val
8515,data\raw\daisee\test\826412\826412025\826412025.npz,826412025.npz,1,train
8516,data\raw\daisee\test\826412\8264120254\8264120254.npz,8264120254.npz,1,train
8517,data\raw\daisee\test\826412\8264120256\8264120256.npz,8264120256.npz,1,train
8518,data\raw\daisee\test\826412\8264120257\8264120257.npz,8264120257.npz,0,train
8519,data\raw\daisee\test\826412\8264120258\8264120258.npz,8264120258.npz,1,train
8520,data\raw\daisee\test\826412\8264120261\8264120261.npz,8264120261.npz,1,train
8521,data\raw\daisee\test\826412\8264120262\8264120262.npz,8264120262.npz,1,train
8522,data\raw\daisee\test\826412\8264120263\8264120263.npz,8264120263.npz,1,train
8523,data\raw\daisee\test\826412\8264120265\8264120265.npz,8264120265.npz,1,train
8524,data\raw\daisee\test\826412\8264120266\8264120266.npz,8264120266.npz,1,val
8525,data\raw\daisee\test\826412\8264120268\8264120268.npz,8264120268.npz,1,train
8526,data\raw\daisee\test\826412\8264120269\8264120269.npz,8264120269.npz,1,train
8527,data\raw\daisee\test\826412\826412027\826412027.npz,826412027.npz,0,test
8528,data\raw\daisee\test\826412\8264120274\8264120274.npz,8264120274.npz,0,train
8529,data\raw\daisee\test\826412\8264120275\8264120275.npz,8264120275.npz,0,train
8530,data\raw\daisee\test\826412\8264120279\8264120279.npz,8264120279.npz,1,train
8531,data\raw\daisee\test\826412\8264120280\8264120280.npz,8264120280.npz,0,train
8532,data\raw\daisee\test\826412\8264120282\8264120282.npz,8264120282.npz,1,train
8533,data\raw\daisee\test\826412\8264120284\8264120284.npz,8264120284.npz,1,val
8534,data\raw\daisee\test\882654\88265401100\88265401100.npz,88265401100.npz,0,train
8535,data\raw\daisee\test\882654\88265401130\88265401130.npz,88265401130.npz,0,val
8536,data\raw\daisee\test\882654\88265401140\88265401140.npz,88265401140.npz,0,train
8537,data\raw\daisee\test\882654\88265401150\88265401150.npz,88265401150.npz,0,train
8538,data\raw\daisee\test\882654\88265401160\88265401160.npz,88265401160.npz,0,train
8539,data\raw\daisee\test\882654\88265401170\88265401170.npz,88265401170.npz,0,train
8540,data\raw\daisee\test\882654\88265401190\88265401190.npz,88265401190.npz,0,train
8541,data\raw\daisee\test\882654\8826540120\8826540120.npz,8826540120.npz,0,train
8542,data\raw\daisee\test\882654\88265401200\88265401200.npz,88265401200.npz,0,test
8543,data\raw\daisee\test\882654\88265401240\88265401240.npz,88265401240.npz,0,val
8544,data\raw\daisee\test\882654\88265401260\88265401260.npz,88265401260.npz,0,test
8545,data\raw\daisee\test\882654\88265401270\88265401270.npz,88265401270.npz,0,train
8546,data\raw\daisee\test\882654\88265401280\88265401280.npz,88265401280.npz,0,val
8547,data\raw\daisee\test\882654\88265401300\88265401300.npz,88265401300.npz,0,train
8548,data\raw\daisee\test\882654\88265401320\88265401320.npz,88265401320.npz,0,train
8549,data\raw\daisee\test\882654\88265401350\88265401350.npz,88265401350.npz,0,test
8550,data\raw\daisee\test\882654\88265401360\88265401360.npz,88265401360.npz,0,test
8551,data\raw\daisee\test\882654\88265401380\88265401380.npz,88265401380.npz,0,train
8552,data\raw\daisee\test\882654\88265401390\88265401390.npz,88265401390.npz,0,train
8553,data\raw\daisee\test\882654\88265401400\88265401400.npz,88265401400.npz,0,test
8554,data\raw\daisee\test\882654\88265401410\88265401410.npz,88265401410.npz,0,train
8555,data\raw\daisee\test\882654\88265401420\88265401420.npz,88265401420.npz,0,train
8556,data\raw\daisee\test\882654\88265401430\88265401430.npz,88265401430.npz,0,val
8557,data\raw\daisee\test\882654\88265401450\88265401450.npz,88265401450.npz,0,train
8558,data\raw\daisee\test\882654\88265401470\88265401470.npz,88265401470.npz,0,train
8559,data\raw\daisee\test\882654\88265401480\88265401480.npz,88265401480.npz,0,train
8560,data\raw\daisee\test\882654\88265401490\88265401490.npz,88265401490.npz,0,val
8561,data\raw\daisee\test\882654\8826540150\8826540150.npz,8826540150.npz,0,train
8562,data\raw\daisee\test\882654\88265401520\88265401520.npz,88265401520.npz,0,train
8563,data\raw\daisee\test\882654\88265401550\88265401550.npz,88265401550.npz,0,val
8564,data\raw\daisee\test\882654\88265401630\88265401630.npz,88265401630.npz,0,test
8565,data\raw\daisee\test\882654\88265401640\88265401640.npz,88265401640.npz,0,val
8566,data\raw\daisee\test\882654\88265401660\88265401660.npz,88265401660.npz,0,train
8567,data\raw\daisee\test\882654\88265401690\88265401690.npz,88265401690.npz,0,train
8568,data\raw\daisee\test\882654\8826540170\8826540170.npz,8826540170.npz,0,train
8569,data\raw\daisee\test\882654\88265401730\88265401730.npz,88265401730.npz,0,train
8570,data\raw\daisee\test\882654\88265401740\88265401740.npz,88265401740.npz,0,test
8571,data\raw\daisee\test\882654\8826540180\8826540180.npz,8826540180.npz,0,train
8572,data\raw\daisee\test\882654\88265402120\88265402120.npz,88265402120.npz,0,train
8573,data\raw\daisee\test\882654\88265402150\88265402150.npz,88265402150.npz,0,val
8574,data\raw\daisee\test\882654\88265402160\88265402160.npz,88265402160.npz,0,train
8575,data\raw\daisee\test\882654\88265402170\88265402170.npz,88265402170.npz,0,train
8576,data\raw\daisee\test\882654\88265402180\88265402180.npz,88265402180.npz,0,test
8577,data\raw\daisee\test\882654\88265402190\88265402190.npz,88265402190.npz,0,val
8578,data\raw\daisee\test\882654\88265402200\88265402200.npz,88265402200.npz,0,test
8579,data\raw\daisee\test\882654\88265402230\88265402230.npz,88265402230.npz,0,test
8580,data\raw\daisee\test\882654\88265402240\88265402240.npz,88265402240.npz,0,train
8581,data\raw\daisee\test\882654\88265402270\88265402270.npz,88265402270.npz,0,train
8582,data\raw\daisee\test\882654\8826540230\8826540230.npz,8826540230.npz,0,train
8583,data\raw\daisee\test\882654\88265402300\88265402300.npz,88265402300.npz,0,test
8584,data\raw\daisee\test\882654\88265402310\88265402310.npz,88265402310.npz,0,train
8585,data\raw\daisee\test\882654\88265402320\88265402320.npz,88265402320.npz,1,val
8586,data\raw\daisee\test\882654\88265402330\88265402330.npz,88265402330.npz,0,train
8587,data\raw\daisee\test\882654\88265402340\88265402340.npz,88265402340.npz,0,val
8588,data\raw\daisee\test\882654\88265402350\88265402350.npz,88265402350.npz,0,test
8589,data\raw\daisee\test\882654\88265402370\88265402370.npz,88265402370.npz,0,train
8590,data\raw\daisee\test\882654\88265402380\88265402380.npz,88265402380.npz,0,val
8591,data\raw\daisee\test\882654\8826540240\8826540240.npz,8826540240.npz,0,train
8592,data\raw\daisee\test\882654\88265402400\88265402400.npz,88265402400.npz,0,train
8593,data\raw\daisee\test\882654\88265402420\88265402420.npz,88265402420.npz,0,train
8594,data\raw\daisee\test\882654\88265402440\88265402440.npz,88265402440.npz,0,train
8595,data\raw\daisee\test\882654\88265402450\88265402450.npz,88265402450.npz,0,train
8596,data\raw\daisee\test\882654\88265402480\88265402480.npz,88265402480.npz,0,train
8597,data\raw\daisee\test\882654\88265402490\88265402490.npz,88265402490.npz,0,test
8598,data\raw\daisee\test\882654\88265402500\88265402500.npz,88265402500.npz,0,test
8599,data\raw\daisee\test\882654\88265402520\88265402520.npz,88265402520.npz,0,train
8600,data\raw\daisee\test\882654\88265402540\88265402540.npz,88265402540.npz,0,test
8601,data\raw\daisee\test\882654\88265402570\88265402570.npz,88265402570.npz,0,train
8602,data\raw\daisee\test\882654\88265402580\88265402580.npz,88265402580.npz,0,val
8603,data\raw\daisee\test\882654\88265402590\88265402590.npz,88265402590.npz,0,train
8604,data\raw\daisee\test\882654\8826540260\8826540260.npz,8826540260.npz,1,test
8605,data\raw\daisee\test\882654\88265402600\88265402600.npz,88265402600.npz,0,val
8606,data\raw\daisee\test\882654\88265402630\88265402630.npz,88265402630.npz,0,val
8607,data\raw\daisee\test\882654\88265402660\88265402660.npz,88265402660.npz,0,train
8608,data\raw\daisee\test\882654\88265402690\88265402690.npz,88265402690.npz,0,train
8609,data\raw\daisee\test\882654\8826540270\8826540270.npz,8826540270.npz,0,train
8610,data\raw\daisee\test\882654\88265402700\88265402700.npz,88265402700.npz,0,train
8611,data\raw\daisee\test\882654\88265402770\88265402770.npz,88265402770.npz,0,val
8612,data\raw\daisee\test\882654\88265402780\88265402780.npz,88265402780.npz,0,train
8613,data\raw\daisee\test\882654\88265402790\88265402790.npz,88265402790.npz,1,train
8614,data\raw\daisee\test\882654\8826540280\8826540280.npz,8826540280.npz,0,train
8615,data\raw\daisee\test\882654\88265402800\88265402800.npz,88265402800.npz,0,train
8616,data\raw\daisee\test\882654\88265402810\88265402810.npz,88265402810.npz,0,train
8617,data\raw\daisee\test\882654\88265402820\88265402820.npz,88265402820.npz,0,test
8618,data\raw\daisee\test\882654\88265402840\88265402840.npz,88265402840.npz,0,train
8619,data\raw\daisee\test\882654\88265402850\88265402850.npz,88265402850.npz,0,train
8620,data\raw\daisee\test\882654\88265402880\88265402880.npz,88265402880.npz,0,train
8621,data\raw\daisee\test\882654\88265402890\88265402890.npz,88265402890.npz,0,train
8622,data\raw\daisee\test\882654\8826540290\8826540290.npz,8826540290.npz,0,train
8623,data\raw\daisee\test\882654\88265402900\88265402900.npz,88265402900.npz,0,train
8624,data\raw\daisee\test\907001\907001100\907001100.npz,907001100.npz,0,train
8625,data\raw\daisee\test\907001\9070011010\9070011010.npz,9070011010.npz,0,train
8626,data\raw\daisee\test\907001\9070011020\9070011020.npz,9070011020.npz,0,train
8627,data\raw\daisee\test\907001\9070011060\9070011060.npz,9070011060.npz,0,train
8628,data\raw\daisee\test\907001\9070011090\9070011090.npz,9070011090.npz,0,train
8629,data\raw\daisee\test\907001\907001110\907001110.npz,907001110.npz,0,train
8630,data\raw\daisee\test\907001\9070011110\9070011110.npz,9070011110.npz,0,train
8631,data\raw\daisee\test\907001\907001120\907001120.npz,907001120.npz,1,train
8632,data\raw\daisee\test\907001\907001150\907001150.npz,907001150.npz,0,train
8633,data\raw\daisee\test\907001\907001160\907001160.npz,907001160.npz,0,train
8634,data\raw\daisee\test\907001\907001170\907001170.npz,907001170.npz,0,val
8635,data\raw\daisee\test\907001\907001180\907001180.npz,907001180.npz,0,train
8636,data\raw\daisee\test\907001\907001210\907001210.npz,907001210.npz,0,test
8637,data\raw\daisee\test\907001\907001220\907001220.npz,907001220.npz,0,train
8638,data\raw\daisee\test\907001\907001240\907001240.npz,907001240.npz,0,train
8639,data\raw\daisee\test\907001\907001270\907001270.npz,907001270.npz,0,train
8640,data\raw\daisee\test\907001\907001280\907001280.npz,907001280.npz,0,train
8641,data\raw\daisee\test\907001\907001310\907001310.npz,907001310.npz,0,train
8642,data\raw\daisee\test\907001\907001340\907001340.npz,907001340.npz,0,val
8643,data\raw\daisee\test\907001\907001350\907001350.npz,907001350.npz,0,val
8644,data\raw\daisee\test\907001\907001360\907001360.npz,907001360.npz,0,train
8645,data\raw\daisee\test\907001\907001370\907001370.npz,907001370.npz,0,train
8646,data\raw\daisee\test\907001\907001400\907001400.npz,907001400.npz,0,train
8647,data\raw\daisee\test\907001\907001430\907001430.npz,907001430.npz,1,train
8648,data\raw\daisee\test\907001\907001450\907001450.npz,907001450.npz,0,train
8649,data\raw\daisee\test\907001\907001480\907001480.npz,907001480.npz,1,train
8650,data\raw\daisee\test\907001\907001490\907001490.npz,907001490.npz,0,val
8651,data\raw\daisee\test\907001\90700150\90700150.npz,90700150.npz,0,test
8652,data\raw\daisee\test\907001\907001500\907001500.npz,907001500.npz,0,val
8653,data\raw\daisee\test\907001\907001520\907001520.npz,907001520.npz,0,val
8654,data\raw\daisee\test\907001\907001550\907001550.npz,907001550.npz,0,train
8655,data\raw\daisee\test\907001\907001560\907001560.npz,907001560.npz,0,train
8656,data\raw\daisee\test\907001\907001570\907001570.npz,907001570.npz,0,train
8657,data\raw\daisee\test\907001\907001580\907001580.npz,907001580.npz,0,train
8658,data\raw\daisee\test\907001\90700160\90700160.npz,90700160.npz,0,test
8659,data\raw\daisee\test\907001\907001600\907001600.npz,907001600.npz,0,train
8660,data\raw\daisee\test\907001\907001620\907001620.npz,907001620.npz,0,test
8661,data\raw\daisee\test\907001\907001650\907001650.npz,907001650.npz,0,train
8662,data\raw\daisee\test\907001\907001670\907001670.npz,907001670.npz,0,train
8663,data\raw\daisee\test\907001\907001680\907001680.npz,907001680.npz,0,train
8664,data\raw\daisee\test\907001\90700170\90700170.npz,90700170.npz,0,val
8665,data\raw\daisee\test\907001\907001730\907001730.npz,907001730.npz,0,train
8666,data\raw\daisee\test\907001\907001740\907001740.npz,907001740.npz,0,train
8667,data\raw\daisee\test\907001\907001780\907001780.npz,907001780.npz,0,train
8668,data\raw\daisee\test\907001\907001790\907001790.npz,907001790.npz,0,train
8669,data\raw\daisee\test\907001\90700180\90700180.npz,90700180.npz,0,train
8670,data\raw\daisee\test\907001\907001820\907001820.npz,907001820.npz,0,val
8671,data\raw\daisee\test\907001\907001840\907001840.npz,907001840.npz,0,train
8672,data\raw\daisee\test\907001\907001850\907001850.npz,907001850.npz,0,train
8673,data\raw\daisee\test\907001\907001860\907001860.npz,907001860.npz,0,test
8674,data\raw\daisee\test\907001\90700190\90700190.npz,90700190.npz,0,train
8675,data\raw\daisee\test\907001\907001910\907001910.npz,907001910.npz,0,train
8676,data\raw\daisee\test\907001\907001940\907001940.npz,907001940.npz,0,train
8677,data\raw\daisee\test\907001\907001950\907001950.npz,907001950.npz,1,train
8678,data\raw\daisee\test\907001\907001970\907001970.npz,907001970.npz,0,train
8679,data\raw\daisee\test\928901\9289010111\9289010111.npz,9289010111.npz,0,val
8680,data\raw\daisee\test\928901\9289010112\9289010112.npz,9289010112.npz,0,test
8681,data\raw\daisee\test\928901\9289010113\9289010113.npz,9289010113.npz,0,train
8682,data\raw\daisee\test\928901\9289010114\9289010114.npz,9289010114.npz,1,test
8683,data\raw\daisee\test\928901\9289010115\9289010115.npz,9289010115.npz,0,test
8684,data\raw\daisee\test\928901\9289010117\9289010117.npz,9289010117.npz,0,train
8685,data\raw\daisee\test\928901\9289010118\9289010118.npz,9289010118.npz,0,train
8686,data\raw\daisee\test\928901\9289010119\9289010119.npz,9289010119.npz,0,test
8687,data\raw\daisee\test\928901\9289010120\9289010120.npz,9289010120.npz,0,train
8688,data\raw\daisee\test\928901\9289010121\9289010121.npz,9289010121.npz,0,train
8689,data\raw\daisee\test\928901\9289010127\9289010127.npz,9289010127.npz,0,val
8690,data\raw\daisee\test\928901\928901013\928901013.npz,928901013.npz,0,train
8691,data\raw\daisee\test\928901\9289010131\9289010131.npz,9289010131.npz,0,val
8692,data\raw\daisee\test\928901\9289010132\9289010132.npz,9289010132.npz,0,train
8693,data\raw\daisee\test\928901\9289010133\9289010133.npz,9289010133.npz,0,test
8694,data\raw\daisee\test\928901\9289010134\9289010134.npz,9289010134.npz,0,train
8695,data\raw\daisee\test\928901\9289010138\9289010138.npz,9289010138.npz,0,train
8696,data\raw\daisee\test\928901\9289010139\9289010139.npz,9289010139.npz,0,train
8697,data\raw\daisee\test\928901\9289010143\9289010143.npz,9289010143.npz,0,test
8698,data\raw\daisee\test\928901\9289010144\9289010144.npz,9289010144.npz,0,train
8699,data\raw\daisee\test\928901\9289010145\9289010145.npz,9289010145.npz,1,train
8700,data\raw\daisee\test\928901\9289010147\9289010147.npz,9289010147.npz,0,train
8701,data\raw\daisee\test\928901\9289010149\9289010149.npz,9289010149.npz,0,train
8702,data\raw\daisee\test\928901\9289010150\9289010150.npz,9289010150.npz,0,train
8703,data\raw\daisee\test\928901\9289010151\9289010151.npz,9289010151.npz,1,train
8704,data\raw\daisee\test\928901\9289010152\9289010152.npz,9289010152.npz,1,train
8705,data\raw\daisee\test\928901\9289010153\9289010153.npz,9289010153.npz,0,val
8706,data\raw\daisee\test\928901\9289010154\9289010154.npz,9289010154.npz,0,train
8707,data\raw\daisee\test\928901\9289010155\9289010155.npz,9289010155.npz,0,train
8708,data\raw\daisee\test\928901\9289010157\9289010157.npz,9289010157.npz,0,train
8709,data\raw\daisee\test\928901\9289010158\9289010158.npz,9289010158.npz,0,test
8710,data\raw\daisee\test\928901\928901016\928901016.npz,928901016.npz,1,train
8711,data\raw\daisee\test\928901\9289010160\9289010160.npz,9289010160.npz,0,val
8712,data\raw\daisee\test\928901\9289010161\9289010161.npz,9289010161.npz,0,test
8713,data\raw\daisee\test\928901\9289010163\9289010163.npz,9289010163.npz,0,train
8714,data\raw\daisee\test\928901\9289010166\9289010166.npz,9289010166.npz,0,train
8715,data\raw\daisee\test\928901\9289010167\9289010167.npz,9289010167.npz,0,train
8716,data\raw\daisee\test\928901\928901018\928901018.npz,928901018.npz,0,train
8717,data\raw\daisee\test\928901\9289010210\9289010210.npz,9289010210.npz,0,train
8718,data\raw\daisee\test\928901\9289010211\9289010211.npz,9289010211.npz,0,train
8719,data\raw\daisee\test\928901\9289010216\9289010216.npz,9289010216.npz,0,train
8720,data\raw\daisee\test\928901\9289010221\9289010221.npz,9289010221.npz,0,train
8721,data\raw\daisee\test\928901\9289010222\9289010222.npz,9289010222.npz,0,train
8722,data\raw\daisee\test\928901\9289010223\9289010223.npz,9289010223.npz,0,val
8723,data\raw\daisee\test\928901\9289010227\9289010227.npz,9289010227.npz,0,train
8724,data\raw\daisee\test\928901\9289010229\9289010229.npz,9289010229.npz,0,val
8725,data\raw\daisee\test\928901\928901023\928901023.npz,928901023.npz,0,test
8726,data\raw\daisee\test\928901\9289010230\9289010230.npz,9289010230.npz,0,train
8727,data\raw\daisee\test\928901\9289010231\9289010231.npz,9289010231.npz,0,val
8728,data\raw\daisee\test\928901\9289010232\9289010232.npz,9289010232.npz,0,val
8729,data\raw\daisee\test\928901\9289010233\9289010233.npz,9289010233.npz,0,train
8730,data\raw\daisee\test\928901\9289010235\9289010235.npz,9289010235.npz,0,train
8731,data\raw\daisee\test\928901\9289010242\9289010242.npz,9289010242.npz,0,test
8732,data\raw\daisee\test\928901\9289010243\9289010243.npz,9289010243.npz,0,test
8733,data\raw\daisee\test\928901\9289010244\9289010244.npz,9289010244.npz,0,val
8734,data\raw\daisee\test\928901\9289010245\9289010245.npz,9289010245.npz,0,val
8735,data\raw\daisee\test\928901\9289010248\9289010248.npz,9289010248.npz,0,val
8736,data\raw\daisee\test\928901\9289010249\9289010249.npz,9289010249.npz,0,train
8737,data\raw\daisee\test\928901\928901025\928901025.npz,928901025.npz,0,train
8738,data\raw\daisee\test\928901\9289010250\9289010250.npz,9289010250.npz,0,val
8739,data\raw\daisee\test\928901\9289010251\9289010251.npz,9289010251.npz,0,train
8740,data\raw\daisee\test\928901\9289010253\9289010253.npz,9289010253.npz,0,train
8741,data\raw\daisee\test\928901\9289010254\9289010254.npz,9289010254.npz,0,train
8742,data\raw\daisee\test\928901\9289010257\9289010257.npz,9289010257.npz,0,train
8743,data\raw\daisee\test\928901\9289010259\9289010259.npz,9289010259.npz,0,train
8744,data\raw\daisee\test\928901\928901026\928901026.npz,928901026.npz,0,train
8745,data\raw\daisee\test\928901\9289010261\9289010261.npz,9289010261.npz,0,train
8746,data\raw\daisee\test\928901\9289010262\9289010262.npz,9289010262.npz,0,train
8747,data\raw\daisee\test\928901\9289010263\9289010263.npz,9289010263.npz,1,val
8748,data\raw\daisee\test\928901\9289010265\9289010265.npz,9289010265.npz,0,train
8749,data\raw\daisee\test\928901\9289010266\9289010266.npz,9289010266.npz,0,train
8750,data\raw\daisee\test\928901\9289010267\9289010267.npz,9289010267.npz,0,train
8751,data\raw\daisee\test\928901\9289010268\9289010268.npz,9289010268.npz,0,train
8752,data\raw\daisee\test\928901\9289010269\9289010269.npz,9289010269.npz,0,train
8753,data\raw\daisee\test\928901\9289010270\9289010270.npz,9289010270.npz,0,train
8754,data\raw\daisee\test\928901\9289010271\9289010271.npz,9289010271.npz,1,val
8755,data\raw\daisee\test\928901\9289010273\9289010273.npz,9289010273.npz,0,train
8756,data\raw\daisee\test\928901\9289010274\9289010274.npz,9289010274.npz,0,train
8757,data\raw\daisee\test\928901\9289010275\9289010275.npz,9289010275.npz,0,train
8758,data\raw\daisee\test\928901\9289010276\9289010276.npz,9289010276.npz,1,train
8759,data\raw\daisee\test\928901\9289010278\9289010278.npz,9289010278.npz,1,train
8760,data\raw\daisee\test\928901\928901028\928901028.npz,928901028.npz,0,train
8761,data\raw\daisee\test\928901\928901029\928901029.npz,928901029.npz,0,train
8762,data\raw\daisee\test\940328\940328011\940328011.npz,940328011.npz,0,test
8763,data\raw\daisee\test\940328\9403280110\9403280110.npz,9403280110.npz,0,train
8764,data\raw\daisee\test\940328\9403280112\9403280112.npz,9403280112.npz,0,train
8765,data\raw\daisee\test\940328\9403280114\9403280114.npz,9403280114.npz,1,test
8766,data\raw\daisee\test\940328\9403280115\9403280115.npz,9403280115.npz,0,train
8767,data\raw\daisee\test\940328\9403280116\9403280116.npz,9403280116.npz,0,train
8768,data\raw\daisee\test\940328\9403280117\9403280117.npz,9403280117.npz,0,val
8769,data\raw\daisee\test\940328\940328012\940328012.npz,940328012.npz,0,test
8770,data\raw\daisee\test\940328\9403280126\9403280126.npz,9403280126.npz,0,train
8771,data\raw\daisee\test\940328\9403280129\9403280129.npz,9403280129.npz,0,val
8772,data\raw\daisee\test\940328\9403280132\9403280132.npz,9403280132.npz,0,test
8773,data\raw\daisee\test\940328\9403280134\9403280134.npz,9403280134.npz,0,train
8774,data\raw\daisee\test\940328\9403280136\9403280136.npz,9403280136.npz,0,train
8775,data\raw\daisee\test\940328\9403280138\9403280138.npz,9403280138.npz,0,train
8776,data\raw\daisee\test\940328\940328014\940328014.npz,940328014.npz,0,train
8777,data\raw\daisee\test\940328\9403280140\9403280140.npz,9403280140.npz,0,train
8778,data\raw\daisee\test\940328\9403280143\9403280143.npz,9403280143.npz,0,test
8779,data\raw\daisee\test\940328\9403280145\9403280145.npz,9403280145.npz,0,val
8780,data\raw\daisee\test\940328\9403280146\9403280146.npz,9403280146.npz,1,train
8781,data\raw\daisee\test\940328\9403280147\9403280147.npz,9403280147.npz,0,train
8782,data\raw\daisee\test\940328\9403280149\9403280149.npz,9403280149.npz,0,train
8783,data\raw\daisee\test\940328\9403280150\9403280150.npz,9403280150.npz,0,val
8784,data\raw\daisee\test\940328\9403280151\9403280151.npz,9403280151.npz,0,test
8785,data\raw\daisee\test\940328\9403280152\9403280152.npz,9403280152.npz,0,train
8786,data\raw\daisee\test\940328\9403280155\9403280155.npz,9403280155.npz,0,train
8787,data\raw\daisee\test\940328\9403280156\9403280156.npz,9403280156.npz,0,train
8788,data\raw\daisee\test\940328\9403280157\9403280157.npz,9403280157.npz,0,train
8789,data\raw\daisee\test\940328\9403280159\9403280159.npz,9403280159.npz,0,train
8790,data\raw\daisee\test\940328\940328016\940328016.npz,940328016.npz,0,train
8791,data\raw\daisee\test\940328\9403280164\9403280164.npz,9403280164.npz,0,test
8792,data\raw\daisee\test\940328\9403280165\9403280165.npz,9403280165.npz,1,train
8793,data\raw\daisee\test\940328\9403280167\9403280167.npz,9403280167.npz,0,train
8794,data\raw\daisee\test\940328\940328017\940328017.npz,940328017.npz,0,train
8795,data\raw\daisee\test\940328\940328018\940328018.npz,940328018.npz,0,val
8796,data\raw\daisee\test\940328\9403280212\9403280212.npz,9403280212.npz,0,train
8797,data\raw\daisee\test\940328\9403280213\9403280213.npz,9403280213.npz,0,test
8798,data\raw\daisee\test\940328\9403280217\9403280217.npz,9403280217.npz,0,train
8799,data\raw\daisee\test\940328\9403280218\9403280218.npz,9403280218.npz,0,train
8800,data\raw\daisee\test\940328\9403280219\9403280219.npz,9403280219.npz,0,train
8801,data\raw\daisee\test\940328\940328022\940328022.npz,940328022.npz,0,val
8802,data\raw\daisee\test\940328\9403280227\9403280227.npz,9403280227.npz,0,val
8803,data\raw\daisee\test\940328\9403280229\9403280229.npz,9403280229.npz,0,train
8804,data\raw\daisee\test\940328\9403280234\9403280234.npz,9403280234.npz,0,train
8805,data\raw\daisee\test\940328\9403280235\9403280235.npz,9403280235.npz,0,train
8806,data\raw\daisee\test\940328\9403280236\9403280236.npz,9403280236.npz,0,train
8807,data\raw\daisee\test\940328\9403280238\9403280238.npz,9403280238.npz,0,val
8808,data\raw\daisee\test\940328\9403280241\9403280241.npz,9403280241.npz,0,train
8809,data\raw\daisee\test\940328\9403280243\9403280243.npz,9403280243.npz,0,train
8810,data\raw\daisee\test\940328\9403280245\9403280245.npz,9403280245.npz,0,train
8811,data\raw\daisee\test\940328\9403280246\9403280246.npz,9403280246.npz,0,train
8812,data\raw\daisee\test\940328\9403280247\9403280247.npz,9403280247.npz,0,train
8813,data\raw\daisee\test\940328\9403280249\9403280249.npz,9403280249.npz,0,train
8814,data\raw\daisee\test\940328\9403280250\9403280250.npz,9403280250.npz,0,train
8815,data\raw\daisee\test\940328\9403280251\9403280251.npz,9403280251.npz,0,train
8816,data\raw\daisee\test\940328\9403280254\9403280254.npz,9403280254.npz,0,train
8817,data\raw\daisee\test\940328\9403280255\9403280255.npz,9403280255.npz,0,train
8818,data\raw\daisee\test\940328\9403280256\9403280256.npz,9403280256.npz,0,train
8819,data\raw\daisee\test\940328\9403280259\9403280259.npz,9403280259.npz,0,train
8820,data\raw\daisee\test\940328\9403280260\9403280260.npz,9403280260.npz,0,val
8821,data\raw\daisee\test\940328\9403280262\9403280262.npz,9403280262.npz,0,train
8822,data\raw\daisee\test\940328\9403280265\9403280265.npz,9403280265.npz,0,test
8823,data\raw\daisee\test\940328\9403280266\9403280266.npz,9403280266.npz,0,train
8824,data\raw\daisee\test\940328\9403280271\9403280271.npz,9403280271.npz,1,val
8825,data\raw\daisee\test\940328\9403280272\9403280272.npz,9403280272.npz,0,train
8826,data\raw\daisee\test\940328\9403280273\9403280273.npz,9403280273.npz,0,test
8827,data\raw\daisee\test\940328\9403280277\9403280277.npz,9403280277.npz,0,val
8828,data\raw\daisee\test\940328\9403280279\9403280279.npz,9403280279.npz,0,val
8829,data\raw\daisee\test\987736\9877360111\9877360111.npz,9877360111.npz,0,train
8830,data\raw\daisee\test\987736\9877360113\9877360113.npz,9877360113.npz,0,val
8831,data\raw\daisee\test\987736\9877360114\9877360114.npz,9877360114.npz,0,train
8832,data\raw\daisee\test\987736\9877360115\9877360115.npz,9877360115.npz,0,train
8833,data\raw\daisee\test\987736\9877360116\9877360116.npz,9877360116.npz,0,train
8834,data\raw\daisee\test\987736\9877360117\9877360117.npz,9877360117.npz,0,test
8835,data\raw\daisee\test\987736\9877360120\9877360120.npz,9877360120.npz,1,train
8836,data\raw\daisee\test\987736\9877360121\9877360121.npz,9877360121.npz,0,val
8837,data\raw\daisee\test\987736\9877360124\9877360124.npz,9877360124.npz,0,val
8838,data\raw\daisee\test\987736\9877360125\9877360125.npz,9877360125.npz,0,train
8839,data\raw\daisee\test\987736\9877360126\9877360126.npz,9877360126.npz,0,train
8840,data\raw\daisee\test\987736\9877360127\9877360127.npz,9877360127.npz,0,train
8841,data\raw\daisee\test\987736\9877360128\9877360128.npz,9877360128.npz,0,train
8842,data\raw\daisee\test\987736\9877360130\9877360130.npz,9877360130.npz,0,test
8843,data\raw\daisee\test\987736\9877360131\9877360131.npz,9877360131.npz,1,train
8844,data\raw\daisee\test\987736\9877360132\9877360132.npz,9877360132.npz,0,train
8845,data\raw\daisee\test\987736\9877360133\9877360133.npz,9877360133.npz,1,train
8846,data\raw\daisee\test\987736\9877360134\9877360134.npz,9877360134.npz,0,train
8847,data\raw\daisee\test\987736\9877360135\9877360135.npz,9877360135.npz,0,train
8848,data\raw\daisee\test\987736\9877360138\9877360138.npz,9877360138.npz,0,train
8849,data\raw\daisee\test\987736\987736014\987736014.npz,987736014.npz,0,train
8850,data\raw\daisee\test\987736\9877360140\9877360140.npz,9877360140.npz,0,train
8851,data\raw\daisee\test\987736\9877360141\9877360141.npz,9877360141.npz,0,train
8852,data\raw\daisee\test\987736\9877360143\9877360143.npz,9877360143.npz,0,train
8853,data\raw\daisee\test\987736\9877360147\9877360147.npz,9877360147.npz,0,val
8854,data\raw\daisee\test\987736\9877360149\9877360149.npz,9877360149.npz,0,train
8855,data\raw\daisee\test\987736\987736015\987736015.npz,987736015.npz,0,train
8856,data\raw\daisee\test\987736\9877360151\9877360151.npz,9877360151.npz,0,val
8857,data\raw\daisee\test\987736\9877360152\9877360152.npz,9877360152.npz,0,train
8858,data\raw\daisee\test\987736\9877360154\9877360154.npz,9877360154.npz,1,test
8859,data\raw\daisee\test\987736\9877360156\9877360156.npz,9877360156.npz,0,train
8860,data\raw\daisee\test\987736\9877360157\9877360157.npz,9877360157.npz,1,train
8861,data\raw\daisee\test\987736\9877360158\9877360158.npz,9877360158.npz,0,train
8862,data\raw\daisee\test\987736\9877360159\9877360159.npz,9877360159.npz,0,train
8863,data\raw\daisee\test\987736\987736016\987736016.npz,987736016.npz,0,train
8864,data\raw\daisee\test\987736\9877360163\9877360163.npz,9877360163.npz,0,train
8865,data\raw\daisee\test\987736\9877360164\9877360164.npz,9877360164.npz,0,test
8866,data\raw\daisee\test\987736\9877360165\9877360165.npz,9877360165.npz,0,train
8867,data\raw\daisee\test\987736\9877360166\9877360166.npz,9877360166.npz,0,train
8868,data\raw\daisee\test\987736\9877360168\9877360168.npz,9877360168.npz,0,val
8869,data\raw\daisee\test\987736\987736017\987736017.npz,987736017.npz,0,train
8870,data\raw\daisee\test\987736\9877360170\9877360170.npz,9877360170.npz,0,train
8871,data\raw\daisee\test\987736\9877360172\9877360172.npz,9877360172.npz,1,val
8872,data\raw\daisee\test\987736\9877360173\9877360173.npz,9877360173.npz,0,test
8873,data\raw\daisee\test\987736\9877360174\9877360174.npz,9877360174.npz,0,train
8874,data\raw\daisee\test\987736\9877360175\9877360175.npz,9877360175.npz,0,val
8875,data\raw\daisee\test\987736\9877360177\9877360177.npz,9877360177.npz,0,train
8876,data\raw\daisee\test\987736\987736018\987736018.npz,987736018.npz,0,train
8877,data\raw\daisee\test\987736\9877360180\9877360180.npz,9877360180.npz,0,train
8878,data\raw\daisee\test\987736\9877360181\9877360181.npz,9877360181.npz,0,val
8879,data\raw\daisee\test\987736\9877360182\9877360182.npz,9877360182.npz,0,val
8880,data\raw\daisee\test\987736\9877360183\9877360183.npz,9877360183.npz,0,train
8881,data\raw\daisee\test\987736\9877360184\9877360184.npz,9877360184.npz,0,train
8882,data\raw\daisee\test\987736\9877360185\9877360185.npz,9877360185.npz,0,train
8883,data\raw\daisee\test\987736\9877360210\9877360210.npz,9877360210.npz,0,train
8884,data\raw\daisee\test\987736\9877360212\9877360212.npz,9877360212.npz,0,test
8885,data\raw\daisee\test\987736\9877360213\9877360213.npz,9877360213.npz,0,test
8886,data\raw\daisee\test\987736\9877360215\9877360215.npz,9877360215.npz,0,val
8887,data\raw\daisee\test\987736\9877360217\9877360217.npz,9877360217.npz,0,train
8888,data\raw\daisee\test\987736\987736022\987736022.npz,987736022.npz,0,train
8889,data\raw\daisee\test\987736\9877360221\9877360221.npz,9877360221.npz,0,test
8890,data\raw\daisee\test\987736\9877360223\9877360223.npz,9877360223.npz,0,train
8891,data\raw\daisee\test\987736\9877360225\9877360225.npz,9877360225.npz,0,test
8892,data\raw\daisee\test\987736\9877360226\9877360226.npz,9877360226.npz,0,test
8893,data\raw\daisee\test\987736\9877360227\9877360227.npz,9877360227.npz,0,train
8894,data\raw\daisee\test\987736\9877360228\9877360228.npz,9877360228.npz,0,train
8895,data\raw\daisee\test\987736\9877360229\9877360229.npz,9877360229.npz,0,train
8896,data\raw\daisee\test\987736\9877360231\9877360231.npz,9877360231.npz,0,train
8897,data\raw\daisee\test\987736\9877360232\9877360232.npz,9877360232.npz,0,train
8898,data\raw\daisee\test\987736\9877360234\9877360234.npz,9877360234.npz,0,train
8899,data\raw\daisee\test\987736\9877360238\9877360238.npz,9877360238.npz,0,train
8900,data\raw\daisee\test\987736\9877360239\9877360239.npz,9877360239.npz,0,train
8901,data\raw\daisee\test\987736\987736024\987736024.npz,987736024.npz,1,train
8902,data\raw\daisee\test\987736\9877360240\9877360240.npz,9877360240.npz,0,val
8903,data\raw\daisee\test\987736\9877360241\9877360241.npz,9877360241.npz,0,train
8904,data\raw\daisee\test\987736\9877360242\9877360242.npz,9877360242.npz,0,val
8905,data\raw\daisee\test\987736\9877360247\9877360247.npz,9877360247.npz,0,test
8906,data\raw\daisee\test\987736\9877360248\9877360248.npz,9877360248.npz,0,train
8907,data\raw\daisee\test\987736\987736025\987736025.npz,987736025.npz,0,val
8908,data\raw\daisee\test\987736\9877360250\9877360250.npz,9877360250.npz,0,train
8909,data\raw\daisee\test\987736\9877360252\9877360252.npz,9877360252.npz,0,train
8910,data\raw\daisee\test\987736\9877360253\9877360253.npz,9877360253.npz,0,train
8911,data\raw\daisee\test\987736\9877360254\9877360254.npz,9877360254.npz,0,train
8912,data\raw\daisee\test\987736\9877360256\9877360256.npz,9877360256.npz,1,val
8913,data\raw\daisee\test\987736\9877360258\9877360258.npz,9877360258.npz,0,train
8914,data\raw\daisee\test\987736\9877360259\9877360259.npz,9877360259.npz,0,train
8915,data\raw\daisee\test\987736\9877360261\9877360261.npz,9877360261.npz,0,train
8916,data\raw\daisee\test\987736\9877360262\9877360262.npz,9877360262.npz,0,train
8917,data\raw\daisee\test\987736\9877360264\9877360264.npz,9877360264.npz,0,train
8918,data\raw\daisee\test\987736\987736027\987736027.npz,987736027.npz,0,train
8919,data\raw\daisee\test\987736\9877360270\9877360270.npz,9877360270.npz,1,train
8920,data\raw\daisee\test\987736\9877360271\9877360271.npz,9877360271.npz,0,train
8921,data\raw\daisee\test\987736\9877360273\9877360273.npz,9877360273.npz,0,train
8922,data\raw\daisee\test\987736\9877360279\9877360279.npz,9877360279.npz,0,train
8923,data\raw\daisee\test\987736\987736028\987736028.npz,987736028.npz,0,test
8924,data\raw\daisee\test\987736\9877360281\9877360281.npz,9877360281.npz,0,train
8925,data\raw\daisee\test\987736\987736029\987736029.npz,987736029.npz,0,train
8926,data\raw\daisee\test\998826\998826011\998826011.npz,998826011.npz,0,val
8927,data\raw\daisee\test\998826\9988260112\9988260112.npz,9988260112.npz,0,train
8928,data\raw\daisee\test\998826\9988260115\9988260115.npz,9988260115.npz,0,train
8929,data\raw\daisee\test\998826\9988260119\9988260119.npz,9988260119.npz,0,train
